mouse,275,0,1775546500440
mouse,276,0,1775546500443
mouse,277,2,1775546500450
mouse,280,2,1775546500457
mouse,283,3,1775546500464
mouse,286,5,1775546500471
mouse,288,6,1775546500478
mouse,292,7,1775546500485
mouse,296,9,1775546500492
mouse,301,10,1775546500499
mouse,305,12,1775546500506
mouse,310,14,1775546500512
mouse,315,16,1775546500520
mouse,320,18,1775546500527
mouse,325,20,1775546500533
mouse,329,22,1775546500540
mouse,336,25,1775546500547
mouse,340,27,1775546500554
mouse,347,30,1775546500561
mouse,353,32,1775546500568
mouse,360,35,1775546500575
mouse,366,38,1775546500582
mouse,373,42,1775546500589
mouse,383,46,1775546500597
mouse,389,48,1775546500603
mouse,397,52,1775546500610
mouse,405,56,1775546500617
mouse,413,59,1775546500625
mouse,421,64,1775546500630
mouse,430,68,1775546500637
mouse,437,72,1775546500644
mouse,445,75,1775546500651
mouse,453,80,1775546500658
mouse,460,84,1775546500665
mouse,468,88,1775546500672
mouse,473,91,1775546500679
mouse,480,96,1775546500686
mouse,488,100,1775546500693
mouse,495,104,1775546500700
mouse,502,109,1775546500707
mouse,511,114,1775546500714
mouse,520,121,1775546500721
mouse,528,126,1775546500728
mouse,538,134,1775546500735
mouse,548,142,1775546500742
mouse,558,151,1775546500749
mouse,568,159,1775546500756
mouse,580,169,1775546500762
mouse,591,178,1775546500769
mouse,603,187,1775546500776
mouse,614,197,1775546500783
mouse,627,207,1775546500790
mouse,638,215,1775546500797
mouse,648,223,1775546500804
mouse,659,234,1775546500811
mouse,672,243,1775546500818
mouse,683,253,1775546500825
mouse,695,262,1775546500832
mouse,707,273,1775546500839
mouse,720,282,1775546500846
mouse,735,293,1775546500853
mouse,751,304,1775546500860
mouse,768,314,1775546500867
mouse,784,324,1775546500874
mouse,800,334,1775546500881
mouse,816,343,1775546500887
mouse,831,351,1775546500894
mouse,847,360,1775546500901
mouse,861,367,1775546500908
mouse,877,374,1775546500915
mouse,891,381,1775546500922
mouse,909,388,1775546500929
mouse,922,394,1775546500936
mouse,937,399,1775546500943
mouse,952,405,1775546500950
mouse,968,410,1775546500957
mouse,981,413,1775546500964
mouse,998,419,1775546500971
mouse,1012,426,1775546500978
mouse,1028,433,1775546500985
mouse,1044,438,1775546500992
mouse,1058,443,1775546500999
mouse,1072,449,1775546501006
mouse,1081,452,1775546501013
mouse,1087,454,1775546501020
mouse,1092,457,1775546501026
mouse,1092,458,1775546501033
mouse,1093,458,1775546501187
mouse,1096,458,1775546501193
mouse,1098,457,1775546501200
mouse,1100,455,1775546501207
mouse,1103,454,1775546501214
mouse,1105,452,1775546501221
mouse,1107,451,1775546501228
mouse,1108,449,1775546501235
mouse,1111,449,1775546501242
mouse,1112,447,1775546501249
mouse,1116,447,1775546501256
mouse,1120,446,1775546501263
mouse,1125,446,1775546501269
mouse,1132,446,1775546501276
mouse,1136,446,1775546501283
mouse,1144,446,1775546501290
mouse,1148,446,1775546501297
mouse,1152,446,1775546501304
mouse,1154,445,1775546501311
mouse,1156,444,1775546501318
mouse,1157,443,1775546501325
mouse,1158,442,1775546501332
mouse,1160,441,1775546501339
mouse,1160,440,1775546501347
mouse,1161,439,1775546501353
mouse,1162,438,1775546501360
mouse,1162,437,1775546501367
mouse,1162,436,1775546501374
mouse,1163,435,1775546501381
mouse,1163,434,1775546501388
mouse,1163,433,1775546501395
mouse,1164,431,1775546501402
mouse,1164,430,1775546501409
mouse,1164,429,1775546501417
mouse,1164,428,1775546501424
mouse,1164,427,1775546501431
mouse,1164,426,1775546501438
mouse,1164,425,1775546501448
mouse,1164,424,1775546501452
mouse,1164,423,1775546501457
mouse,1164,422,1775546501465
mouse,1164,421,1775546501478
mouse,1164,420,1775546501486
mouse,1164,419,1775546501492
mouse,1164,418,1775546501499
mouse,1163,418,1775546501506
mouse,1162,418,1775546501515
mouse,1162,417,1775546501520
mouse,1162,416,1775546501527
mouse,1161,415,1775546501534
mouse,1160,415,1775546501540
mouse,1160,414,1775546501547
mouse,1160,413,1775546501560
mouse,1159,413,1775546501564
mouse,1159,412,1775546501568
mouse,1158,411,1775546501575
mouse,1157,410,1775546501582
mouse,1156,410,1775546501589
mouse,1155,409,1775546501596
mouse,1154,408,1775546501603
mouse,1153,407,1775546501610
mouse,1152,406,1775546501617
mouse,1151,406,1775546501624
mouse,1149,406,1775546501631
mouse,1148,405,1775546501637
mouse,1147,403,1775546501644
mouse,1145,403,1775546501651
mouse,1144,402,1775546501658
mouse,1141,402,1775546501665
mouse,1139,400,1775546501672
mouse,1137,398,1775546501679
mouse,1134,398,1775546501686
mouse,1131,396,1775546501693
mouse,1127,394,1775546501700
mouse,1122,391,1775546501707
mouse,1118,390,1775546501714
mouse,1115,389,1775546501721
mouse,1112,388,1775546501728
mouse,1108,387,1775546501735
mouse,1104,386,1775546501742
mouse,1102,386,1775546501749
mouse,1098,385,1775546501755
mouse,1094,383,1775546501763
mouse,1090,382,1775546501770
mouse,1088,382,1775546501776
mouse,1083,381,1775546501783
mouse,1079,379,1775546501790
mouse,1073,378,1775546501797
mouse,1068,377,1775546501804
mouse,1063,376,1775546501811
mouse,1057,374,1775546501818
mouse,1052,373,1775546501825
mouse,1044,371,1775546501832
mouse,1038,371,1775546501839
mouse,1032,370,1775546501846
mouse,1027,369,1775546501853
mouse,1020,369,1775546501860
mouse,1015,368,1775546501867
mouse,1008,367,1775546501874
mouse,1002,366,1775546501881
mouse,996,366,1775546501888
mouse,990,364,1775546501895
mouse,983,364,1775546501902
mouse,976,363,1775546501909
mouse,970,362,1775546501915
mouse,964,362,1775546501922
mouse,958,361,1775546501929
mouse,952,360,1775546501936
mouse,944,359,1775546501943
mouse,936,358,1775546501950
mouse,926,356,1775546501957
mouse,919,355,1775546501964
mouse,912,354,1775546501971
mouse,904,354,1775546501978
mouse,897,353,1775546501985
mouse,891,351,1775546501992
mouse,884,350,1775546501999
mouse,880,350,1775546502006
mouse,876,350,1775546502013
mouse,872,349,1775546502020
mouse,868,348,1775546502026
mouse,865,348,1775546502033
mouse,864,348,1775546502040
mouse,863,347,1775546502047
mouse,861,347,1775546502054
mouse,861,346,1775546502061
mouse,860,346,1775546502068
mouse,859,346,1775546502112
mouse,858,346,1775546502123
mouse,857,346,1775546502166
mouse,856,345,1775546502186
mouse,855,345,1775546502197
mouse,854,345,1775546502200
mouse,852,344,1775546502207
mouse,850,343,1775546502214
mouse,847,342,1775546502221
mouse,844,342,1775546502228
mouse,840,342,1775546502235
mouse,837,341,1775546502242
mouse,833,340,1775546502249
mouse,829,339,1775546502256
mouse,825,338,1775546502263
mouse,820,338,1775546502270
mouse,818,338,1775546502277
mouse,815,338,1775546502284
mouse,812,337,1775546502290
mouse,810,337,1775546502298
mouse,808,336,1775546502304
mouse,808,335,1775546502800
mouse,808,334,1775546502808
mouse,807,334,1775546502811
mouse,806,334,1775546502822
mouse,805,334,1775546502825
mouse,804,334,1775546502832
mouse,803,333,1775546502839
mouse,802,332,1775546502846
mouse,800,332,1775546502853
mouse,799,331,1775546502860
mouse,798,330,1775546502867
mouse,796,330,1775546502874
mouse,795,330,1775546502881
mouse,795,329,1775546502888
mouse,794,329,1775546502895
mouse,793,329,1775546502902
mouse,792,329,1775546502912
mouse,792,328,1775546502939
mouse,791,328,1775546502948
mouse,790,327,1775546502964
mouse,789,327,1775546502971
mouse,788,326,1775546502978
mouse,786,326,1775546502985
mouse,784,326,1775546502992
mouse,782,325,1775546502999
mouse,780,324,1775546503006
mouse,777,323,1775546503013
mouse,775,322,1775546503019
mouse,772,322,1775546503026
mouse,769,320,1775546503034
mouse,765,318,1775546503041
mouse,760,317,1775546503047
mouse,756,315,1775546503054
mouse,751,312,1775546503061
mouse,743,309,1775546503068
mouse,733,306,1775546503075
mouse,722,301,1775546503082
mouse,708,296,1775546503089
mouse,693,291,1775546503096
mouse,679,286,1775546503103
mouse,664,281,1775546503110
mouse,649,277,1775546503117
mouse,635,272,1775546503124
mouse,620,268,1775546503130
mouse,605,264,1775546503137
mouse,590,258,1775546503144
mouse,576,250,1775546503151
mouse,563,245,1775546503158
mouse,554,242,1775546503165
mouse,548,242,1775546503172
mouse,548,243,1775546503180
mouse,549,244,1775546503186
mouse,554,247,1775546503193
mouse,554,254,1775546503200
mouse,552,254,1775546503342
mouse,551,254,1775546503346
mouse,545,252,1775546503353
mouse,538,250,1775546503360
mouse,531,246,1775546503367
mouse,524,243,1775546503374
mouse,517,240,1775546503380
mouse,510,237,1775546503387
mouse,503,233,1775546503394
mouse,493,229,1775546503401
mouse,480,224,1775546503408
mouse,466,218,1775546503415
mouse,450,211,1775546503422
mouse,436,206,1775546503429
mouse,420,198,1775546503436
mouse,402,190,1775546503443
mouse,387,182,1775546503450
mouse,372,174,1775546503457
mouse,360,168,1775546503464
mouse,347,162,1775546503471
mouse,336,156,1775546503478
mouse,325,150,1775546503485
mouse,313,145,1775546503492
mouse,304,140,1775546503499
mouse,293,136,1775546503506
mouse,282,131,1775546503512
mouse,272,127,1775546503519
mouse,262,123,1775546503526
mouse,252,120,1775546503533
mouse,244,117,1775546503540
mouse,237,115,1775546503547
mouse,229,114,1775546503554
mouse,224,112,1775546503561
mouse,220,111,1775546503568
mouse,215,110,1775546503575
mouse,212,109,1775546503582
mouse,208,108,1775546503590
mouse,205,107,1775546503596
mouse,203,106,1775546503603
mouse,200,106,1775546503610
mouse,198,106,1775546503617
mouse,195,104,1775546503624
mouse,193,104,1775546503631
mouse,190,102,1775546503638
mouse,188,102,1775546503644
mouse,187,101,1775546503651
mouse,184,100,1775546503658
mouse,182,98,1775546503665
mouse,179,98,1775546503672
mouse,175,96,1775546503680
mouse,172,95,1775546503686
mouse,168,94,1775546503693
mouse,164,92,1775546503700
mouse,160,91,1775546503707
mouse,156,90,1775546503714
mouse,153,89,1775546503721
mouse,151,88,1775546503728
mouse,148,88,1775546503735
mouse,147,86,1775546503742
mouse,145,86,1775546503749
mouse,144,85,1775546503756
mouse,142,84,1775546503763
mouse,140,83,1775546503770
mouse,138,82,1775546503776
mouse,136,80,1775546503783
mouse,132,78,1775546503791
mouse,130,78,1775546503797
mouse,125,75,1775546503804
mouse,121,73,1775546503811
mouse,117,70,1775546503818
mouse,111,68,1775546503825
mouse,105,66,1775546503832
mouse,100,63,1775546503839
mouse,94,62,1775546503846
mouse,89,60,1775546503853
mouse,84,58,1775546503860
mouse,80,56,1775546503867
mouse,76,54,1775546503874
mouse,72,54,1775546503880
mouse,68,52,1775546503887
mouse,65,50,1775546503894
mouse,61,50,1775546503902
mouse,59,49,1775546503908
mouse,56,48,1775546503915
mouse,53,47,1775546503922
mouse,50,47,1775546503930
mouse,48,46,1775546503936
mouse,45,46,1775546503943
mouse,43,46,1775546503950
mouse,40,46,1775546503957
mouse,37,46,1775546503964
mouse,36,46,1775546503971
mouse,35,46,1775546503981
mouse,34,46,1775546503986
mouse,33,46,1775546504044
mouse,32,46,1775546504061
mouse,30,46,1775546504082
mouse,29,46,1775546504103
mouse,28,45,1775546504110
mouse,26,44,1775546504117
mouse,24,43,1775546504125
mouse,22,43,1775546504131
mouse,20,42,1775546504138
mouse,17,41,1775546504146
mouse,16,39,1775546504151
mouse,13,39,1775546504158
mouse,11,38,1775546504165
mouse,8,38,1775546504172
mouse,7,36,1775546504180
mouse,6,36,1775546504186
mouse,4,35,1775546504193
mouse,4,34,1775546504214
mouse,2,34,1775546504221
mouse,1,34,1775546504229
mouse,0,34,1775546504249
mouse,1,34,1775546504552
mouse,2,34,1775546504557
mouse,3,34,1775546504564
mouse,3,33,1775546504569
mouse,4,33,1775546504576
mouse,5,33,1775546504596
mouse,7,33,1775546504603
mouse,8,33,1775546504610
mouse,8,32,1775546504619
mouse,11,32,1775546504625
mouse,12,32,1775546504631
mouse,13,32,1775546504638
mouse,15,32,1775546504645
mouse,16,32,1775546504652
mouse,18,32,1775546504658
mouse,20,31,1775546504665
mouse,22,31,1775546504672
mouse,24,31,1775546504679
mouse,26,31,1775546504686
mouse,29,31,1775546504693
mouse,32,31,1775546504700
mouse,36,31,1775546504707
mouse,38,31,1775546504714
mouse,41,31,1775546504721
mouse,44,31,1775546504728
mouse,46,31,1775546504735
mouse,48,31,1775546504742
mouse,49,31,1775546504749
mouse,50,31,1775546504756
mouse,52,31,1775546504763
mouse,53,31,1775546504771
mouse,54,31,1775546504776
mouse,56,31,1775546504784
mouse,57,31,1775546504791
mouse,59,31,1775546504797
mouse,60,31,1775546504804
mouse,64,31,1775546504811
mouse,66,31,1775546504818
mouse,68,31,1775546504825
mouse,72,31,1775546504832
mouse,75,31,1775546504839
mouse,78,31,1775546504846
mouse,80,31,1775546504853
mouse,84,31,1775546504860
mouse,86,31,1775546504867
mouse,88,32,1775546504874
mouse,91,32,1775546504881
mouse,92,32,1775546504888
mouse,93,32,1775546504894
mouse,93,33,1775546504901
mouse,94,33,1775546504908
mouse,95,33,1775546504919
mouse,96,33,1775546505116
mouse,97,33,1775546505125
mouse,98,33,1775546505134
mouse,99,33,1775546505138
mouse,100,33,1775546505148
mouse,101,33,1775546505154
mouse,102,33,1775546505163
mouse,103,33,1775546505166
mouse,104,33,1775546505172
mouse,105,33,1775546505179
mouse,106,33,1775546505186
mouse,108,33,1775546505193
mouse,109,33,1775546505200
mouse,111,33,1775546505207
mouse,112,33,1775546505214
mouse,113,33,1775546505221
mouse,114,33,1775546505229
mouse,115,33,1775546505235
mouse,116,33,1775546505256
mouse,117,33,1775546505286
mouse,118,33,1775546505304
mouse,119,33,1775546505311
mouse,120,33,1775546505321
mouse,122,32,1775546505339
mouse,123,32,1775546505346
mouse,124,32,1775546505353
mouse,125,31,1775546505360
mouse,126,31,1775546505367
mouse,127,31,1775546505374
mouse,128,31,1775546505395
mouse,128,30,1775546505402
mouse,129,30,1775546505428
mouse,130,30,1775546505433
mouse,130,29,1775546505438
mouse,131,29,1775546505448
mouse,131,28,1775546505464
mouse,130,28,1775546505680
mouse,129,28,1775546505711
mouse,128,28,1775546505734
mouse,128,29,1775546505736
mouse,126,29,1775546505756
mouse,124,30,1775546505763
mouse,122,30,1775546505770
mouse,120,30,1775546505777
mouse,118,32,1775546505784
mouse,116,33,1775546505790
mouse,114,33,1775546505797
mouse,111,35,1775546505804
mouse,108,35,1775546505811
mouse,105,37,1775546505818
mouse,104,38,1775546505825
mouse,101,39,1775546505832
mouse,99,41,1775546505839
mouse,96,42,1775546505846
mouse,95,42,1775546505853
mouse,92,44,1775546505860
mouse,90,45,1775546505867
mouse,88,46,1775546505874
mouse,86,47,1775546505881
mouse,83,49,1775546505888
mouse,80,50,1775546505894
mouse,78,50,1775546505901
mouse,76,52,1775546505908
mouse,73,53,1775546505915
mouse,71,54,1775546505922
mouse,69,54,1775546505929
mouse,68,55,1775546505936
mouse,66,57,1775546505943
mouse,64,57,1775546505950
mouse,64,58,1775546505957
mouse,62,58,1775546505964
mouse,61,59,1775546505971
mouse,60,59,1775546505978
mouse,60,60,1775546505985
mouse,58,61,1775546505992
mouse,58,62,1775546505999
mouse,57,62,1775546506006
mouse,56,62,1775546506013
mouse,55,62,1775546506020
mouse,54,63,1775546506026
mouse,53,64,1775546506033
mouse,52,65,1775546506040
mouse,52,66,1775546506052
mouse,51,66,1775546506055
mouse,50,66,1775546506062
mouse,49,66,1775546506082
mouse,48,66,1775546506105
mouse,48,67,1775546506124
mouse,48,68,1775546506145
mouse,47,68,1775546506154
mouse,46,68,1775546506159
mouse,45,68,1775546506170
mouse,45,69,1775546506173
mouse,44,69,1775546506180
mouse,44,70,1775546506187
mouse,43,70,1775546506194
mouse,42,70,1775546506200
mouse,41,70,1775546506207
mouse,40,70,1775546506214
mouse,39,71,1775546506221
mouse,37,72,1775546506228
mouse,36,72,1775546506235
mouse,35,73,1775546506242
mouse,34,73,1775546506249
mouse,32,74,1775546506256
mouse,31,74,1775546506264
mouse,30,74,1775546506271
mouse,29,74,1775546506276
mouse,28,74,1775546506283
mouse,27,75,1775546506290
mouse,25,75,1775546506297
mouse,24,76,1775546506304
mouse,23,76,1775546506311
mouse,22,76,1775546506318
mouse,20,76,1775546506325
mouse,19,76,1775546506338
mouse,19,77,1775546506345
mouse,18,77,1775546506360
mouse,17,77,1775546506372
mouse,16,77,1775546506400
mouse,15,78,1775546506419
mouse,14,78,1775546506427
mouse,13,78,1775546506430
mouse,10,78,1775546506437
mouse,8,78,1775546506443
mouse,7,78,1775546506450
mouse,5,78,1775546506457
mouse,4,78,1775546506479
mouse,4,79,1775546506487
mouse,5,79,1775546506661
mouse,6,79,1775546506666
mouse,7,79,1775546506673
mouse,8,79,1775546506680
mouse,10,78,1775546506686
mouse,11,78,1775546506693
mouse,12,78,1775546506700
mouse,14,77,1775546506707
mouse,16,77,1775546506714
mouse,17,77,1775546506721
mouse,20,77,1775546506728
mouse,21,77,1775546506735
mouse,24,77,1775546506743
mouse,26,77,1775546506749
mouse,28,77,1775546506757
mouse,30,77,1775546506763
mouse,32,77,1775546506770
mouse,35,77,1775546506776
mouse,38,77,1775546506784
mouse,40,77,1775546506790
mouse,42,77,1775546506798
mouse,44,77,1775546506804
mouse,46,77,1775546506811
mouse,48,77,1775546506819
mouse,49,77,1775546506829
mouse,50,77,1775546506838
mouse,51,77,1775546506843
mouse,52,77,1775546506854
mouse,53,77,1775546506861
mouse,54,77,1775546506870
mouse,55,77,1775546506874
mouse,56,77,1775546506881
mouse,57,77,1775546506888
mouse,59,77,1775546506895
mouse,60,77,1775546506902
mouse,62,76,1775546506909
mouse,64,76,1775546506916
mouse,67,76,1775546506922
mouse,69,75,1775546506930
mouse,70,75,1775546506936
mouse,72,75,1775546506943
mouse,73,75,1775546506950
mouse,74,75,1775546506957
mouse,75,75,1775546506964
mouse,76,75,1775546506974
mouse,77,75,1775546506996
mouse,77,74,1775546506999
mouse,79,74,1775546507019
mouse,80,74,1775546507034
mouse,79,74,1775546507262
mouse,78,74,1775546507263
mouse,77,74,1775546507283
mouse,76,74,1775546507291
mouse,75,74,1775546507302
mouse,74,74,1775546507304
mouse,73,74,1775546507313
mouse,72,74,1775546507319
mouse,72,75,1775546507326
mouse,70,75,1775546507332
mouse,69,75,1775546507339
mouse,68,76,1775546507346
mouse,66,76,1775546507353
mouse,65,76,1775546507362
mouse,64,77,1775546507367
mouse,63,78,1775546507374
mouse,61,78,1775546507381
mouse,60,78,1775546507388
mouse,58,78,1775546507395
mouse,57,79,1775546507401
mouse,56,80,1775546507409
mouse,54,80,1775546507416
mouse,52,81,1775546507422
mouse,50,81,1775546507429
mouse,49,82,1775546507436
mouse,47,82,1775546507443
mouse,46,82,1775546507450
mouse,44,83,1775546507457
mouse,40,83,1775546507464
mouse,39,84,1775546507471
mouse,36,85,1775546507478
mouse,35,86,1775546507486
mouse,33,86,1775546507492
mouse,32,87,1775546507499
mouse,30,87,1775546507506
mouse,28,88,1775546507513
mouse,27,88,1775546507521
mouse,26,89,1775546507526
mouse,25,90,1775546507535
mouse,24,90,1775546507540
mouse,24,91,1775546507551
mouse,23,91,1775546507555
mouse,23,92,1775546507561
mouse,22,93,1775546507583
mouse,21,94,1775546507593
mouse,20,94,1775546507596
mouse,20,95,1775546507617
mouse,19,95,1775546507624
mouse,19,96,1775546507631
mouse,18,96,1775546507643
mouse,17,97,1775546507658
mouse,17,98,1775546507665
mouse,16,98,1775546507672
mouse,16,99,1775546507700
mouse,16,100,1775546507708
mouse,15,100,1775546507717
mouse,15,101,1775546507721
mouse,13,102,1775546507728
mouse,12,102,1775546507735
mouse,11,102,1775546507743
mouse,11,103,1775546507749
mouse,10,103,1775546507756
mouse,8,104,1775546507763
mouse,8,105,1775546507784
mouse,8,106,1775546507894
mouse,9,106,1775546507900
mouse,10,106,1775546507903
mouse,11,106,1775546507910
mouse,12,106,1775546507916
mouse,13,106,1775546507923
mouse,14,106,1775546507929
mouse,16,106,1775546507936
mouse,19,106,1775546507944
mouse,21,107,1775546507950
mouse,24,108,1775546507957
mouse,29,108,1775546507964
mouse,34,108,1775546507971
mouse,40,110,1775546507978
mouse,47,110,1775546507985
mouse,53,110,1775546507992
mouse,60,112,1775546507999
mouse,68,113,1775546508006
mouse,75,114,1775546508013
mouse,82,114,1775546508020
mouse,88,116,1775546508026
mouse,93,117,1775546508033
mouse,97,118,1775546508040
mouse,101,118,1775546508048
mouse,104,118,1775546508054
mouse,105,118,1775546508061
mouse,106,118,1775546508068
mouse,107,118,1775546508075
mouse,108,118,1775546508157
mouse,109,118,1775546508385
mouse,110,118,1775546508401
mouse,111,118,1775546508409
mouse,112,118,1775546508418
mouse,113,118,1775546508423
mouse,114,118,1775546508429
mouse,116,118,1775546508437
mouse,118,118,1775546508443
mouse,121,118,1775546508450
mouse,124,118,1775546508457
mouse,128,118,1775546508464
mouse,134,118,1775546508471
mouse,139,119,1775546508478
mouse,146,121,1775546508485
mouse,153,122,1775546508492
mouse,160,123,1775546508499
mouse,168,125,1775546508506
mouse,176,126,1775546508514
mouse,184,127,1775546508519
mouse,192,130,1775546508526
mouse,200,131,1775546508533
mouse,209,134,1775546508540
mouse,217,136,1775546508547
mouse,226,138,1775546508554
mouse,233,141,1775546508561
mouse,242,143,1775546508568
mouse,252,146,1775546508575
mouse,261,148,1775546508582
mouse,270,152,1775546508589
mouse,280,154,1775546508596
mouse,290,158,1775546508603
mouse,298,161,1775546508610
mouse,307,163,1775546508617
mouse,315,166,1775546508624
mouse,324,169,1775546508631
mouse,331,172,1775546508638
mouse,340,174,1775546508646
mouse,346,177,1775546508651
mouse,354,178,1775546508658
mouse,359,181,1775546508665
mouse,365,183,1775546508672
mouse,370,186,1775546508679
mouse,376,188,1775546508686
mouse,381,190,1775546508693
mouse,386,192,1775546508700
mouse,390,194,1775546508707
mouse,396,195,1775546508714
mouse,400,198,1775546508721
mouse,405,200,1775546508728
mouse,410,202,1775546508735
mouse,415,204,1775546508742
mouse,420,206,1775546508749
mouse,424,209,1775546508756
mouse,428,211,1775546508763
mouse,433,214,1775546508770
mouse,436,215,1775546508776
mouse,440,218,1775546508783
mouse,442,219,1775546508790
mouse,446,222,1775546508798
mouse,448,222,1775546508804
mouse,450,224,1775546508811
mouse,453,226,1775546508818
mouse,456,228,1775546508825
mouse,459,230,1775546508833
mouse,460,232,1775546508839
mouse,463,234,1775546508846
mouse,466,236,1775546508853
mouse,468,238,1775546508860
mouse,470,240,1775546508867
mouse,472,242,1775546508874
mouse,475,244,1775546508881
mouse,477,246,1775546508887
mouse,479,248,1775546508894
mouse,480,250,1775546508901
mouse,481,251,1775546508908
mouse,482,252,1775546508915
mouse,484,254,1775546508922
mouse,487,258,1775546508929
mouse,490,260,1775546508936
mouse,492,262,1775546508943
mouse,496,266,1775546508950
mouse,501,270,1775546508957
mouse,507,273,1775546508964
mouse,512,275,1775546508971
mouse,516,278,1775546508978
mouse,521,280,1775546508985
mouse,525,282,1775546508992
mouse,529,284,1775546508999
mouse,532,285,1775546509006
mouse,533,286,1775546509013
mouse,535,287,1775546509020
mouse,536,288,1775546509027
mouse,537,289,1775546509034
mouse,538,289,1775546509040
mouse,539,290,1775546509048
mouse,540,290,1775546509054
mouse,541,290,1775546509061
mouse,542,291,1775546509068
mouse,543,292,1775546509075
mouse,544,292,1775546509082
mouse,545,292,1775546509103
mouse,546,292,1775546509240
mouse,547,292,1775546509256
mouse,548,292,1775546509277
mouse,549,292,1775546509284
mouse,551,293,1775546509292
mouse,553,294,1775546509298
mouse,556,294,1775546509304
mouse,560,294,1775546509311
mouse,562,296,1775546509318
mouse,565,297,1775546509325
mouse,569,298,1775546509332
mouse,573,299,1775546509339
mouse,576,299,1775546509346
mouse,579,300,1775546509353
mouse,580,300,1775546509360
mouse,582,300,1775546509367
mouse,583,300,1775546509433
mouse,583,301,1775546509437
mouse,584,301,1775546509443
mouse,585,301,1775546509450
mouse,587,301,1775546509457
mouse,588,301,1775546509465
mouse,589,301,1775546509471
mouse,591,301,1775546509478
mouse,591,302,1775546509485
mouse,592,302,1775546509492
mouse,593,302,1775546509555
mouse,595,302,1775546509561
mouse,597,302,1775546509568
mouse,600,303,1775546509575
mouse,604,304,1775546509582
mouse,608,305,1775546509589
mouse,613,306,1775546509596
mouse,617,308,1775546509603
mouse,623,309,1775546509610
mouse,628,310,1775546509617
mouse,634,312,1775546509624
mouse,640,314,1775546509631
mouse,646,315,1775546509638
mouse,651,317,1775546509644
mouse,656,318,1775546509652
mouse,661,319,1775546509659
mouse,665,321,1775546509665
mouse,669,322,1775546509672
mouse,672,322,1775546509679
mouse,675,323,1775546509686
mouse,677,324,1775546509693
mouse,680,324,1775546509700
mouse,680,325,1775546509707
mouse,681,325,1775546509775
mouse,682,324,1775546509794
mouse,683,324,1775546509811
mouse,684,323,1775546509818
mouse,684,322,1775546509825
mouse,685,322,1775546509846
mouse,685,321,1775546509853
mouse,685,320,1775546509860
mouse,686,318,1775546509867
mouse,687,318,1775546509874
mouse,688,317,1775546509882
mouse,688,316,1775546509888
mouse,688,315,1775546509895
mouse,688,314,1775546509901
mouse,688,313,1775546509910
mouse,688,312,1775546509915
mouse,688,311,1775546509922
mouse,688,310,1775546509929
mouse,688,308,1775546509936
mouse,688,306,1775546509943
mouse,687,304,1775546509950
mouse,685,300,1775546509957
mouse,684,298,1775546509964
mouse,680,294,1775546509971
mouse,676,290,1775546509978
mouse,673,286,1775546509985
mouse,669,281,1775546509992
mouse,664,278,1775546509999
mouse,662,274,1775546510006
mouse,659,270,1775546510012
mouse,656,266,1775546510020
mouse,652,263,1775546510026
mouse,648,260,1775546510033
mouse,646,258,1775546510040
mouse,643,256,1775546510047
mouse,642,255,1775546510054
mouse,640,254,1775546510061
mouse,638,254,1775546510068
mouse,638,253,1775546510076
mouse,639,253,1775546510117
mouse,642,253,1775546510125
mouse,647,255,1775546510132
mouse,649,256,1775546510138
mouse,654,258,1775546510145
mouse,658,259,1775546510151
mouse,663,262,1775546510158
mouse,667,263,1775546510165
mouse,669,264,1775546510172
mouse,672,266,1775546510179
mouse,673,266,1775546510186
mouse,675,266,1775546510193
mouse,676,268,1775546510200
mouse,678,269,1775546510207
mouse,680,270,1775546510214
mouse,683,271,1775546510221
mouse,688,274,1775546510228
mouse,692,275,1775546510235
mouse,699,278,1775546510242
mouse,704,279,1775546510249
mouse,712,282,1775546510256
mouse,718,284,1775546510263
mouse,727,285,1775546510269
mouse,735,287,1775546510276
mouse,744,289,1775546510283
mouse,755,291,1775546510290
mouse,766,294,1775546510297
mouse,776,296,1775546510304
mouse,787,298,1775546510311
mouse,800,301,1775546510318
mouse,809,302,1775546510325
mouse,817,304,1775546510332
mouse,826,305,1775546510339
mouse,833,306,1775546510346
mouse,838,306,1775546510353
mouse,842,306,1775546510360
mouse,845,306,1775546510367
mouse,846,306,1775546510374
mouse,848,306,1775546510381
mouse,849,306,1775546510572
mouse,850,306,1775546510576
mouse,852,306,1775546510582
mouse,853,306,1775546510589
mouse,856,306,1775546510596
mouse,857,306,1775546510603
mouse,860,306,1775546510610
mouse,862,306,1775546510617
mouse,865,306,1775546510624
mouse,868,306,1775546510631
mouse,873,306,1775546510638
mouse,877,307,1775546510645
mouse,884,309,1775546510652
mouse,888,309,1775546510659
mouse,896,310,1775546510665
mouse,901,311,1775546510672
mouse,907,311,1775546510679
mouse,911,311,1775546510686
mouse,915,312,1775546510693
mouse,916,312,1775546510700
mouse,917,312,1775546510707
mouse,918,312,1775546510781
mouse,919,312,1775546510784
mouse,920,312,1775546510795
mouse,920,313,1775546510979
mouse,917,314,1775546511062
mouse,913,314,1775546511069
mouse,912,314,1775546511075
mouse,909,314,1775546511082
mouse,908,314,1775546511089
mouse,906,314,1775546511096
mouse,904,314,1775546511104
mouse,902,314,1775546511110
mouse,899,314,1775546511117
mouse,896,314,1775546511124
mouse,891,313,1775546511131
mouse,887,312,1775546511138
mouse,882,310,1775546511145
mouse,876,309,1775546511151
mouse,871,307,1775546511158
mouse,864,305,1775546511165
mouse,857,303,1775546511172
mouse,850,302,1775546511179
mouse,844,299,1775546511186
mouse,836,298,1775546511193
mouse,832,297,1775546511200
mouse,824,296,1775546511207
mouse,820,295,1775546511214
mouse,815,294,1775546511221
mouse,811,294,1775546511228
mouse,808,294,1775546511235
mouse,805,294,1775546511242
mouse,804,294,1775546511244
mouse,800,292,1775546511256
mouse,796,292,1775546511263
mouse,793,292,1775546511269
mouse,789,292,1775546511283
mouse,787,292,1775546511290
mouse,784,291,1775546511297
mouse,780,291,1775546511304
mouse,774,290,1775546511318
mouse,768,290,1775546511325
mouse,762,290,1775546511332
mouse,756,290,1775546511339
mouse,748,288,1775546511346
mouse,742,287,1775546511353
mouse,736,287,1775546511359
mouse,727,287,1775546511367
mouse,720,287,1775546511374
mouse,713,287,1775546511381
mouse,708,287,1775546511388
mouse,703,287,1775546511394
mouse,700,287,1775546511401
mouse,697,286,1775546511408
mouse,695,286,1775546511415
mouse,693,286,1775546511422
mouse,692,286,1775546511429
mouse,691,286,1775546511436
mouse,690,286,1775546511966
mouse,689,286,1775546511971
mouse,688,286,1775546511985
mouse,687,286,1775546511992
mouse,686,286,1775546511999
mouse,685,286,1775546512006
mouse,683,286,1775546512013
mouse,680,286,1775546512021
mouse,676,287,1775546512027
mouse,672,288,1775546512033
mouse,667,289,1775546512040
mouse,661,290,1775546512047
mouse,654,291,1775546512054
mouse,648,292,1775546512061
mouse,643,294,1775546512068
mouse,638,294,1775546512075
mouse,634,295,1775546512082
mouse,632,295,1775546512089
mouse,628,296,1775546512096
mouse,626,298,1775546512103
mouse,624,298,1775546512110
mouse,622,298,1775546512117
mouse,620,298,1775546512131
mouse,620,299,1775546512138
mouse,619,299,1775546512146
mouse,618,299,1775546512159
mouse,617,300,1775546512166
mouse,615,302,1775546512174
mouse,613,302,1775546512180
mouse,612,303,1775546512186
mouse,610,305,1775546512193
mouse,607,306,1775546512200
mouse,605,307,1775546512207
mouse,602,308,1775546512214
mouse,600,309,1775546512221
mouse,600,310,1775546512228
mouse,598,310,1775546512235
mouse,597,311,1775546512242
mouse,596,311,1775546512249
mouse,596,312,1775546512290
mouse,595,312,1775546512373
mouse,594,312,1775546512632
mouse,593,312,1775546512646
mouse,592,312,1775546512660
mouse,591,312,1775546512714
mouse,590,311,1775546512721
mouse,588,311,1775546512729
mouse,587,311,1775546512742
mouse,586,311,1775546512749
mouse,584,310,1775546512756
mouse,583,310,1775546512785
mouse,582,310,1775546512868
mouse,581,310,1775546512876
mouse,580,310,1775546512889
mouse,579,310,1775546512903
mouse,576,310,1775546512916
mouse,575,308,1775546512923
mouse,574,308,1775546512929
mouse,573,308,1775546512936
mouse,571,308,1775546512943
mouse,569,307,1775546512950
mouse,568,306,1775546512954
mouse,566,306,1775546512964
mouse,564,306,1775546512971
mouse,563,306,1775546512978
mouse,560,305,1775546512985
mouse,557,304,1775546512993
mouse,556,304,1775546512999
mouse,554,302,1775546513006
mouse,552,302,1775546513014
mouse,550,302,1775546513019
mouse,548,301,1775546513026
mouse,545,301,1775546513033
mouse,542,300,1775546513041
mouse,537,298,1775546513048
mouse,534,298,1775546513054
mouse,531,297,1775546513061
mouse,527,296,1775546513068
mouse,523,295,1775546513075
mouse,520,294,1775546513082
mouse,516,294,1775546513089
mouse,512,294,1775546513096
mouse,509,294,1775546513103
mouse,508,293,1775546513110
mouse,506,293,1775546513118
mouse,505,292,1775546513124
mouse,504,292,1775546513131
mouse,502,292,1775546513159
mouse,500,292,1775546513167
mouse,498,291,1775546513180
mouse,495,290,1775546513186
mouse,492,290,1775546513193
mouse,491,290,1775546513196
mouse,486,289,1775546513207
mouse,482,288,1775546513214
mouse,478,286,1775546513221
mouse,475,286,1775546513228
mouse,470,286,1775546513235
mouse,465,284,1775546513242
mouse,460,283,1775546513249
mouse,456,282,1775546513256
mouse,448,280,1775546513270
mouse,444,279,1775546513276
mouse,440,278,1775546513283
mouse,437,278,1775546513290
mouse,434,276,1775546513298
mouse,432,275,1775546513304
mouse,428,274,1775546513312
mouse,426,274,1775546513318
mouse,424,274,1775546513325
mouse,421,273,1775546513332
mouse,419,272,1775546513339
mouse,418,271,1775546513346
mouse,416,271,1775546513353
mouse,415,270,1775546513424
mouse,415,268,1775546513450
mouse,416,266,1775546513457
mouse,417,264,1775546513465
mouse,419,262,1775546513472
mouse,420,258,1775546513478
mouse,424,255,1775546513485
mouse,426,251,1775546513492
mouse,428,249,1775546513499
mouse,432,245,1775546513506
mouse,434,240,1775546513513
mouse,437,237,1775546513519
mouse,439,234,1775546513526
mouse,441,230,1775546513533
mouse,444,226,1775546513540
mouse,445,223,1775546513547
mouse,446,222,1775546513554
mouse,447,220,1775546513561
mouse,448,218,1775546513568
mouse,448,215,1775546513575
mouse,448,214,1775546513582
mouse,448,212,1775546513589
mouse,448,210,1775546513596
mouse,447,206,1775546513603
mouse,445,202,1775546513610
mouse,444,199,1775546513617
mouse,439,194,1775546513624
mouse,435,190,1775546513631
mouse,429,185,1775546513638
mouse,423,180,1775546513645
mouse,416,176,1775546513652
mouse,408,172,1775546513659
mouse,402,170,1775546513665
mouse,393,165,1775546513673
mouse,387,163,1775546513679
mouse,379,160,1775546513686
mouse,372,157,1775546513693
mouse,365,154,1775546513700
mouse,357,151,1775546513707
mouse,349,148,1775546513714
mouse,341,146,1775546513721
mouse,333,142,1775546513728
mouse,325,140,1775546513735
mouse,318,138,1775546513742
mouse,309,135,1775546513749
mouse,302,132,1775546513756
mouse,300,132,1775546513757
mouse,295,130,1775546513763
mouse,287,128,1775546513770
mouse,280,126,1775546513777
mouse,274,124,1775546513783
mouse,269,123,1775546513790
mouse,264,122,1775546513797
mouse,260,121,1775546513804
mouse,258,120,1775546513811
mouse,255,119,1775546513818
mouse,252,118,1775546513825
mouse,251,118,1775546513834
mouse,250,118,1775546513842
mouse,248,116,1775546513846
mouse,246,116,1775546513867
mouse,244,114,1775546513874
mouse,243,114,1775546513882
mouse,242,114,1775546513890
mouse,241,113,1775546513895
mouse,240,112,1775546513901
mouse,239,112,1775546513909
mouse,238,112,1775546513915
mouse,236,110,1775546513922
mouse,235,110,1775546513929
mouse,233,110,1775546513937
mouse,232,110,1775546513943
mouse,231,109,1775546513950
mouse,230,108,1775546513957
mouse,229,108,1775546513964
mouse,228,107,1775546513971
mouse,227,107,1775546513978
mouse,225,106,1775546513985
mouse,224,106,1775546513992
mouse,223,105,1775546514000
mouse,222,105,1775546514006
mouse,220,104,1775546514013
mouse,219,104,1775546514020
mouse,218,102,1775546514027
mouse,217,102,1775546514034
mouse,216,102,1775546514040
mouse,215,102,1775546514049
mouse,214,101,1775546514054
mouse,214,100,1775546514062
mouse,213,100,1775546514068
mouse,212,100,1775546514076
mouse,211,99,1775546514082
mouse,210,98,1775546514103
mouse,209,98,1775546514111
mouse,208,97,1775546514131
mouse,208,96,1775546514142
mouse,207,95,1775546514159
mouse,207,94,1775546514179
mouse,206,94,1775546514211
mouse,206,93,1775546514228
mouse,205,93,1775546514235
mouse,205,92,1775546514242
mouse,205,91,1775546514250
mouse,205,90,1775546514256
mouse,204,90,1775546514263
mouse,204,89,1775546514272
mouse,204,87,1775546514290
mouse,204,86,1775546514299
mouse,204,85,1775546514322
mouse,203,85,1775546514346
mouse,203,84,1775546514357
click,203,84,1775546514510
mouse,203,83,1775546514714
mouse,203,82,1775546514738
mouse,204,82,1775546514756
mouse,205,82,1775546516729
mouse,207,83,1775546516735
mouse,210,85,1775546516742
mouse,214,87,1775546516749
mouse,217,90,1775546516756
mouse,219,92,1775546516763
mouse,220,94,1775546516770
mouse,221,96,1775546516777
mouse,221,97,1775546516784
mouse,221,98,1775546516791
mouse,221,100,1775546516797
mouse,221,101,1775546516805
mouse,221,102,1775546516812
mouse,220,102,1775546516818
mouse,220,103,1775546516825
mouse,219,104,1775546516832
mouse,217,105,1775546516839
mouse,216,106,1775546516846
mouse,216,107,1775546516854
mouse,214,108,1775546516860
mouse,213,109,1775546516867
mouse,212,110,1775546516875
mouse,210,112,1775546516881
mouse,208,113,1775546516888
mouse,207,114,1775546516895
mouse,206,114,1775546516902
mouse,204,115,1775546516909
mouse,203,116,1775546516915
mouse,202,116,1775546516922
mouse,201,117,1775546516929
mouse,200,117,1775546516936
mouse,200,118,1775546516943
mouse,199,118,1775546516964
mouse,198,118,1775546516978
mouse,198,119,1775546516978
mouse,198,120,1775546516985
mouse,197,120,1775546516992
mouse,196,120,1775546516999
mouse,196,121,1775546517006
mouse,196,122,1775546517013
mouse,196,123,1775546517034
mouse,195,123,1775546517040
mouse,195,124,1775546517050
mouse,194,125,1775546517068
mouse,194,126,1775546517075
mouse,194,127,1775546517089
mouse,194,128,1775546517113
mouse,195,128,1775546517435
mouse,196,127,1775546517445
mouse,196,126,1775546517464
mouse,197,126,1775546517515
mouse,197,125,1775546517522
mouse,197,124,1775546517554
mouse,198,124,1775546517582
mouse,199,124,1775546517593
mouse,199,123,1775546517599
mouse,200,123,1775546517620
mouse,200,122,1775546517624
click,200,122,1775546517845
mouse,199,122,1775546518026
mouse,198,122,1775546518034
mouse,196,122,1775546518042
mouse,195,122,1775546518050
mouse,194,122,1775546518057
mouse,193,122,1775546518063
mouse,192,122,1775546518069
mouse,191,122,1775546518080
mouse,190,122,1775546518085
mouse,189,122,1775546518097
mouse,189,121,1775546518100
mouse,188,121,1775546518105
mouse,187,121,1775546518117
mouse,186,121,1775546518126
mouse,187,121,1775546518223
mouse,188,120,1775546518228
mouse,189,120,1775546518235
mouse,192,120,1775546518242
mouse,193,120,1775546518249
mouse,196,120,1775546518256
mouse,200,120,1775546518263
mouse,201,120,1775546518269
mouse,203,120,1775546518277
mouse,205,120,1775546518284
mouse,206,120,1775546518290
mouse,207,120,1775546518297
mouse,208,120,1775546521112
mouse,209,120,1775546521118
mouse,210,120,1775546521124
mouse,211,120,1775546521131
mouse,212,120,1775546521138
mouse,213,120,1775546521301
mouse,214,120,1775546521318
mouse,215,120,1775546521329
mouse,216,120,1775546521441
mouse,217,120,1775546521457
mouse,218,120,1775546521464
mouse,219,120,1775546521472
mouse,220,120,1775546521478
mouse,221,120,1775546521486
mouse,223,120,1775546521506
mouse,224,120,1775546521513
mouse,225,119,1775546521520
mouse,226,119,1775546521527
mouse,227,119,1775546521534
mouse,228,119,1775546521547
mouse,228,118,1775546521561
mouse,229,118,1775546521590
mouse,230,118,1775546521597
mouse,231,118,1775546521603
mouse,232,118,1775546521610
mouse,233,118,1775546521624
mouse,234,118,1775546521645
mouse,235,118,1775546521652
click,235,118,1775546521824
click,235,118,1775546523336
mouse,234,118,1775546523415
mouse,233,118,1775546523423
mouse,232,118,1775546523431
mouse,231,118,1775546523440
mouse,230,118,1775546523443
mouse,229,118,1775546523450
mouse,226,118,1775546523458
mouse,224,118,1775546523464
mouse,222,118,1775546523471
mouse,220,118,1775546523478
mouse,216,118,1775546523485
mouse,214,117,1775546523492
mouse,210,117,1775546523499
mouse,207,117,1775546523506
mouse,204,117,1775546523513
mouse,200,117,1775546523520
mouse,196,117,1775546523527
mouse,195,117,1775546523534
mouse,192,117,1775546523541
mouse,189,118,1775546523549
mouse,188,118,1775546523554
mouse,185,118,1775546523561
mouse,184,118,1775546523568
mouse,181,118,1775546523575
mouse,180,118,1775546523582
mouse,177,118,1775546523589
mouse,176,118,1775546523596
mouse,173,118,1775546523603
mouse,172,118,1775546523610
mouse,171,118,1775546523617
mouse,169,118,1775546523624
mouse,168,118,1775546523631
click,168,118,1775546523818
mouse,168,119,1775546524574
mouse,168,120,1775546524582
mouse,167,120,1775546524585
mouse,167,121,1775546524593
mouse,166,121,1775546524597
mouse,165,122,1775546524603
mouse,164,123,1775546524611
mouse,164,124,1775546524618
mouse,162,125,1775546524624
mouse,161,126,1775546524631
mouse,160,127,1775546524638
mouse,158,129,1775546524645
mouse,157,130,1775546524652
mouse,156,131,1775546524659
mouse,154,134,1775546524666
mouse,153,134,1775546524673
mouse,151,136,1775546524681
mouse,149,138,1775546524686
mouse,148,139,1775546524693
mouse,145,142,1775546524700
mouse,143,143,1775546524707
mouse,141,145,1775546524714
mouse,138,146,1775546524722
mouse,136,147,1775546524728
mouse,135,149,1775546524735
mouse,134,150,1775546524743
mouse,132,151,1775546524749
mouse,132,152,1775546524756
mouse,132,153,1775546524764
mouse,131,154,1775546524784
mouse,129,155,1775546524790
mouse,128,156,1775546524798
mouse,127,157,1775546524805
mouse,125,158,1775546524811
mouse,124,159,1775546524818
mouse,121,161,1775546524826
mouse,119,161,1775546524832
mouse,117,162,1775546524839
mouse,114,163,1775546524846
mouse,112,165,1775546524853
mouse,110,166,1775546524860
mouse,108,167,1775546524867
mouse,104,168,1775546524874
mouse,101,169,1775546524881
mouse,98,170,1775546524888
mouse,94,171,1775546524895
mouse,91,171,1775546524902
mouse,87,171,1775546524908
mouse,83,172,1775546524915
mouse,79,172,1775546524922
mouse,75,173,1775546524929
mouse,72,173,1775546524936
mouse,68,173,1775546524944
mouse,67,173,1775546524950
mouse,65,173,1775546524957
mouse,64,173,1775546524964
mouse,63,173,1775546524971
mouse,62,173,1775546524978
mouse,60,173,1775546524985
mouse,59,173,1775546524992
mouse,58,173,1775546524999
mouse,56,173,1775546525006
mouse,55,173,1775546525014
mouse,54,173,1775546525021
mouse,53,173,1775546525027
mouse,52,173,1775546525034
mouse,51,173,1775546525041
mouse,49,173,1775546525048
mouse,48,173,1775546525056
mouse,47,173,1775546525061
mouse,45,173,1775546525068
mouse,44,173,1775546525075
mouse,43,173,1775546525082
mouse,42,173,1775546525090
mouse,41,173,1775546525110
mouse,41,172,1775546525125
mouse,40,172,1775546525147
mouse,39,172,1775546525166
mouse,39,171,1775546525173
mouse,37,170,1775546525179
mouse,36,170,1775546525209
mouse,36,169,1775546525250
mouse,36,168,1775546525257
mouse,36,167,1775546525301
mouse,35,167,1775546525330
mouse,35,166,1775546525333
mouse,35,165,1775546525377
mouse,35,164,1775546525385
mouse,34,163,1775546525402
mouse,34,162,1775546525410
mouse,34,161,1775546525478
mouse,33,160,1775546525517
mouse,33,159,1775546525608
mouse,964,82,1775546529909
mouse,965,82,1775546529916
mouse,964,82,1775546530286
mouse,963,82,1775546530339
mouse,962,82,1775546530350
mouse,961,82,1775546530360
mouse,960,82,1775546530385
mouse,959,82,1775546530406
mouse,958,83,1775546530410
mouse,957,83,1775546530417
mouse,956,84,1775546530424
mouse,955,84,1775546530430
mouse,953,84,1775546530437
mouse,952,85,1775546530445
mouse,951,85,1775546530451
mouse,949,86,1775546530458
mouse,948,86,1775546530464
mouse,945,86,1775546530471
mouse,944,87,1775546530478
mouse,941,87,1775546530485
mouse,940,89,1775546530492
mouse,938,90,1775546530499
mouse,936,90,1775546530507
mouse,934,90,1775546530513
mouse,933,90,1775546530520
mouse,932,90,1775546530527
mouse,930,90,1775546530534
mouse,929,91,1775546530541
mouse,928,91,1775546530548
mouse,926,91,1775546530555
mouse,924,92,1775546530563
mouse,923,93,1775546530568
mouse,921,94,1775546530575
mouse,920,94,1775546530582
mouse,917,94,1775546530589
mouse,915,94,1775546530596
mouse,913,94,1775546530603
mouse,910,95,1775546530611
mouse,908,95,1775546530617
mouse,906,96,1775546530624
mouse,904,97,1775546530631
mouse,900,98,1775546530638
mouse,898,98,1775546530646
mouse,896,98,1775546530652
mouse,892,99,1775546530659
mouse,890,99,1775546530666
mouse,888,100,1775546530673
mouse,884,101,1775546530681
mouse,880,102,1775546530686
mouse,876,102,1775546530693
mouse,872,102,1775546530700
mouse,868,103,1775546530707
mouse,864,103,1775546530714
mouse,861,103,1775546530721
mouse,858,104,1775546530728
mouse,856,105,1775546530735
mouse,852,105,1775546530742
mouse,850,106,1775546530749
mouse,848,106,1775546530757
mouse,846,106,1775546530763
mouse,844,106,1775546530770
mouse,841,106,1775546530777
mouse,840,106,1775546530784
mouse,838,106,1775546530791
mouse,836,106,1775546530798
mouse,834,106,1775546530805
mouse,833,106,1775546530812
mouse,831,106,1775546530819
mouse,829,106,1775546530825
mouse,827,106,1775546530832
mouse,824,106,1775546530839
mouse,822,107,1775546530846
mouse,820,107,1775546530853
mouse,816,107,1775546530861
mouse,814,107,1775546530867
mouse,812,108,1775546530874
mouse,810,108,1775546530881
mouse,808,108,1775546530888
mouse,806,109,1775546530895
mouse,804,109,1775546530902
mouse,802,110,1775546530910
mouse,801,110,1775546530915
mouse,800,110,1775546530923
mouse,798,110,1775546530931
mouse,797,110,1775546530936
mouse,796,110,1775546530944
mouse,794,110,1775546530950
mouse,792,110,1775546530958
mouse,791,111,1775546530964
mouse,789,111,1775546530971
mouse,788,111,1775546530978
mouse,785,111,1775546530985
mouse,784,111,1775546530992
mouse,781,111,1775546530999
mouse,780,111,1775546531006
mouse,778,112,1775546531013
mouse,776,112,1775546531020
mouse,774,113,1775546531027
mouse,773,113,1775546531034
mouse,772,113,1775546531041
mouse,771,113,1775546531062
mouse,770,113,1775546531084
mouse,769,114,1775546531103
mouse,768,114,1775546531112
mouse,767,114,1775546531154
mouse,766,114,1775546531165
mouse,765,114,1775546531180
mouse,764,114,1775546531187
mouse,764,115,1775546531194
mouse,763,115,1775546531204
mouse,762,115,1775546531287
mouse,761,115,1775546531295
mouse,760,115,1775546531319
mouse,760,116,1775546531332
mouse,759,117,1775546531387
mouse,758,117,1775546531419
mouse,757,117,1775546531428
mouse,756,118,1775546531443
mouse,755,118,1775546531524
mouse,755,119,1775546531542
mouse,754,119,1775546531565
mouse,753,120,1775546531584
mouse,752,121,1775546531603
mouse,752,122,1775546531647
mouse,751,122,1775546531652
mouse,751,123,1775546531679
mouse,750,123,1775546531691
mouse,749,123,1775546531708
mouse,749,124,1775546531714
mouse,748,124,1775546531726
mouse,748,125,1775546531734
mouse,748,126,1775546531755
mouse,747,126,1775546531762
mouse,747,127,1775546531781
mouse,746,127,1775546531798
mouse,745,127,1775546531806
mouse,745,128,1775546531825
mouse,745,129,1775546531846
mouse,744,129,1775546531854
mouse,744,130,1775546531874
mouse,743,130,1775546531887
mouse,743,131,1775546531902
mouse,742,131,1775546531931
mouse,742,132,1775546531937
mouse,742,133,1775546531949
mouse,741,133,1775546531951
mouse,741,134,1775546531977
mouse,740,134,1775546531987
mouse,740,135,1775546531998
mouse,739,136,1775546532022
mouse,739,137,1775546532028
mouse,739,138,1775546532048
mouse,738,138,1775546532055
mouse,737,138,1775546532064
mouse,737,139,1775546532068
mouse,737,140,1775546532075
mouse,737,141,1775546532082
mouse,736,141,1775546532089
mouse,736,142,1775546532096
mouse,736,143,1775546532121
mouse,736,144,1775546532129
mouse,735,144,1775546532131
mouse,735,145,1775546532141
mouse,735,146,1775546532162
mouse,734,146,1775546532180
mouse,734,147,1775546532191
mouse,733,148,1775546532207
mouse,733,149,1775546532214
mouse,733,150,1775546532241
mouse,733,151,1775546532285
mouse,732,152,1775546532306
mouse,732,153,1775546532313
mouse,732,154,1775546532347
mouse,731,155,1775546532378
mouse,731,156,1775546532388
mouse,731,157,1775546532395
mouse,731,158,1775546532433
mouse,731,159,1775546532483
mouse,730,159,1775546532485
mouse,730,160,1775546532495
mouse,730,161,1775546532513
mouse,730,162,1775546532546
mouse,730,163,1775546532579
mouse,729,163,1775546532586
mouse,729,164,1775546532590
mouse,729,165,1775546532624
mouse,729,166,1775546532632
mouse,729,167,1775546532681
mouse,729,168,1775546532692
mouse,729,169,1775546532722
mouse,729,170,1775546532728
mouse,728,170,1775546532749
mouse,728,171,1775546532776
mouse,728,172,1775546532798
mouse,728,173,1775546532848
mouse,728,174,1775546532876
mouse,728,175,1775546532971
mouse,728,176,1775546532992
mouse,728,177,1775546533022
mouse,728,178,1775546533041
mouse,728,179,1775546533104
mouse,728,180,1775546533162
mouse,727,180,1775546533301
mouse,727,181,1775546533307
mouse,727,182,1775546533391
mouse,727,183,1775546533759
mouse,727,184,1775546533791
mouse,727,185,1775546533984
mouse,727,186,1775546534034
mouse,727,188,1775546534083
mouse,727,189,1775546534097
mouse,727,190,1775546534102
mouse,726,190,1775546534105
mouse,726,191,1775546534124
mouse,726,192,1775546534131
mouse,726,193,1775546534146
mouse,726,194,1775546534152
mouse,725,194,1775546534166
mouse,725,195,1775546534218
mouse,725,196,1775546534238
mouse,725,197,1775546534272
mouse,725,198,1775546534280
mouse,724,198,1775546534298
mouse,724,199,1775546534311
mouse,724,200,1775546534325
mouse,723,201,1775546534346
mouse,723,202,1775546534353
mouse,722,202,1775546534362
mouse,721,202,1775546534372
mouse,721,203,1775546534374
mouse,721,204,1775546534381
mouse,720,204,1775546534390
mouse,720,205,1775546534395
mouse,720,206,1775546534402
mouse,719,206,1775546534409
mouse,717,207,1775546534416
mouse,716,208,1775546534423
mouse,716,209,1775546534430
mouse,714,210,1775546534436
mouse,713,210,1775546534443
mouse,712,211,1775546534450
mouse,711,212,1775546534457
mouse,709,212,1775546534464
mouse,709,214,1775546534471
mouse,708,214,1775546534478
mouse,707,214,1775546534485
mouse,705,214,1775546534492
mouse,705,215,1775546534499
mouse,704,215,1775546534506
mouse,704,216,1775546534513
mouse,701,217,1775546534520
mouse,700,217,1775546534527
mouse,700,218,1775546534534
mouse,698,218,1775546534541
mouse,696,218,1775546534548
mouse,694,219,1775546534555
mouse,692,219,1775546534562
mouse,690,221,1775546534568
mouse,688,222,1775546534575
mouse,685,222,1775546534583
mouse,683,223,1775546534591
mouse,680,224,1775546534597
mouse,678,226,1775546534603
mouse,676,226,1775546534610
mouse,672,227,1775546534617
mouse,670,227,1775546534624
mouse,668,229,1775546534631
mouse,664,230,1775546534638
mouse,662,230,1775546534645
mouse,658,231,1775546534652
mouse,656,231,1775546534659
mouse,652,232,1775546534666
mouse,649,233,1775546534673
mouse,646,234,1775546534679
mouse,643,234,1775546534686
mouse,639,234,1775546534693
mouse,635,235,1775546534700
mouse,631,236,1775546534707
mouse,626,238,1775546534714
mouse,620,238,1775546534721
mouse,615,239,1775546534728
mouse,611,239,1775546534735
mouse,605,240,1775546534742
mouse,600,242,1775546534749
mouse,592,242,1775546534756
mouse,585,242,1775546534763
mouse,577,242,1775546534770
mouse,568,243,1775546534777
mouse,560,243,1775546534784
mouse,552,244,1775546534791
mouse,544,245,1775546534798
mouse,536,246,1775546534805
mouse,530,246,1775546534811
mouse,523,246,1775546534818
mouse,517,247,1775546534825
mouse,512,248,1775546534832
mouse,504,249,1775546534840
mouse,500,249,1775546534847
mouse,496,250,1775546534853
mouse,492,250,1775546534860
mouse,486,250,1775546534867
mouse,480,250,1775546534874
mouse,474,250,1775546534881
mouse,467,250,1775546534888
mouse,459,250,1775546534895
mouse,450,249,1775546534902
mouse,440,248,1775546534909
mouse,430,246,1775546534916
mouse,419,246,1775546534923
mouse,411,244,1775546534929
mouse,400,243,1775546534936
mouse,392,243,1775546534943
mouse,383,242,1775546534950
mouse,374,242,1775546534957
mouse,367,241,1775546534964
mouse,360,240,1775546534971
mouse,353,239,1775546534978
mouse,347,239,1775546534985
mouse,341,238,1775546534992
mouse,336,238,1775546534999
mouse,329,237,1775546535006
mouse,324,235,1775546535013
mouse,317,234,1775546535020
mouse,312,233,1775546535027
mouse,306,232,1775546535034
mouse,300,230,1775546535041
mouse,293,230,1775546535048
mouse,287,228,1775546535055
mouse,283,228,1775546535061
mouse,278,226,1775546535068
mouse,274,226,1775546535075
mouse,271,226,1775546535082
mouse,268,226,1775546535089
mouse,266,225,1775546535097
mouse,265,225,1775546535105
mouse,265,224,1775546535124
mouse,264,224,1775546535131
mouse,263,223,1775546535171
mouse,262,222,1775546535194
mouse,261,222,1775546535208
mouse,260,220,1775546535228
mouse,260,219,1775546535250
mouse,260,218,1775546535262
mouse,259,216,1775546535291
mouse,259,214,1775546535312
mouse,258,214,1775546535320
mouse,257,214,1775546535325
mouse,256,212,1775546535332
mouse,256,211,1775546535342
mouse,255,210,1775546535346
mouse,255,209,1775546535356
mouse,254,209,1775546535360
mouse,252,207,1775546535367
mouse,252,206,1775546535374
mouse,251,204,1775546535381
mouse,248,202,1775546535388
mouse,248,201,1775546535395
mouse,247,200,1775546535402
mouse,245,198,1775546535409
mouse,244,198,1775546535416
mouse,243,196,1775546535423
mouse,243,194,1775546535430
mouse,240,194,1775546535437
mouse,240,193,1775546535444
mouse,238,192,1775546535450
mouse,237,191,1775546535457
mouse,236,190,1775546535464
mouse,235,190,1775546535475
mouse,235,189,1775546535499
mouse,234,189,1775546535714
mouse,234,190,1775546536137
mouse,234,191,1775546536158
mouse,234,192,1775546536173
mouse,235,193,1775546536180
mouse,235,194,1775546536187
mouse,236,194,1775546536194
mouse,236,195,1775546536202
mouse,236,196,1775546536210
mouse,236,197,1775546536220
mouse,236,198,1775546536224
mouse,237,198,1775546536243
mouse,237,199,1775546536250
mouse,237,200,1775546536258
mouse,237,201,1775546536264
mouse,237,202,1775546536270
mouse,238,202,1775546536280
mouse,238,203,1775546536299
mouse,238,204,1775546536321
mouse,239,204,1775546536327
mouse,239,205,1775546536332
mouse,239,206,1775546536340
mouse,240,206,1775546536366
mouse,240,207,1775546536381
mouse,240,208,1775546536403
mouse,240,210,1775546536430
mouse,240,211,1775546536475
mouse,240,212,1775546536524
mouse,241,212,1775546536528
mouse,241,213,1775546536562
mouse,241,214,1775546536569
mouse,242,214,1775546536695
mouse,242,215,1775546536703
mouse,243,215,1775546536757
mouse,243,216,1775546536763
mouse,243,217,1775546536784
mouse,244,217,1775546536791
mouse,244,218,1775546536815
mouse,244,219,1775546536848
mouse,244,220,1775546536879
mouse,245,220,1775546536883
mouse,245,221,1775546536889
mouse,245,222,1775546536916
mouse,246,222,1775546536923
mouse,246,223,1775546536945
mouse,247,223,1775546536955
mouse,247,224,1775546536957
mouse,247,225,1775546536970
mouse,248,225,1775546536971
mouse,248,226,1775546536983
mouse,248,227,1775546536999
mouse,248,228,1775546537009
mouse,249,228,1775546537013
mouse,249,229,1775546537020
mouse,250,229,1775546537032
mouse,250,230,1775546537034
mouse,251,230,1775546537041
mouse,251,231,1775546537048
mouse,252,231,1775546537055
mouse,252,232,1775546537061
mouse,252,233,1775546537073
mouse,253,233,1775546537077
mouse,253,234,1775546537087
mouse,254,234,1775546537093
mouse,255,234,1775546537103
mouse,255,235,1775546537107
mouse,256,235,1775546537110
mouse,256,236,1775546537131
mouse,257,236,1775546537138
mouse,258,237,1775546537145
mouse,259,237,1775546537153
mouse,260,238,1775546537159
mouse,261,238,1775546537168
mouse,263,238,1775546537187
mouse,264,239,1775546537193
mouse,265,239,1775546537200
mouse,266,239,1775546537207
mouse,267,239,1775546537214
mouse,268,239,1775546537221
mouse,269,239,1775546537228
mouse,270,239,1775546537235
mouse,272,240,1775546537242
mouse,273,240,1775546537252
mouse,274,240,1775546537274
mouse,275,240,1775546537278
mouse,276,240,1775546537284
mouse,276,239,1775546537291
mouse,277,238,1775546537298
mouse,278,236,1775546537304
mouse,280,234,1775546537311
mouse,280,233,1775546537319
mouse,282,230,1775546537326
mouse,283,230,1775546537332
mouse,284,228,1775546537339
mouse,284,226,1775546537347
mouse,284,225,1775546537353
mouse,285,224,1775546537360
mouse,285,223,1775546537367
mouse,285,222,1775546537374
mouse,285,220,1775546537382
mouse,285,218,1775546537388
mouse,285,216,1775546537395
mouse,284,214,1775546537402
mouse,282,212,1775546537409
mouse,280,209,1775546537416
mouse,278,206,1775546537423
mouse,276,203,1775546537430
mouse,272,200,1775546537437
mouse,269,198,1775546537443
mouse,265,194,1775546537450
mouse,260,191,1775546537457
mouse,255,189,1775546537464
mouse,248,186,1775546537472
mouse,245,184,1775546537478
mouse,240,182,1775546537485
mouse,238,181,1775546537492
mouse,236,180,1775546537499
mouse,235,180,1775546537506
mouse,234,180,1775546537513
mouse,234,179,1775546537665
mouse,234,178,1775546537674
mouse,234,177,1775546537706
mouse,234,176,1775546537712
mouse,234,175,1775546537730
mouse,234,174,1775546537739
mouse,233,174,1775546537742
mouse,232,174,1775546537767
mouse,232,173,1775546537774
mouse,232,172,1775546537791
mouse,232,171,1775546537812
mouse,232,170,1775546537832
mouse,232,169,1775546537859
mouse,232,168,1775546537868
mouse,231,167,1775546537888
mouse,231,166,1775546537897
mouse,231,165,1775546537944
mouse,231,164,1775546537964
mouse,231,163,1775546537977
mouse,231,162,1775546537992
mouse,232,162,1775546537999
mouse,232,160,1775546538006
mouse,232,159,1775546538013
mouse,233,158,1775546538020
mouse,234,158,1775546538027
mouse,236,157,1775546538034
mouse,236,156,1775546538041
mouse,236,155,1775546538048
mouse,237,154,1775546538055
mouse,238,153,1775546538062
mouse,239,152,1775546538068
mouse,240,150,1775546538075
mouse,241,150,1775546538083
mouse,241,149,1775546538089
mouse,242,148,1775546538096
mouse,243,146,1775546538103
mouse,244,146,1775546538110
mouse,244,145,1775546538117
mouse,245,145,1775546538124
mouse,245,144,1775546538132
mouse,246,144,1775546538144
mouse,246,143,1775546538149
mouse,247,142,1775546538166
mouse,248,142,1775546538206
mouse,249,142,1775546538232
mouse,250,142,1775546538256
mouse,251,142,1775546538277
mouse,252,142,1775546538289
mouse,252,141,1775546538291
mouse,253,141,1775546538302
mouse,255,141,1775546538318
mouse,256,141,1775546538326
mouse,258,141,1775546538332
mouse,260,141,1775546538339
mouse,261,140,1775546538347
mouse,263,140,1775546538353
mouse,265,140,1775546538361
mouse,267,140,1775546538367
mouse,268,140,1775546538374
mouse,270,140,1775546538381
mouse,272,140,1775546538388
mouse,273,140,1775546538395
mouse,275,140,1775546538402
mouse,277,140,1775546538409
mouse,280,141,1775546538416
mouse,282,142,1775546538423
mouse,284,143,1775546538429
mouse,288,145,1775546538436
mouse,291,146,1775546538443
mouse,295,149,1775546538450
mouse,298,150,1775546538457
mouse,302,153,1775546538464
mouse,306,156,1775546538471
mouse,311,158,1775546538478
mouse,316,162,1775546538485
mouse,321,166,1775546538492
mouse,328,170,1775546538499
mouse,335,175,1775546538506
mouse,343,182,1775546538513
mouse,352,187,1775546538520
mouse,361,194,1775546538527
mouse,371,200,1775546538534
mouse,380,206,1775546538541
mouse,388,211,1775546538548
mouse,397,215,1775546538554
mouse,404,221,1775546538561
mouse,412,225,1775546538568
mouse,419,228,1775546538575
mouse,424,231,1775546538582
mouse,430,234,1775546538589
mouse,436,238,1775546538597
mouse,440,240,1775546538603
mouse,446,242,1775546538610
mouse,452,246,1775546538617
mouse,456,247,1775546538624
mouse,460,250,1775546538631
mouse,465,252,1775546538639
mouse,472,254,1775546538646
mouse,476,256,1775546538652
mouse,481,258,1775546538659
mouse,486,260,1775546538666
mouse,490,262,1775546538673
mouse,495,263,1775546538680
mouse,499,264,1775546538688
mouse,502,266,1775546538693
mouse,504,266,1775546538700
mouse,507,266,1775546538707
mouse,508,267,1775546538714
mouse,510,268,1775546538721
mouse,512,268,1775546538728
mouse,513,268,1775546538735
mouse,515,269,1775546538742
mouse,517,270,1775546538749
mouse,519,270,1775546538756
mouse,522,270,1775546538763
mouse,524,270,1775546538770
mouse,526,272,1775546538777
mouse,530,272,1775546538784
mouse,534,273,1775546538791
mouse,537,274,1775546538798
mouse,542,274,1775546538805
mouse,544,275,1775546538812
mouse,550,276,1775546538820
mouse,554,277,1775546538825
mouse,559,278,1775546538832
mouse,564,280,1775546538839
mouse,568,281,1775546538846
mouse,574,282,1775546538853
mouse,581,285,1775546538861
mouse,588,286,1775546538867
mouse,596,289,1775546538874
mouse,601,290,1775546538881
mouse,610,292,1775546538888
mouse,616,294,1775546538895
mouse,624,295,1775546538902
mouse,629,297,1775546538909
mouse,636,298,1775546538916
mouse,640,299,1775546538923
mouse,644,301,1775546538931
mouse,648,301,1775546538936
mouse,652,302,1775546538945
mouse,655,302,1775546538950
mouse,658,303,1775546538957
mouse,661,303,1775546538964
mouse,664,304,1775546538971
mouse,668,304,1775546538978
mouse,671,305,1775546538985
mouse,672,305,1775546538992
mouse,675,305,1775546538999
mouse,677,305,1775546539006
mouse,679,305,1775546539013
mouse,680,305,1775546539020
mouse,682,305,1775546539027
mouse,683,305,1775546539034
mouse,684,305,1775546539041
mouse,685,305,1775546539048
mouse,687,305,1775546539055
mouse,688,305,1775546539064
mouse,689,305,1775546539074
mouse,690,305,1775546539077
mouse,691,305,1775546539084
mouse,692,305,1775546539093
mouse,693,305,1775546539102
mouse,694,305,1775546539109
mouse,695,305,1775546539117
mouse,696,305,1775546539119
mouse,697,305,1775546539130
mouse,698,305,1775546539132
mouse,699,305,1775546539138
mouse,700,305,1775546539145
mouse,702,304,1775546539152
mouse,704,304,1775546539159
mouse,706,304,1775546539166
mouse,708,304,1775546539173
mouse,709,303,1775546539180
mouse,710,303,1775546539187
mouse,712,302,1775546539194
mouse,713,302,1775546539207
mouse,714,302,1775546539221
click,714,302,1775546539651
mouse,713,302,1775546539848
mouse,713,303,1775546539858
mouse,712,303,1775546539861
mouse,711,305,1775546539868
mouse,709,306,1775546539875
mouse,709,307,1775546539881
mouse,708,307,1775546539888
mouse,707,309,1775546539895
mouse,705,310,1775546539902
mouse,704,310,1775546539909
mouse,703,311,1775546539916
mouse,701,313,1775546539923
mouse,700,314,1775546539930
mouse,699,314,1775546539937
mouse,698,315,1775546539944
mouse,697,316,1775546539950
mouse,696,317,1775546539957
mouse,695,318,1775546539964
mouse,693,318,1775546539971
mouse,692,319,1775546539978
mouse,692,320,1775546539988
mouse,691,321,1775546539992
mouse,690,321,1775546539999
mouse,689,322,1775546540007
mouse,688,322,1775546540013
mouse,687,322,1775546540020
mouse,685,323,1775546540028
mouse,684,324,1775546540034
mouse,683,325,1775546540041
mouse,681,326,1775546540048
mouse,680,327,1775546540056
mouse,678,328,1775546540062
mouse,676,329,1775546540068
mouse,675,330,1775546540075
mouse,673,330,1775546540082
mouse,672,332,1775546540089
mouse,671,333,1775546540097
mouse,669,334,1775546540103
mouse,668,334,1775546540114
mouse,668,335,1775546540118
mouse,668,336,1775546540125
mouse,667,336,1775546540133
mouse,667,337,1775546540138
mouse,666,337,1775546540145
mouse,665,338,1775546540152
mouse,664,338,1775546540161
mouse,664,339,1775546540169
mouse,664,340,1775546540176
mouse,663,340,1775546540183
mouse,663,341,1775546540187
mouse,662,341,1775546540194
mouse,662,342,1775546540201
mouse,660,342,1775546540208
mouse,660,343,1775546540214
mouse,660,344,1775546540221
mouse,658,345,1775546540228
mouse,658,346,1775546540235
mouse,657,346,1775546540242
mouse,656,347,1775546540249
mouse,656,348,1775546540256
mouse,656,349,1775546540263
mouse,654,350,1775546540270
mouse,653,350,1775546540280
mouse,652,351,1775546540284
mouse,652,352,1775546540291
mouse,652,353,1775546540303
mouse,652,354,1775546540309
mouse,651,354,1775546540312
mouse,650,354,1775546540333
mouse,650,355,1775546540343
mouse,650,356,1775546540346
mouse,649,356,1775546540353
mouse,649,357,1775546540366
mouse,648,357,1775546540370
mouse,648,358,1775546540379
mouse,648,359,1775546540418
mouse,647,359,1775546540430
mouse,647,360,1775546540432
mouse,646,361,1775546540457
mouse,646,362,1775546540478
mouse,645,363,1775546540504
mouse,645,364,1775546540520
mouse,644,364,1775546540527
mouse,644,365,1775546540548
mouse,644,366,1775546540562
mouse,643,367,1775546540632
mouse,643,368,1775546540658
mouse,642,368,1775546540667
mouse,642,369,1775546540705
mouse,642,370,1775546540721
mouse,641,370,1775546540728
mouse,640,370,1775546540741
mouse,640,371,1775546540747
mouse,640,372,1775546540763
mouse,640,373,1775546540784
mouse,640,374,1775546540824
mouse,639,374,1775546540844
mouse,638,375,1775546540878
mouse,638,376,1775546540896
mouse,638,377,1775546540929
mouse,637,377,1775546540943
mouse,637,378,1775546540945
mouse,636,378,1775546540968
mouse,636,379,1775546540986
mouse,636,380,1775546540993
mouse,636,381,1775546541025
mouse,636,382,1775546541046
mouse,635,382,1775546541068
mouse,635,383,1775546541101
mouse,634,383,1775546541118
mouse,634,384,1775546541127
mouse,634,385,1775546541157
mouse,633,386,1775546541173
mouse,632,386,1775546541186
mouse,632,387,1775546541208
mouse,632,388,1775546541215
mouse,632,389,1775546541252
mouse,632,390,1775546541263
mouse,631,390,1775546541265
mouse,630,390,1775546541291
mouse,630,391,1775546541312
mouse,630,392,1775546541370
mouse,630,393,1775546541419
mouse,629,393,1775546541430
mouse,629,394,1775546541435
mouse,628,394,1775546541452
mouse,628,395,1775546541473
mouse,628,396,1775546541479
mouse,628,397,1775546541501
mouse,628,398,1775546541508
mouse,627,398,1775546541514
mouse,626,398,1775546541534
mouse,626,399,1775546541541
mouse,626,400,1775546541548
mouse,625,400,1775546541555
mouse,625,401,1775546541563
mouse,624,402,1775546541568
mouse,624,403,1775546541599
mouse,624,404,1775546541656
mouse,623,404,1775546542248
click,623,404,1775546542291
mouse,623,404,1775546542293
mouse,622,404,1775546542624
mouse,621,404,1775546542633
mouse,620,404,1775546542639
mouse,620,403,1775546542645
mouse,619,402,1775546542652
mouse,618,402,1775546542659
mouse,617,402,1775546542666
mouse,616,402,1775546542673
mouse,616,401,1775546542680
mouse,615,400,1775546542687
mouse,613,400,1775546542694
mouse,612,399,1775546542701
mouse,612,398,1775546542707
mouse,611,398,1775546542714
mouse,609,398,1775546542721
mouse,608,397,1775546542728
mouse,606,395,1775546542735
mouse,604,394,1775546542742
mouse,602,394,1775546542749
mouse,599,392,1775546542756
mouse,595,390,1775546542763
mouse,591,388,1775546542770
mouse,585,386,1775546542777
mouse,580,382,1775546542784
mouse,571,378,1775546542791
mouse,561,373,1775546542798
mouse,549,368,1775546542805
mouse,536,362,1775546542812
mouse,520,355,1775546542819
mouse,504,347,1775546542825
mouse,486,340,1775546542832
mouse,467,332,1775546542839
mouse,447,323,1775546542846
mouse,426,314,1775546542853
mouse,406,306,1775546542860
mouse,384,295,1775546542867
mouse,366,287,1775546542874
mouse,344,275,1775546542881
mouse,325,266,1775546542888
mouse,308,257,1775546542895
mouse,293,249,1775546542902
mouse,282,243,1775546542909
mouse,273,238,1775546542916
mouse,268,235,1775546542923
mouse,264,232,1775546542930
mouse,261,230,1775546542937
mouse,260,227,1775546542943
mouse,259,226,1775546542950
mouse,259,225,1775546542959
mouse,259,224,1775546542964
mouse,259,222,1775546542971
mouse,259,221,1775546542978
mouse,259,219,1775546542985
mouse,259,218,1775546542992
mouse,259,216,1775546542999
mouse,259,214,1775546543006
mouse,259,212,1775546543013
mouse,259,210,1775546543020
mouse,258,207,1775546543027
mouse,257,204,1775546543034
mouse,256,202,1775546543041
mouse,256,198,1775546543048
mouse,255,196,1775546543055
mouse,254,193,1775546543062
mouse,253,190,1775546543068
mouse,252,187,1775546543075
mouse,251,184,1775546543082
mouse,250,182,1775546543089
mouse,249,178,1775546543096
mouse,248,176,1775546543103
mouse,247,173,1775546543110
mouse,245,170,1775546543117
mouse,244,168,1775546543124
mouse,243,165,1775546543131
mouse,241,162,1775546543138
mouse,240,159,1775546543145
mouse,238,157,1775546543152
mouse,236,154,1775546543159
mouse,236,152,1775546543166
mouse,233,151,1775546543173
mouse,233,150,1775546543180
mouse,232,148,1775546543187
mouse,231,146,1775546543194
mouse,230,146,1775546543201
mouse,229,144,1775546543207
mouse,228,143,1775546543214
mouse,227,142,1775546543221
mouse,226,141,1775546543228
mouse,225,140,1775546543235
mouse,224,138,1775546543242
mouse,224,137,1775546543252
mouse,224,136,1775546543256
mouse,223,136,1775546543263
mouse,222,134,1775546543270
mouse,222,133,1775546543279
mouse,221,132,1775546543284
mouse,220,130,1775546543291
mouse,220,129,1775546543298
mouse,219,127,1775546543305
mouse,219,126,1775546543312
mouse,217,123,1775546543319
mouse,216,122,1775546543326
mouse,215,119,1775546543332
mouse,214,118,1775546543339
mouse,213,115,1775546543346
mouse,212,114,1775546543353
mouse,212,113,1775546543361
mouse,210,110,1775546543367
mouse,210,109,1775546543374
mouse,208,106,1775546543381
mouse,208,104,1775546543388
mouse,206,103,1775546543395
mouse,205,101,1775546543402
mouse,204,99,1775546543409
mouse,203,98,1775546543416
mouse,201,96,1775546543423
mouse,200,94,1775546543430
mouse,199,93,1775546543438
mouse,198,91,1775546543444
mouse,196,90,1775546543452
mouse,196,89,1775546543458
mouse,194,87,1775546543464
mouse,193,85,1775546543471
mouse,192,84,1775546543478
mouse,192,83,1775546543485
mouse,190,82,1775546543493
mouse,189,81,1775546543503
mouse,189,80,1775546543507
mouse,188,79,1775546543513
mouse,188,78,1775546543535
mouse,187,78,1775546543542
mouse,186,77,1775546543563
mouse,186,76,1775546543570
mouse,185,75,1775546543577
mouse,184,74,1775546543596
mouse,183,74,1775546543728
mouse,182,74,1775546543742
mouse,181,74,1775546543762
mouse,180,74,1775546543764
mouse,179,74,1775546543788
mouse,178,74,1775546543798
mouse,177,74,1775546543803
mouse,176,74,1775546543808
mouse,175,74,1775546543830
mouse,174,74,1775546543846
mouse,173,74,1775546543853
mouse,172,74,1775546543867
mouse,171,74,1775546543946
mouse,170,74,1775546543974
mouse,169,74,1775546544226
mouse,168,74,1775546544261
mouse,167,74,1775546544328
mouse,166,74,1775546544392
mouse,165,74,1775546544422
mouse,164,74,1775546544437
mouse,163,74,1775546544457
mouse,162,74,1775546544480
mouse,161,74,1775546544503
mouse,161,75,1775546544520
mouse,161,77,1775546544527
mouse,161,78,1775546544535
mouse,161,79,1775546544557
mouse,160,79,1775546544959
mouse,160,79,1775546544964
mouse,159,79,1775546544971
mouse,156,79,1775546544979
mouse,156,79,1775546544985
mouse,153,79,1775546544993
mouse,151,79,1775546544999
mouse,149,79,1775546545006
mouse,147,79,1775546545014
mouse,145,79,1775546545020
mouse,143,79,1775546545027
mouse,140,79,1775546545034
mouse,137,80,1775546545041
mouse,133,80,1775546545048
mouse,131,80,1775546545056
mouse,128,80,1775546545062
mouse,125,80,1775546545069
mouse,123,80,1775546545076
mouse,120,80,1775546545083
mouse,116,80,1775546545089
mouse,113,81,1775546545096
mouse,111,81,1775546545103
mouse,108,81,1775546545110
mouse,105,81,1775546545117
mouse,103,81,1775546545125
mouse,101,81,1775546545131
mouse,100,81,1775546545138
mouse,97,81,1775546545145
mouse,96,81,1775546545152
mouse,94,81,1775546545159
mouse,92,81,1775546545166
mouse,92,81,1775546545173
mouse,91,81,1775546545180
mouse,90,81,1775546545187
mouse,88,81,1775546545194
mouse,88,81,1775546545204
mouse,87,81,1775546545223
mouse,86,81,1775546545242
mouse,85,81,1775546545277
mouse,84,81,1775546545300
click,84,81,1775546545542
mouse,84,81,1775546545549
mouse,85,81,1775546545691
mouse,86,81,1775546545698
mouse,87,81,1775546545700
mouse,88,81,1775546545709
mouse,89,81,1775546545714
mouse,91,81,1775546545721
mouse,92,82,1775546545728
mouse,95,82,1775546545735
mouse,97,82,1775546545742
mouse,100,82,1775546545749
mouse,104,82,1775546545756
mouse,107,82,1775546545763
mouse,110,82,1775546545770
mouse,114,83,1775546545777
mouse,118,84,1775546545784
mouse,122,84,1775546545791
mouse,127,85,1775546545798
mouse,132,85,1775546545805
mouse,136,85,1775546545812
mouse,142,86,1775546545819
mouse,145,86,1775546545825
mouse,150,87,1775546545832
mouse,154,87,1775546545839
mouse,158,87,1775546545846
mouse,161,88,1775546545853
mouse,165,89,1775546545860
mouse,168,89,1775546545867
mouse,170,89,1775546545874
mouse,172,89,1775546545881
mouse,174,90,1775546545888
mouse,176,90,1775546545895
mouse,177,90,1775546545902
mouse,178,90,1775546545909
mouse,180,90,1775546545916
mouse,180,91,1775546545923
mouse,181,91,1775546545930
mouse,183,91,1775546545937
mouse,184,91,1775546545943
mouse,185,91,1775546545957
mouse,186,91,1775546545971
mouse,187,91,1775546545978
mouse,188,91,1775546545986
mouse,188,92,1775546546375
mouse,188,93,1775546546383
mouse,188,94,1775546546402
mouse,188,95,1775546546416
mouse,188,96,1775546546444
mouse,188,97,1775546546468
mouse,188,98,1775546546503
mouse,188,99,1775546546529
mouse,188,100,1775546546535
mouse,188,101,1775546546555
mouse,188,102,1775546546567
mouse,188,103,1775546546594
mouse,188,104,1775546546603
mouse,188,105,1775546546617
mouse,188,106,1775546546644
mouse,188,107,1775546546699
mouse,188,108,1775546546742
mouse,188,109,1775546546775
mouse,188,110,1775546546824
mouse,187,110,1775546546895
mouse,187,111,1775546546916
mouse,187,112,1775546546937
mouse,186,112,1775546546945
mouse,186,113,1775546546964
mouse,186,114,1775546547212
mouse,185,114,1775546547216
mouse,184,114,1775546547284
mouse,184,115,1775546547309
mouse,184,116,1775546547335
mouse,184,117,1775546547357
mouse,183,117,1775546547360
mouse,182,117,1775546547371
mouse,182,118,1775546547380
mouse,181,118,1775546547395
mouse,180,118,1775546547404
mouse,180,119,1775546547423
mouse,180,120,1775546547432
mouse,179,121,1775546547438
mouse,178,121,1775546547444
mouse,178,122,1775546547454
mouse,177,122,1775546547458
mouse,176,122,1775546547465
mouse,176,123,1775546547485
mouse,175,123,1775546547492
mouse,175,124,1775546547503
mouse,174,124,1775546547817
mouse,173,124,1775546548063
mouse,172,124,1775546548069
mouse,172,124,1775546548076
mouse,171,124,1775546548083
mouse,168,123,1775546548089
mouse,167,123,1775546548096
mouse,164,123,1775546548103
mouse,161,123,1775546548110
mouse,159,123,1775546548117
mouse,155,122,1775546548124
mouse,152,122,1775546548131
mouse,148,122,1775546548138
mouse,144,122,1775546548145
mouse,140,122,1775546548152
mouse,137,122,1775546548159
mouse,133,122,1775546548166
mouse,129,122,1775546548173
mouse,126,122,1775546548180
mouse,122,122,1775546548187
mouse,118,122,1775546548193
mouse,114,122,1775546548200
mouse,112,122,1775546548207
mouse,108,122,1775546548214
mouse,106,122,1775546548221
mouse,104,121,1775546548228
mouse,102,121,1775546548235
mouse,100,121,1775546548242
mouse,99,121,1775546548249
mouse,98,121,1775546548256
mouse,97,121,1775546548266
mouse,96,120,1775546548270
mouse,95,120,1775546548291
mouse,94,120,1775546548298
mouse,93,120,1775546548305
mouse,92,120,1775546548312
mouse,92,119,1775546548319
mouse,92,119,1775546548326
mouse,90,119,1775546548333
mouse,89,119,1775546548343
mouse,88,119,1775546548347
mouse,88,119,1775546548368
mouse,87,119,1775546548377
mouse,86,119,1775546548398
mouse,85,119,1775546548476
mouse,84,119,1775546548492
mouse,84,119,1775546548702
mouse,84,118,1775546548709
mouse,83,118,1775546548731
mouse,82,118,1775546548756
mouse,81,118,1775546548768
mouse,80,118,1775546548784
mouse,80,118,1775546548807
mouse,79,118,1775546548828
mouse,78,118,1775546548847
mouse,77,118,1775546548855
mouse,76,118,1775546548863
mouse,76,118,1775546548941
click,76,118,1775546548974
mouse,76,118,1775546548980
mouse,77,118,1775546549070
mouse,79,118,1775546549076
mouse,82,118,1775546549082
mouse,88,118,1775546549089
mouse,95,118,1775546549096
mouse,104,118,1775546549103
mouse,116,118,1775546549110
mouse,130,118,1775546549117
mouse,145,118,1775546549124
mouse,161,118,1775546549131
mouse,176,118,1775546549138
mouse,191,118,1775546549145
mouse,211,118,1775546549152
mouse,223,117,1775546549161
mouse,240,114,1775546549168
mouse,244,113,1775546549173
mouse,248,112,1775546549180
mouse,250,112,1775546549188
mouse,251,112,1775546551793
mouse,249,112,1775546552021
mouse,247,112,1775546552027
mouse,245,112,1775546552034
mouse,243,112,1775546552041
mouse,239,112,1775546552048
mouse,236,112,1775546552055
mouse,232,112,1775546552062
mouse,227,112,1775546552068
mouse,223,112,1775546552075
mouse,219,112,1775546552082
mouse,215,113,1775546552089
mouse,211,114,1775546552096
mouse,208,114,1775546552103
mouse,204,114,1775546552110
mouse,202,114,1775546552117
mouse,201,114,1775546552206
mouse,200,115,1775546552208
mouse,198,118,1775546552215
mouse,196,120,1775546552221
mouse,192,123,1775546552228
mouse,186,130,1775546552236
mouse,182,133,1775546552242
mouse,176,138,1775546552249
mouse,169,142,1775546552256
mouse,162,146,1775546552263
mouse,156,150,1775546552270
mouse,149,155,1775546552277
mouse,141,162,1775546552284
mouse,133,167,1775546552291
mouse,127,173,1775546552298
mouse,120,178,1775546552305
mouse,114,183,1775546552312
mouse,110,187,1775546552319
mouse,107,190,1775546552326
mouse,103,192,1775546552333
mouse,100,194,1775546552339
mouse,96,195,1775546552346
mouse,94,196,1775546552353
mouse,91,197,1775546552360
mouse,88,198,1775546552367
mouse,84,198,1775546552375
mouse,83,198,1775546552381
mouse,80,198,1775546552388
mouse,78,198,1775546552395
mouse,76,198,1775546552403
mouse,74,198,1775546552409
mouse,72,198,1775546552416
mouse,69,198,1775546552423
mouse,68,198,1775546552431
mouse,67,198,1775546552437
mouse,66,197,1775546552444
mouse,65,197,1775546552451
mouse,64,197,1775546552458
mouse,63,197,1775546552465
mouse,62,196,1775546552472
mouse,61,195,1775546552478
mouse,60,195,1775546552485
mouse,59,194,1775546552492
mouse,58,194,1775546552499
mouse,57,194,1775546552506
mouse,56,194,1775546552513
mouse,55,194,1775546552520
mouse,54,193,1775546552527
mouse,53,193,1775546552534
mouse,52,191,1775546552541
mouse,51,190,1775546552548
mouse,50,190,1775546552555
mouse,49,190,1775546552562
mouse,49,189,1775546552570
mouse,48,188,1775546552581
mouse,48,187,1775546552584
mouse,48,186,1775546552589
mouse,47,185,1775546552597
mouse,46,184,1775546552603
mouse,45,182,1775546552610
mouse,45,181,1775546552617
mouse,44,179,1775546552625
mouse,43,178,1775546552631
mouse,43,177,1775546552639
mouse,42,176,1775546552645
mouse,41,175,1775546552652
mouse,41,174,1775546552659
mouse,40,173,1775546552680
mouse,40,172,1775546552687
mouse,40,171,1775546552695
mouse,40,170,1775546552715
mouse,39,169,1775546552722
mouse,39,168,1775546552730
mouse,38,167,1775546552736
mouse,38,166,1775546552745
mouse,37,166,1775546552749
mouse,37,165,1775546552756
mouse,37,164,1775546552769
mouse,36,164,1775546552771
mouse,36,163,1775546552777
mouse,36,162,1775546552800
mouse,36,161,1775546552834
mouse,35,161,1775546552840
mouse,34,161,1775546552847
mouse,34,160,1775546552853
mouse,34,159,1775546552891
mouse,33,159,1775546552898
mouse,33,158,1775546553169
mouse,956,79,1775546558291
mouse,956,80,1775546558298
mouse,955,80,1775546559377
mouse,954,80,1775546559395
mouse,953,80,1775546559428
mouse,952,80,1775546559446
mouse,951,80,1775546559547
mouse,950,80,1775546559581
mouse,949,80,1775546559628
mouse,948,80,1775546559652
mouse,947,80,1775546559699
mouse,946,80,1775546559718
mouse,945,80,1775546559746
mouse,944,80,1775546559776
mouse,943,80,1775546559868
mouse,943,79,1775546559878
mouse,942,79,1775546559884
mouse,942,78,1775546559913
mouse,941,78,1775546559918
mouse,940,78,1775546559943
mouse,939,78,1775546560034
mouse,938,78,1775546560082
mouse,937,78,1775546560147
mouse,936,78,1775546560184
mouse,935,77,1775546560249
mouse,934,77,1775546560270
mouse,933,77,1775546560334
mouse,932,77,1775546560360
mouse,931,77,1775546560494
mouse,930,77,1775546560523
mouse,929,77,1775546560554
mouse,928,77,1775546560569
mouse,927,77,1775546560592
mouse,926,77,1775546560599
mouse,925,77,1775546560618
mouse,924,77,1775546560625
mouse,924,78,1775546560632
mouse,923,78,1775546560639
mouse,922,78,1775546560652
mouse,921,78,1775546560659
mouse,920,79,1775546560668
mouse,920,80,1775546560687
mouse,919,80,1775546560695
mouse,919,81,1775546560701
mouse,918,82,1775546560709
mouse,917,82,1775546560715
mouse,916,82,1775546560722
mouse,916,83,1775546560730
mouse,915,83,1775546560736
mouse,915,84,1775546560742
mouse,914,84,1775546560749
mouse,913,85,1775546560756
mouse,912,86,1775546560763
mouse,911,86,1775546560776
mouse,911,87,1775546560777
mouse,911,88,1775546560784
mouse,910,88,1775546560791
mouse,910,89,1775546560798
mouse,908,90,1775546560805
mouse,907,91,1775546560826
mouse,906,92,1775546560834
mouse,905,93,1775546560840
mouse,904,94,1775546560848
mouse,903,94,1775546560857
mouse,903,95,1775546560861
mouse,903,96,1775546560867
mouse,902,96,1775546560874
mouse,901,97,1775546560881
mouse,900,98,1775546560888
mouse,899,99,1775546560909
mouse,898,99,1775546560918
mouse,897,101,1775546560923
mouse,897,102,1775546560931
mouse,896,102,1775546560937
mouse,895,103,1775546560944
mouse,894,104,1775546560951
mouse,893,106,1775546560959
mouse,892,106,1775546560964
mouse,890,108,1775546560972
mouse,888,109,1775546560978
mouse,887,110,1775546560985
mouse,884,113,1775546560992
mouse,883,114,1775546560999
mouse,880,116,1775546561006
mouse,878,119,1775546561014
mouse,876,120,1775546561020
mouse,874,123,1775546561027
mouse,872,124,1775546561034
mouse,869,126,1775546561041
mouse,867,128,1775546561048
mouse,865,130,1775546561056
mouse,863,131,1775546561062
mouse,861,134,1775546561069
mouse,859,135,1775546561076
mouse,858,136,1775546561082
mouse,856,137,1775546561090
mouse,855,139,1775546561098
mouse,853,140,1775546561103
mouse,852,142,1775546561111
mouse,851,143,1775546561117
mouse,848,145,1775546561124
mouse,848,147,1775546561131
mouse,847,149,1775546561139
mouse,844,151,1775546561145
mouse,844,153,1775546561152
mouse,842,155,1775546561159
mouse,840,157,1775546561167
mouse,839,159,1775546561173
mouse,837,161,1775546561180
mouse,836,162,1775546561188
mouse,835,163,1775546561194
mouse,833,165,1775546561201
mouse,832,166,1775546561207
mouse,831,168,1775546561214
mouse,830,170,1775546561221
mouse,828,171,1775546561228
mouse,827,173,1775546561235
mouse,826,174,1775546561242
mouse,824,176,1775546561249
mouse,824,177,1775546561256
mouse,823,178,1775546561263
mouse,821,180,1775546561270
mouse,820,181,1775546561277
mouse,820,182,1775546561284
mouse,818,183,1775546561291
mouse,817,185,1775546561298
mouse,816,186,1775546561305
mouse,815,186,1775546561312
mouse,814,188,1775546561319
mouse,813,190,1775546561326
mouse,812,190,1775546561333
mouse,811,192,1775546561339
mouse,809,193,1775546561346
mouse,808,194,1775546561353
mouse,807,196,1775546561360
mouse,805,197,1775546561367
mouse,804,198,1775546561374
mouse,802,199,1775546561382
mouse,801,200,1775546561388
mouse,800,201,1775546561395
mouse,799,202,1775546561402
mouse,797,203,1775546561409
mouse,796,204,1775546561417
mouse,795,205,1775546561423
mouse,793,206,1775546561430
mouse,792,207,1775546561437
mouse,791,208,1775546561444
mouse,789,210,1775546561451
mouse,788,210,1775546561458
mouse,786,212,1775546561464
mouse,784,213,1775546561471
mouse,784,214,1775546561479
mouse,780,216,1775546561486
mouse,779,217,1775546561492
mouse,776,218,1775546561499
mouse,774,220,1775546561506
mouse,772,221,1775546561513
mouse,770,222,1775546561520
mouse,768,223,1775546561527
mouse,766,224,1775546561534
mouse,764,226,1775546561542
mouse,762,226,1775546561548
mouse,760,228,1775546561555
mouse,759,228,1775546561562
mouse,757,229,1775546561569
mouse,756,230,1775546561576
mouse,754,230,1775546561583
mouse,752,232,1775546561591
mouse,751,232,1775546561596
mouse,749,233,1775546561603
mouse,748,234,1775546561610
mouse,745,234,1775546561618
mouse,744,236,1775546561624
mouse,742,236,1775546561631
mouse,740,238,1775546561638
mouse,739,238,1775546561645
mouse,736,239,1775546561652
mouse,734,240,1775546561660
mouse,733,242,1775546561666
mouse,731,242,1775546561673
mouse,728,242,1775546561680
mouse,727,244,1775546561687
mouse,726,244,1775546561694
mouse,724,245,1775546561701
mouse,722,246,1775546561708
mouse,720,247,1775546561715
mouse,719,248,1775546561721
mouse,717,248,1775546561728
mouse,715,250,1775546561735
mouse,712,250,1775546561742
mouse,710,252,1775546561749
mouse,706,253,1775546561756
mouse,703,254,1775546561763
mouse,700,256,1775546561770
mouse,694,258,1775546561777
mouse,689,259,1775546561784
mouse,684,261,1775546561791
mouse,680,262,1775546561798
mouse,674,264,1775546561805
mouse,668,266,1775546561812
mouse,662,267,1775546561819
mouse,656,268,1775546561826
mouse,650,270,1775546561833
mouse,644,270,1775546561840
mouse,637,272,1775546561846
mouse,631,274,1775546561853
mouse,624,274,1775546561861
mouse,617,274,1775546561867
mouse,610,275,1775546561874
mouse,601,275,1775546561881
mouse,592,275,1775546561888
mouse,582,275,1775546561895
mouse,572,274,1775546561902
mouse,562,274,1775546561909
mouse,552,272,1775546561916
mouse,543,270,1775546561923
mouse,536,270,1775546561930
mouse,529,269,1775546561937
mouse,524,268,1775546561944
mouse,520,267,1775546561951
mouse,516,266,1775546561958
mouse,512,266,1775546561965
mouse,508,264,1775546561972
mouse,504,263,1775546561978
mouse,501,262,1775546561985
mouse,496,259,1775546561993
mouse,492,257,1775546561999
mouse,486,254,1775546562006
mouse,480,251,1775546562013
mouse,474,248,1775546562020
mouse,470,246,1775546562027
mouse,464,242,1775546562034
mouse,461,241,1775546562041
mouse,456,239,1775546562048
mouse,454,238,1775546562055
mouse,452,236,1775546562062
mouse,449,234,1775546562070
mouse,448,233,1775546562076
mouse,445,231,1775546562082
mouse,444,230,1775546562089
mouse,443,228,1775546562096
mouse,442,226,1775546562104
mouse,441,226,1775546562110
mouse,440,225,1775546562117
mouse,439,223,1775546562124
mouse,438,222,1775546562131
mouse,437,219,1775546562138
mouse,436,217,1775546562145
mouse,435,214,1775546562152
mouse,434,214,1775546562159
mouse,433,211,1775546562166
mouse,432,208,1775546562173
mouse,431,205,1775546562180
mouse,428,201,1775546562187
mouse,427,198,1775546562194
mouse,424,194,1775546562201
mouse,423,192,1775546562208
mouse,421,189,1775546562215
mouse,420,188,1775546562221
mouse,419,186,1775546562228
mouse,417,185,1775546562235
mouse,416,183,1775546562243
mouse,416,182,1775546562249
mouse,413,181,1775546562256
mouse,413,180,1775546562263
mouse,412,179,1775546562270
mouse,409,177,1775546562277
mouse,408,176,1775546562284
mouse,406,175,1775546562291
mouse,405,174,1775546562298
mouse,404,173,1775546562305
mouse,403,171,1775546562312
mouse,401,170,1775546562319
mouse,400,170,1775546562331
mouse,400,169,1775546562335
mouse,400,168,1775546562365
mouse,399,168,1775546562367
mouse,399,167,1775546562388
mouse,398,167,1775546562396
mouse,397,166,1775546562416
mouse,396,165,1775546562437
mouse,396,164,1775546562460
mouse,395,164,1775546562470
mouse,395,163,1775546562538
mouse,394,163,1775546562564
mouse,394,162,1775546563013
mouse,395,162,1775546563064
mouse,396,161,1775546563083
mouse,396,160,1775546563090
mouse,397,160,1775546563097
mouse,399,159,1775546563105
mouse,400,159,1775546563111
mouse,400,158,1775546563118
mouse,403,158,1775546563125
mouse,404,158,1775546563131
mouse,405,157,1775546563139
mouse,406,156,1775546563145
mouse,407,156,1775546563152
mouse,408,155,1775546563159
mouse,409,155,1775546563169
mouse,409,154,1775546563177
mouse,410,154,1775546563180
mouse,411,154,1775546563194
mouse,410,154,1775546563351
mouse,409,153,1775546563354
mouse,408,151,1775546563360
mouse,405,150,1775546563367
mouse,403,150,1775546563374
mouse,400,147,1775546563381
mouse,397,146,1775546563388
mouse,395,146,1775546563395
mouse,392,144,1775546563402
mouse,388,143,1775546563409
mouse,385,142,1775546563416
mouse,381,141,1775546563423
mouse,377,138,1775546563430
mouse,373,138,1775546563437
mouse,368,136,1775546563444
mouse,362,134,1775546563451
mouse,356,132,1775546563457
mouse,351,130,1775546563464
mouse,344,127,1775546563471
mouse,336,124,1775546563478
mouse,330,122,1775546563485
mouse,322,118,1775546563492
mouse,315,115,1775546563499
mouse,307,112,1775546563506
mouse,299,109,1775546563513
mouse,291,106,1775546563520
mouse,284,102,1775546563527
mouse,275,99,1775546563534
mouse,268,97,1775546563541
mouse,261,94,1775546563548
mouse,255,92,1775546563555
mouse,249,90,1775546563562
mouse,245,87,1775546563569
mouse,240,85,1775546563576
mouse,236,83,1775546563583
mouse,233,82,1775546563590
mouse,230,81,1775546563597
mouse,227,79,1775546563604
mouse,224,79,1775546563611
mouse,222,78,1775546563618
mouse,220,77,1775546563625
mouse,219,76,1775546563631
mouse,218,76,1775546563638
mouse,216,75,1775546563645
mouse,215,75,1775546563652
mouse,214,74,1775546563660
mouse,213,74,1775546563666
mouse,212,74,1775546563673
mouse,212,73,1775546563694
mouse,211,73,1775546563708
mouse,210,73,1775546563768
mouse,209,73,1775546563786
mouse,208,73,1775546563805
mouse,207,73,1775546563832
mouse,206,73,1775546563847
mouse,205,73,1775546563867
mouse,204,73,1775546563874
mouse,203,73,1775546563887
mouse,202,73,1775546563891
mouse,201,73,1775546563909
mouse,200,73,1775546563916
mouse,200,74,1775546563927
mouse,199,74,1775546564007
click,199,74,1775546565901
mouse,198,74,1775546566175
mouse,197,74,1775546566197
mouse,196,74,1775546566206
mouse,195,74,1775546566238
mouse,194,74,1775546566244
mouse,193,74,1775546566253
mouse,192,74,1775546566261
mouse,191,74,1775546566279
mouse,191,75,1775546566284
mouse,190,75,1775546566292
mouse,189,75,1775546566313
mouse,188,75,1775546566319
mouse,188,76,1775546566333
mouse,187,76,1775546566345
mouse,186,76,1775546566347
mouse,185,76,1775546566367
mouse,184,76,1775546566375
mouse,183,76,1775546566402
mouse,182,76,1775546566423
mouse,181,76,1775546566435
mouse,181,77,1775546566438
mouse,180,77,1775546566444
mouse,179,77,1775546566465
mouse,178,77,1775546566476
mouse,177,77,1775546566480
mouse,176,77,1775546566486
mouse,175,77,1775546566496
mouse,174,77,1775546566502
mouse,173,77,1775546566510
mouse,172,77,1775546566513
mouse,171,77,1775546566523
mouse,170,77,1775546566532
mouse,169,77,1775546566537
mouse,168,77,1775546566541
mouse,167,77,1775546566551
mouse,166,77,1775546566558
mouse,165,77,1775546566562
mouse,164,77,1775546566569
mouse,163,77,1775546566576
mouse,160,77,1775546566583
mouse,159,76,1775546566590
mouse,157,76,1775546566597
mouse,155,76,1775546566603
mouse,153,76,1775546566611
mouse,151,76,1775546566618
mouse,149,75,1775546566624
mouse,148,75,1775546566631
mouse,147,75,1775546566638
mouse,145,75,1775546566645
mouse,144,75,1775546566654
mouse,143,75,1775546566662
mouse,142,75,1775546566680
mouse,141,75,1775546566692
mouse,140,75,1775546566717
mouse,139,75,1775546566766
mouse,138,75,1775546566820
mouse,137,75,1775546566883
mouse,136,75,1775546566930
mouse,135,76,1775546567013
mouse,135,77,1775546567059
mouse,135,78,1775546567084
mouse,135,79,1775546567223
mouse,135,80,1775546567259
mouse,135,81,1775546567300
mouse,135,82,1775546567337
mouse,135,83,1775546567411
mouse,135,84,1775546567417
mouse,135,85,1775546567439
mouse,135,86,1775546567448
mouse,136,86,1775546567474
mouse,136,87,1775546567479
mouse,136,88,1775546567486
mouse,136,89,1775546567493
mouse,137,90,1775546567499
mouse,138,90,1775546567506
mouse,138,91,1775546567513
mouse,139,92,1775546567520
mouse,140,92,1775546567528
mouse,140,93,1775546567535
mouse,140,94,1775546567543
mouse,140,95,1775546567574
mouse,141,95,1775546567576
mouse,141,96,1775546567585
mouse,142,96,1775546567593
mouse,142,97,1775546567611
mouse,143,97,1775546567617
mouse,144,98,1775546567624
mouse,145,98,1775546567770
mouse,146,98,1775546567777
mouse,147,98,1775546567790
mouse,148,98,1775546567791
mouse,149,97,1775546567803
mouse,150,97,1775546567808
mouse,150,96,1775546567813
mouse,151,95,1775546567819
mouse,152,95,1775546567826
mouse,152,94,1775546567834
mouse,152,93,1775546567840
mouse,153,93,1775546567847
mouse,154,91,1775546567854
mouse,154,90,1775546567861
mouse,154,89,1775546567867
mouse,154,88,1775546567878
mouse,154,87,1775546567881
mouse,154,86,1775546567902
mouse,154,85,1775546567910
mouse,155,85,1775546567916
mouse,155,84,1775546567924
mouse,155,83,1775546567931
mouse,155,82,1775546567955
mouse,155,81,1775546567972
mouse,156,80,1775546567999
mouse,156,79,1775546568051
mouse,155,79,1775546568324
mouse,154,79,1775546568333
mouse,153,79,1775546568335
mouse,152,79,1775546568341
mouse,152,79,1775546568348
mouse,151,79,1775546568354
mouse,149,79,1775546568361
mouse,147,79,1775546568368
mouse,145,79,1775546568374
mouse,143,79,1775546568381
mouse,141,79,1775546568388
mouse,139,79,1775546568396
mouse,137,79,1775546568402
mouse,135,79,1775546568410
mouse,133,79,1775546568417
mouse,131,79,1775546568423
mouse,129,79,1775546568430
mouse,128,79,1775546568437
mouse,126,79,1775546568444
mouse,124,79,1775546568451
mouse,123,79,1775546568458
mouse,121,79,1775546568465
mouse,120,79,1775546568471
mouse,119,79,1775546568479
mouse,117,79,1775546568486
mouse,116,79,1775546568493
mouse,115,79,1775546568499
mouse,113,79,1775546568506
mouse,112,79,1775546568514
mouse,112,79,1775546568520
mouse,109,79,1775546568528
mouse,108,79,1775546568534
mouse,107,79,1775546568541
mouse,105,79,1775546568548
mouse,104,79,1775546568555
mouse,103,79,1775546568562
mouse,102,79,1775546568569
mouse,100,79,1775546568576
mouse,100,79,1775546568583
mouse,99,79,1775546568590
mouse,98,79,1775546568598
mouse,96,79,1775546568604
mouse,96,79,1775546568610
mouse,95,79,1775546568617
mouse,94,79,1775546568624
mouse,92,79,1775546568631
mouse,92,79,1775546568638
mouse,91,79,1775546568645
mouse,90,79,1775546568652
mouse,88,79,1775546568659
mouse,88,79,1775546568666
mouse,87,79,1775546568675
mouse,86,79,1775546568680
mouse,85,79,1775546568690
mouse,84,79,1775546568694
mouse,84,79,1775546568702
mouse,83,79,1775546568711
mouse,82,79,1775546568729
mouse,81,79,1775546568770
mouse,80,79,1775546568781
mouse,80,79,1775546568836
click,80,79,1775546569054
mouse,80,79,1775546569062
mouse,81,79,1775546569330
mouse,83,79,1775546569347
mouse,84,79,1775546569354
mouse,85,79,1775546569361
mouse,86,79,1775546569370
mouse,87,79,1775546569374
mouse,88,79,1775546569384
mouse,89,79,1775546569394
mouse,90,79,1775546569409
mouse,91,79,1775546569416
mouse,92,79,1775546569423
mouse,93,79,1775546569431
mouse,93,78,1775546569438
mouse,94,78,1775546569444
mouse,95,78,1775546569451
mouse,96,78,1775546569458
mouse,97,78,1775546569466
mouse,98,78,1775546569473
mouse,99,78,1775546569482
mouse,100,77,1775546569499
mouse,101,77,1775546569520
mouse,102,77,1775546569572
mouse,103,77,1775546569654
mouse,104,77,1775546569677
mouse,105,77,1775546569718
mouse,106,77,1775546569739
mouse,107,76,1775546569770
mouse,108,76,1775546570026
mouse,110,76,1775546570048
mouse,111,76,1775546570055
mouse,111,75,1775546570062
mouse,112,75,1775546570076
mouse,113,75,1775546570089
mouse,114,75,1775546570095
mouse,115,75,1775546570101
mouse,116,75,1775546570200
mouse,117,75,1775546570227
mouse,118,75,1775546570234
mouse,119,75,1775546570250
mouse,120,75,1775546570287
mouse,121,75,1775546570328
mouse,122,75,1775546570347
mouse,123,75,1775546570354
mouse,124,75,1775546570374
mouse,125,75,1775546570388
mouse,126,75,1775546570394
mouse,127,75,1775546570397
mouse,128,75,1775546570409
mouse,129,75,1775546570430
mouse,130,75,1775546570437
mouse,131,75,1775546570458
mouse,132,75,1775546570465
mouse,133,75,1775546570490
mouse,134,75,1775546570495
mouse,135,75,1775546570525
mouse,136,75,1775546570549
mouse,137,75,1775546570626
mouse,138,75,1775546570635
mouse,139,75,1775546570681
mouse,139,76,1775546570693
mouse,140,76,1775546570694
mouse,141,76,1775546570715
mouse,142,76,1775546570722
mouse,143,77,1775546570728
mouse,144,77,1775546570735
mouse,145,78,1775546570742
mouse,146,78,1775546570749
mouse,147,78,1775546570763
mouse,148,78,1775546570765
mouse,150,79,1775546570798
mouse,150,80,1775546570805
mouse,152,80,1775546570812
mouse,153,81,1775546570826
mouse,154,81,1775546570828
mouse,154,82,1775546570833
mouse,156,82,1775546570841
mouse,157,82,1775546570849
mouse,157,83,1775546570854
mouse,158,84,1775546570861
mouse,159,84,1775546570868
mouse,160,85,1775546570874
mouse,160,86,1775546570882
mouse,161,86,1775546570888
mouse,162,87,1775546570895
mouse,162,88,1775546570902
mouse,163,88,1775546570910
mouse,164,89,1775546570916
mouse,164,90,1775546570923
mouse,164,91,1775546570932
mouse,166,92,1775546570937
mouse,166,93,1775546570946
mouse,167,93,1775546570951
mouse,167,94,1775546570958
mouse,168,94,1775546570965
mouse,168,95,1775546570972
mouse,168,96,1775546570979
mouse,168,97,1775546570988
mouse,169,97,1775546570992
mouse,170,98,1775546570999
mouse,170,99,1775546571009
mouse,171,100,1775546571013
mouse,172,100,1775546571020
mouse,172,101,1775546571027
mouse,173,102,1775546571034
mouse,174,103,1775546571041
mouse,176,104,1775546571049
mouse,176,105,1775546571055
mouse,177,106,1775546571063
mouse,178,106,1775546571069
mouse,179,107,1775546571076
mouse,180,108,1775546571083
mouse,180,109,1775546571120
mouse,182,110,1775546571125
mouse,184,110,1775546571137
mouse,184,111,1775546571145
mouse,184,112,1775546571150
mouse,185,112,1775546571155
mouse,186,112,1775546571159
mouse,188,113,1775546571169
mouse,188,114,1775546571176
mouse,189,114,1775546571185
mouse,190,114,1775546571187
mouse,190,115,1775546571194
mouse,191,115,1775546571215
mouse,192,116,1775546571222
mouse,192,117,1775546571235
mouse,193,117,1775546571236
mouse,194,117,1775546571243
mouse,195,118,1775546571250
mouse,196,118,1775546571256
mouse,198,119,1775546571263
mouse,200,120,1775546571270
mouse,202,121,1775546571277
mouse,203,122,1775546571284
mouse,204,122,1775546571291
mouse,206,122,1775546571298
mouse,206,123,1775546571305
mouse,208,124,1775546571312
mouse,209,125,1775546571320
mouse,210,125,1775546571326
mouse,212,126,1775546571334
mouse,213,126,1775546571340
mouse,215,126,1775546571348
mouse,216,127,1775546571354
mouse,218,128,1775546571362
mouse,220,129,1775546571368
mouse,221,130,1775546571374
mouse,223,130,1775546571381
mouse,224,130,1775546571388
mouse,225,131,1775546571395
mouse,227,132,1775546571402
mouse,229,132,1775546571410
mouse,229,133,1775546571416
mouse,232,134,1775546571423
mouse,233,134,1775546571430
mouse,235,134,1775546571437
mouse,236,135,1775546571444
mouse,237,135,1775546571451
mouse,239,135,1775546571459
mouse,240,135,1775546571465
mouse,241,136,1775546571472
mouse,242,136,1775546571480
mouse,244,137,1775546571485
mouse,245,137,1775546571495
mouse,245,138,1775546571499
mouse,246,138,1775546571506
mouse,248,138,1775546571513
mouse,249,138,1775546571520
mouse,250,138,1775546571527
mouse,252,138,1775546571534
mouse,253,138,1775546571541
mouse,255,138,1775546571549
mouse,256,138,1775546571555
mouse,258,138,1775546571562
mouse,260,138,1775546571569
mouse,261,138,1775546571576
mouse,263,138,1775546571583
mouse,264,137,1775546571591
mouse,265,136,1775546571597
mouse,267,136,1775546571604
mouse,269,136,1775546571611
mouse,270,136,1775546571617
mouse,271,136,1775546571624
mouse,272,135,1775546571632
mouse,273,135,1775546571638
mouse,275,134,1775546571645
mouse,276,134,1775546571652
mouse,278,134,1775546571660
mouse,280,134,1775546571666
mouse,280,133,1775546571674
mouse,282,133,1775546571680
mouse,283,133,1775546571687
mouse,284,132,1775546571695
mouse,285,132,1775546571702
mouse,285,131,1775546571709
mouse,286,131,1775546571715
mouse,287,131,1775546571722
mouse,287,130,1775546571735
mouse,288,130,1775546571736
mouse,289,130,1775546571770
mouse,290,130,1775546571781
mouse,291,130,1775546571798
mouse,292,130,1775546571820
mouse,292,129,1775546571888
mouse,291,129,1775546572204
mouse,290,129,1775546572208
mouse,289,129,1775546572215
mouse,288,129,1775546572222
mouse,287,129,1775546572231
mouse,286,129,1775546572236
mouse,285,129,1775546572243
mouse,284,129,1775546572250
mouse,283,129,1775546572257
mouse,282,129,1775546572263
mouse,281,129,1775546572270
mouse,280,129,1775546572277
mouse,279,129,1775546572306
mouse,278,129,1775546572315
mouse,277,129,1775546572343
mouse,277,128,1775546575296
mouse,276,128,1775546575600
mouse,275,128,1775546575608
mouse,272,128,1775546575612
mouse,271,128,1775546575617
mouse,269,128,1775546575625
mouse,268,128,1775546575632
mouse,266,128,1775546575638
mouse,265,128,1775546575645
mouse,266,128,1775546575669
mouse,267,128,1775546575673
mouse,269,128,1775546575680
mouse,273,128,1775546575687
mouse,278,128,1775546575694
mouse,284,128,1775546575701
mouse,291,127,1775546575708
mouse,298,126,1775546575715
mouse,304,126,1775546575722
mouse,312,126,1775546575729
mouse,318,126,1775546575735
mouse,325,126,1775546575743
mouse,333,126,1775546575749
mouse,341,126,1775546575756
mouse,349,126,1775546575763
mouse,357,126,1775546575770
mouse,364,127,1775546575777
mouse,370,128,1775546575784
mouse,376,128,1775546575791
mouse,378,128,1775546575798
mouse,380,128,1775546575805
mouse,380,128,1775546575806
click,380,128,1775546575891
mouse,381,128,1775546576031
mouse,382,128,1775546576041
mouse,382,129,1775546576048
mouse,383,130,1775546576086
mouse,384,130,1775546576093
mouse,384,132,1775546576111
mouse,385,134,1775546576117
mouse,386,134,1775546576124
mouse,388,136,1775546576131
mouse,388,138,1775546576138
mouse,389,139,1775546576147
mouse,391,142,1775546576154
mouse,392,144,1775546576159
mouse,393,146,1775546576166
mouse,394,148,1775546576176
mouse,396,151,1775546576182
mouse,396,154,1775546576187
mouse,398,155,1775546576194
mouse,400,158,1775546576201
mouse,400,160,1775546576208
mouse,401,162,1775546576215
mouse,403,164,1775546576222
mouse,404,166,1775546576229
mouse,404,167,1775546576236
mouse,405,168,1775546576242
mouse,406,170,1775546576249
mouse,407,171,1775546576256
mouse,408,171,1775546576263
mouse,408,173,1775546576270
mouse,409,174,1775546576277
mouse,409,175,1775546576289
mouse,410,175,1775546576292
mouse,411,175,1775546576303
mouse,411,176,1775546576308
mouse,411,177,1775546576334
mouse,412,177,1775546576440
mouse,412,178,1775546576527
mouse,413,179,1775546576660
mouse,416,181,1775546576687
mouse,416,182,1775546576701
mouse,417,183,1775546576708
mouse,420,183,1775546576715
mouse,420,185,1775546576722
mouse,422,186,1775546576728
mouse,424,187,1775546576735
mouse,425,188,1775546576742
mouse,426,189,1775546576749
mouse,428,190,1775546576756
mouse,429,191,1775546576764
mouse,430,192,1775546576770
mouse,431,193,1775546576777
mouse,432,193,1775546576784
mouse,433,194,1775546576813
mouse,433,195,1775546576819
mouse,434,196,1775546576826
mouse,435,198,1775546576833
mouse,435,199,1775546576840
mouse,436,200,1775546576855
mouse,436,201,1775546576875
mouse,437,202,1775546576890
mouse,439,205,1775546576916
mouse,440,205,1775546576930
mouse,442,206,1775546576938
mouse,443,207,1775546576951
mouse,444,207,1775546576958
mouse,445,208,1775546576965
mouse,447,209,1775546576972
mouse,449,210,1775546576979
mouse,451,210,1775546576985
mouse,453,211,1775546576993
mouse,455,212,1775546576999
mouse,457,213,1775546577006
mouse,459,213,1775546577013
mouse,461,214,1775546577021
mouse,462,214,1775546577027
mouse,464,214,1775546577034
mouse,465,215,1775546577041
mouse,467,215,1775546577048
mouse,468,215,1775546577055
mouse,469,216,1775546577062
mouse,470,217,1775546577069
mouse,471,217,1775546577076
mouse,472,217,1775546577083
mouse,474,218,1775546577090
mouse,476,218,1775546577098
mouse,478,218,1775546577103
mouse,480,220,1775546577110
mouse,483,221,1775546577117
mouse,484,221,1775546577124
mouse,487,222,1775546577131
mouse,489,223,1775546577139
mouse,491,224,1775546577145
mouse,492,225,1775546577152
mouse,493,225,1775546577159
mouse,495,226,1775546577166
mouse,496,227,1775546577173
mouse,497,228,1775546577181
mouse,498,228,1775546577187
mouse,500,230,1775546577194
mouse,501,230,1775546577208
mouse,502,231,1775546577216
mouse,503,232,1775546577222
mouse,504,232,1775546577229
mouse,505,234,1775546577235
mouse,506,234,1775546577243
mouse,508,235,1775546577249
mouse,509,236,1775546577257
mouse,511,238,1775546577263
mouse,512,238,1775546577270
mouse,514,240,1775546577277
mouse,516,242,1775546577285
mouse,517,242,1775546577291
mouse,520,245,1775546577299
mouse,522,246,1775546577305
mouse,524,248,1775546577312
mouse,526,250,1775546577319
mouse,529,252,1775546577326
mouse,532,254,1775546577333
mouse,535,256,1775546577340
mouse,538,259,1775546577347
mouse,540,261,1775546577353
mouse,544,263,1775546577360
mouse,547,266,1775546577367
mouse,551,268,1775546577374
mouse,554,270,1775546577381
mouse,557,272,1775546577388
mouse,561,274,1775546577395
mouse,564,274,1775546577402
mouse,567,276,1775546577410
mouse,570,277,1775546577417
mouse,572,278,1775546577423
mouse,576,278,1775546577431
mouse,576,279,1775546577437
mouse,580,279,1775546577444
mouse,582,281,1775546577451
mouse,584,281,1775546577458
mouse,586,282,1775546577465
mouse,588,282,1775546577472
mouse,589,282,1775546577479
mouse,592,283,1775546577486
mouse,593,283,1775546577493
mouse,596,284,1775546577499
mouse,597,285,1775546577506
mouse,600,285,1775546577514
mouse,601,285,1775546577521
mouse,602,286,1775546577528
mouse,603,286,1775546577534
mouse,604,286,1775546577541
mouse,603,286,1775546578382
mouse,602,286,1775546578388
mouse,601,286,1775546578417
mouse,600,286,1775546578432
mouse,599,285,1775546578480
mouse,598,285,1775546578487
mouse,596,284,1775546578494
mouse,595,283,1775546578500
mouse,594,283,1775546578507
mouse,592,283,1775546578514
mouse,591,283,1775546578520
mouse,590,282,1775546578527
mouse,589,282,1775546578534
mouse,588,282,1775546578541
mouse,587,282,1775546578556
mouse,586,282,1775546578563
mouse,584,282,1775546578569
mouse,582,282,1775546578576
mouse,581,281,1775546578583
mouse,579,281,1775546578590
mouse,576,280,1775546578597
mouse,572,279,1775546578604
mouse,569,278,1775546578610
mouse,566,278,1775546578617
mouse,563,277,1775546578625
mouse,560,276,1775546578632
mouse,557,275,1775546578638
mouse,556,275,1775546578645
mouse,554,275,1775546578648
mouse,550,274,1775546578659
mouse,549,274,1775546578666
mouse,546,274,1775546578673
mouse,544,273,1775546578680
mouse,540,271,1775546578695
mouse,538,271,1775546578701
mouse,536,270,1775546578708
mouse,534,270,1775546578715
mouse,532,269,1775546578723
mouse,530,268,1775546578728
mouse,528,267,1775546578736
mouse,525,267,1775546578743
mouse,524,266,1775546578749
mouse,520,266,1775546578756
mouse,516,265,1775546578770
mouse,514,264,1775546578778
mouse,512,264,1775546578784
mouse,510,263,1775546578791
mouse,508,262,1775546578798
mouse,506,262,1775546578805
mouse,504,262,1775546578812
mouse,504,261,1775546578819
mouse,502,260,1775546578826
mouse,500,260,1775546578833
mouse,500,259,1775546578841
mouse,497,258,1775546578847
mouse,496,258,1775546578854
mouse,494,258,1775546578861
mouse,492,257,1775546578868
mouse,490,256,1775546578875
mouse,489,256,1775546578881
mouse,488,255,1775546578888
mouse,487,254,1775546578917
mouse,486,254,1775546578944
mouse,485,254,1775546579007
mouse,484,254,1775546579021
mouse,482,252,1775546579042
mouse,481,252,1775546579055
mouse,480,251,1775546579062
mouse,478,251,1775546579069
mouse,477,250,1775546579076
mouse,476,250,1775546579083
mouse,476,249,1775546579090
mouse,475,248,1775546579097
mouse,473,247,1775546579104
mouse,472,246,1775546579111
mouse,470,246,1775546579118
mouse,467,244,1775546579125
mouse,465,242,1775546579131
mouse,463,241,1775546579138
mouse,460,240,1775546579145
mouse,457,238,1775546579152
mouse,454,237,1775546579159
mouse,452,236,1775546579166
mouse,449,234,1775546579173
mouse,447,234,1775546579180
mouse,444,233,1775546579187
mouse,443,232,1775546579194
mouse,442,231,1775546579201
mouse,440,231,1775546579208
mouse,440,230,1775546579215
mouse,439,230,1775546579222
mouse,438,230,1775546579250
mouse,438,228,1775546579383
mouse,438,227,1775546579424
mouse,438,226,1775546579480
mouse,438,225,1775546579674
mouse,438,224,1775546579680
mouse,438,223,1775546579687
mouse,439,222,1775546579695
mouse,440,222,1775546579708
mouse,440,221,1775546579722
mouse,440,220,1775546579729
mouse,440,219,1775546579736
mouse,440,218,1775546579743
mouse,440,216,1775546579756
mouse,440,214,1775546579784
mouse,440,213,1775546579812
mouse,440,212,1775546579826
mouse,440,211,1775546579840
mouse,440,210,1775546579854
mouse,440,209,1775546579868
mouse,440,208,1775546579874
mouse,439,207,1775546579888
mouse,439,206,1775546579916
mouse,438,206,1775546579923
mouse,437,205,1775546579937
mouse,436,204,1775546579944
mouse,435,203,1775546579972
mouse,434,202,1775546579986
mouse,432,202,1775546580014
mouse,432,201,1775546580027
mouse,431,201,1775546580034
mouse,430,200,1775546580041
mouse,429,200,1775546580048
mouse,428,200,1775546580055
mouse,428,199,1775546580062
mouse,427,199,1775546580072
mouse,427,198,1775546580076
mouse,426,198,1775546580085
mouse,425,198,1775546580090
mouse,424,198,1775546580097
mouse,423,198,1775546580107
mouse,423,197,1775546580111
mouse,421,197,1775546580117
mouse,420,196,1775546580124
mouse,419,196,1775546580134
mouse,418,196,1775546580143
mouse,417,196,1775546580145
mouse,417,195,1775546580152
mouse,416,195,1775546580159
mouse,415,194,1775546580166
mouse,414,194,1775546580174
mouse,413,194,1775546580180
mouse,412,194,1775546580187
mouse,411,194,1775546580195
mouse,410,194,1775546580202
mouse,409,193,1775546580208
mouse,408,193,1775546580215
mouse,407,192,1775546580223
mouse,406,192,1775546580231
mouse,405,192,1775546580237
mouse,404,192,1775546580245
mouse,404,191,1775546580249
mouse,403,191,1775546580257
mouse,402,190,1775546580263
mouse,401,190,1775546580270
mouse,400,190,1775546580277
mouse,399,190,1775546580284
mouse,397,190,1775546580291
mouse,396,190,1775546580298
mouse,394,190,1775546580305
mouse,393,190,1775546580312
mouse,392,189,1775546580319
mouse,390,189,1775546580326
mouse,388,189,1775546580334
mouse,387,189,1775546580341
mouse,386,189,1775546580347
mouse,385,189,1775546580354
mouse,384,189,1775546580361
mouse,383,189,1775546580368
mouse,381,189,1775546580375
mouse,380,190,1775546580382
mouse,379,190,1775546580388
mouse,377,190,1775546580395
mouse,376,190,1775546580403
mouse,375,190,1775546580416
mouse,374,191,1775546580417
mouse,373,191,1775546580423
mouse,372,191,1775546580430
mouse,371,191,1775546580438
mouse,370,193,1775546580444
mouse,368,194,1775546580451
mouse,367,194,1775546580458
mouse,366,195,1775546580465
mouse,364,195,1775546580472
mouse,362,196,1775546580479
mouse,361,197,1775546580486
mouse,360,198,1775546580493
mouse,358,198,1775546580500
mouse,356,198,1775546580507
mouse,354,198,1775546580513
mouse,352,198,1775546580520
mouse,350,198,1775546580527
mouse,346,199,1775546580535
mouse,344,199,1775546580541
mouse,340,199,1775546580549
mouse,335,199,1775546580555
mouse,330,199,1775546580562
mouse,324,198,1775546580569
mouse,319,198,1775546580576
mouse,312,196,1775546580583
mouse,305,195,1775546580590
mouse,298,193,1775546580597
mouse,292,191,1775546580604
mouse,285,189,1775546580611
mouse,279,187,1775546580617
mouse,272,184,1775546580625
mouse,264,181,1775546580631
mouse,258,178,1775546580638
mouse,250,174,1775546580645
mouse,244,171,1775546580652
mouse,238,168,1775546580659
mouse,231,164,1775546580666
mouse,224,161,1775546580673
mouse,218,158,1775546580680
mouse,212,154,1775546580687
mouse,208,152,1775546580694
mouse,204,148,1775546580701
mouse,201,146,1775546580708
mouse,198,144,1775546580715
mouse,196,142,1775546580722
mouse,194,140,1775546580729
mouse,192,138,1775546580736
mouse,192,136,1775546580742
mouse,190,134,1775546580749
mouse,188,132,1775546580756
mouse,188,130,1775546580763
mouse,187,128,1775546580770
mouse,186,126,1775546580777
mouse,185,124,1775546580784
mouse,184,122,1775546580791
mouse,183,119,1775546580798
mouse,182,117,1775546580805
mouse,181,115,1775546580812
mouse,180,114,1775546580819
mouse,179,113,1775546580826
mouse,178,110,1775546580833
mouse,177,109,1775546580840
mouse,176,108,1775546580847
mouse,176,106,1775546580854
mouse,175,105,1775546580861
mouse,174,103,1775546580867
mouse,173,102,1775546580874
mouse,172,101,1775546580881
mouse,172,100,1775546580888
mouse,172,98,1775546580895
mouse,171,96,1775546580902
mouse,170,94,1775546580909
mouse,169,94,1775546580916
mouse,169,93,1775546580923
mouse,168,92,1775546580930
mouse,168,91,1775546580937
mouse,168,90,1775546580944
mouse,167,89,1775546580951
mouse,166,89,1775546580958
mouse,166,88,1775546580965
mouse,166,87,1775546580973
mouse,166,86,1775546580994
mouse,165,86,1775546580999
mouse,165,85,1775546581007
mouse,164,85,1775546581013
mouse,164,84,1775546581020
mouse,164,83,1775546581027
mouse,164,82,1775546581040
mouse,163,82,1775546581042
mouse,163,81,1775546581048
mouse,162,81,1775546581055
mouse,162,80,1775546581076
mouse,162,79,1775546581123
mouse,161,79,1775546581142
mouse,160,79,1775546581189
mouse,159,78,1775546581632
mouse,158,78,1775546581868
mouse,158,77,1775546581878
mouse,157,77,1775546581890
mouse,156,76,1775546581895
mouse,156,75,1775546581902
mouse,156,74,1775546581910
mouse,155,74,1775546581917
mouse,154,74,1775546581925
mouse,154,73,1775546581935
mouse,153,72,1775546581937
mouse,153,71,1775546581947
mouse,152,71,1775546581951
mouse,152,70,1775546581958
mouse,151,70,1775546581971
mouse,151,68,1775546581986
mouse,151,67,1775546581993
mouse,150,66,1775546582000
mouse,149,66,1775546582008
mouse,148,66,1775546582013
mouse,148,63,1775546582020
mouse,148,62,1775546582027
mouse,147,60,1775546582034
mouse,146,59,1775546582041
mouse,146,58,1775546582048
mouse,145,57,1775546582055
mouse,144,56,1775546582062
mouse,144,55,1775546582069
mouse,144,54,1775546582076
mouse,143,53,1775546582083
mouse,143,51,1775546582090
mouse,142,50,1775546582097
mouse,141,47,1775546582104
mouse,140,46,1775546582111
mouse,140,45,1775546582118
mouse,139,43,1775546582125
mouse,137,41,1775546582132
mouse,136,41,1775546582140
mouse,136,39,1775546582145
mouse,135,38,1775546582152
mouse,134,37,1775546582159
mouse,133,36,1775546582166
mouse,132,35,1775546582173
mouse,132,34,1775546582181
mouse,131,34,1775546582188
mouse,130,34,1775546582194
mouse,130,33,1775546582201
mouse,129,32,1775546582222
mouse,128,32,1775546582398
mouse,127,32,1775546582403
mouse,125,32,1775546582409
mouse,123,32,1775546582416
mouse,120,32,1775546582423
mouse,117,31,1775546582430
mouse,114,31,1775546582437
mouse,110,31,1775546582444
mouse,106,30,1775546582451
mouse,102,30,1775546582458
mouse,98,30,1775546582465
mouse,93,30,1775546582472
mouse,89,30,1775546582479
mouse,84,29,1775546582485
mouse,80,29,1775546582493
mouse,76,28,1775546582500
mouse,72,27,1775546582506
mouse,68,27,1775546582513
mouse,64,26,1775546582520
mouse,62,26,1775546582527
mouse,59,26,1775546582534
mouse,56,25,1775546582541
mouse,54,25,1775546582548
mouse,52,25,1775546582556
mouse,51,24,1775546582562
mouse,48,24,1775546582569
mouse,47,23,1775546582576
mouse,46,23,1775546582583
mouse,45,23,1775546582590
mouse,44,23,1775546582597
mouse,43,23,1775546582604
mouse,42,23,1775546582612
mouse,41,23,1775546582618
mouse,40,23,1775546582625
mouse,40,23,1775546582633
mouse,39,23,1775546582642
mouse,39,22,1775546582648
mouse,38,22,1775546582657
mouse,37,22,1775546582665
mouse,36,22,1775546582668
mouse,36,22,1775546582680
mouse,35,22,1775546582682
mouse,34,22,1775546582691
mouse,33,22,1775546582695
mouse,32,22,1775546582701
mouse,32,22,1775546582708
mouse,31,22,1775546582716
mouse,30,22,1775546582722
mouse,28,22,1775546582729
mouse,28,22,1775546582738
mouse,27,22,1775546582743
mouse,26,22,1775546582764
mouse,25,22,1775546582772
mouse,24,22,1775546582777
mouse,24,22,1775546582784
mouse,23,22,1775546582791
mouse,22,22,1775546582799
mouse,21,22,1775546582805
mouse,20,22,1775546582812
mouse,19,23,1775546582819
mouse,18,23,1775546582826
mouse,17,23,1775546582833
mouse,15,23,1775546582840
mouse,15,24,1775546582847
mouse,13,24,1775546582854
mouse,12,24,1775546582861
mouse,12,24,1775546582869
mouse,11,24,1775546582875
mouse,10,24,1775546582882
mouse,9,24,1775546582889
mouse,8,24,1775546582896
mouse,8,24,1775546582903
click,8,24,1775546583016
mouse,271,40,1775546584330
click,271,40,1775546584446
mouse,271,40,1775546584452
mouse,270,40,1775546584653
mouse,269,40,1775546584660
mouse,268,40,1775546584666
mouse,267,40,1775546584675
mouse,266,40,1775546584680
mouse,264,40,1775546584687
mouse,262,41,1775546584694
mouse,260,42,1775546584701
mouse,259,42,1775546584708
mouse,256,42,1775546584715
mouse,254,42,1775546584722
mouse,252,43,1775546584729
mouse,251,44,1775546584736
mouse,249,44,1775546584744
mouse,248,45,1775546584750
mouse,246,45,1775546584756
mouse,244,46,1775546584763
mouse,242,46,1775546584772
mouse,241,46,1775546584777
mouse,240,46,1775546584784
mouse,238,47,1775546584791
mouse,236,48,1775546584798
mouse,235,48,1775546584805
mouse,232,48,1775546584812
mouse,231,49,1775546584819
mouse,228,49,1775546584826
mouse,227,50,1775546584834
mouse,224,50,1775546584840
mouse,223,50,1775546584847
mouse,221,50,1775546584854
mouse,220,50,1775546584861
mouse,219,51,1775546584869
mouse,218,51,1775546584876
mouse,217,51,1775546584881
mouse,216,51,1775546584889
mouse,215,51,1775546584900
mouse,215,52,1775546584905
mouse,214,52,1775546584909
mouse,212,53,1775546584916
mouse,212,54,1775546584923
mouse,211,54,1775546584931
mouse,210,54,1775546584937
mouse,208,54,1775546584944
mouse,208,55,1775546584951
mouse,207,55,1775546584958
mouse,205,55,1775546584965
mouse,205,56,1775546584972
mouse,204,57,1775546584979
mouse,203,57,1775546584986
mouse,203,58,1775546584993
mouse,202,58,1775546585000
mouse,201,58,1775546585006
mouse,200,59,1775546585027
mouse,199,59,1775546585034
mouse,198,59,1775546585044
mouse,198,60,1775546585048
mouse,198,61,1775546585055
mouse,197,62,1775546585062
mouse,196,62,1775546585069
mouse,195,62,1775546585076
mouse,194,63,1775546585097
mouse,193,63,1775546585104
mouse,193,64,1775546585125
mouse,192,64,1775546585134
mouse,192,65,1775546585138
mouse,192,66,1775546585159
mouse,191,66,1775546585171
mouse,190,67,1775546585242
mouse,189,67,1775546585436
mouse,189,68,1775546585458
mouse,188,68,1775546585465
mouse,188,70,1775546585472
mouse,187,70,1775546585481
mouse,187,71,1775546585506
mouse,186,71,1775546585776
mouse,185,71,1775546585779
mouse,184,71,1775546585785
mouse,182,71,1775546585791
mouse,180,71,1775546585798
mouse,178,71,1775546585805
mouse,175,71,1775546585812
mouse,172,72,1775546585819
mouse,168,72,1775546585826
mouse,162,73,1775546585833
mouse,157,73,1775546585840
mouse,152,73,1775546585847
mouse,147,74,1775546585854
mouse,140,74,1775546585861
mouse,133,74,1775546585867
mouse,128,74,1775546585875
mouse,121,74,1775546585882
mouse,115,75,1775546585888
mouse,109,75,1775546585895
mouse,104,76,1775546585902
mouse,100,77,1775546585909
mouse,95,77,1775546585916
mouse,91,78,1775546585923
mouse,88,78,1775546585930
mouse,86,78,1775546585937
mouse,84,78,1775546585944
mouse,82,78,1775546585951
mouse,80,78,1775546585958
mouse,80,78,1775546585965
mouse,78,78,1775546585972
mouse,77,78,1775546585979
mouse,76,78,1775546585986
mouse,76,78,1775546585993
mouse,75,78,1775546586000
mouse,74,78,1775546586007
mouse,73,78,1775546586014
mouse,72,78,1775546586053
click,72,78,1775546586234
mouse,72,78,1775546586237
mouse,72,79,1775546588648
mouse,72,80,1775546588655
mouse,72,81,1775546588659
mouse,72,82,1775546588666
mouse,72,84,1775546588673
mouse,72,86,1775546588680
mouse,72,87,1775546588690
mouse,72,88,1775546588706
mouse,72,89,1775546588722
mouse,72,90,1775546588729
mouse,72,91,1775546588739
mouse,73,91,1775546588743
mouse,73,92,1775546588750
mouse,75,94,1775546588757
mouse,76,96,1775546588777
mouse,77,98,1775546588785
mouse,78,98,1775546588791
mouse,78,99,1775546588799
mouse,79,99,1775546588805
mouse,79,100,1775546588839
mouse,80,100,1775546588840
mouse,80,101,1775546588847
mouse,83,102,1775546588854
mouse,85,104,1775546588861
mouse,88,106,1775546588868
mouse,90,109,1775546588875
mouse,92,110,1775546588881
mouse,95,112,1775546588888
mouse,96,113,1775546588896
mouse,97,114,1775546588903
mouse,98,114,1775546588913
mouse,99,114,1775546588922
mouse,100,115,1775546588924
mouse,101,115,1775546588930
mouse,103,115,1775546588937
mouse,105,116,1775546588945
mouse,107,117,1775546588951
mouse,110,117,1775546588958
mouse,112,117,1775546588965
mouse,114,117,1775546588972
mouse,116,118,1775546588979
mouse,118,118,1775546588988
mouse,121,118,1775546588995
mouse,123,118,1775546589000
mouse,124,118,1775546589006
mouse,125,118,1775546589015
mouse,126,118,1775546589020
mouse,128,118,1775546589029
mouse,129,118,1775546589036
mouse,130,118,1775546589041
mouse,131,118,1775546589049
mouse,132,118,1775546589055
mouse,134,118,1775546589062
mouse,135,118,1775546589070
mouse,136,118,1775546589076
mouse,137,117,1775546589087
mouse,138,117,1775546589090
mouse,140,117,1775546589097
mouse,143,117,1775546589104
mouse,144,116,1775546589111
mouse,146,116,1775546589132
mouse,147,116,1775546589139
mouse,148,116,1775546589146
mouse,150,116,1775546589152
mouse,151,116,1775546589159
mouse,152,116,1775546589166
mouse,153,116,1775546589179
mouse,154,116,1775546589182
mouse,155,116,1775546589194
mouse,156,116,1775546589199
mouse,157,116,1775546589240
mouse,158,116,1775546589243
mouse,159,115,1775546589257
mouse,160,115,1775546589264
mouse,162,115,1775546589284
mouse,160,115,1775546589382
mouse,160,115,1775546589389
mouse,157,115,1775546589395
mouse,156,115,1775546589402
mouse,154,116,1775546589409
mouse,152,117,1775546589416
mouse,150,117,1775546589424
mouse,148,117,1775546589430
mouse,146,117,1775546589437
mouse,144,118,1775546589444
mouse,142,118,1775546589451
mouse,139,118,1775546589458
mouse,137,118,1775546589465
mouse,135,118,1775546589472
mouse,131,119,1775546589479
mouse,128,119,1775546589486
mouse,125,119,1775546589493
mouse,122,120,1775546589500
mouse,119,120,1775546589506
mouse,116,121,1775546589513
mouse,113,121,1775546589520
mouse,110,121,1775546589528
mouse,107,122,1775546589534
mouse,103,122,1775546589542
mouse,101,122,1775546589548
mouse,99,122,1775546589555
mouse,96,123,1775546589563
mouse,95,123,1775546589569
mouse,93,123,1775546589577
mouse,92,123,1775546589585
mouse,92,123,1775546589590
mouse,91,123,1775546589602
mouse,90,123,1775546589608
mouse,89,123,1775546589611
mouse,88,123,1775546589619
mouse,88,123,1775546589626
mouse,87,123,1775546589632
mouse,86,123,1775546589639
mouse,85,123,1775546589647
mouse,84,123,1775546589734
mouse,84,123,1775546589782
mouse,83,123,1775546589859
mouse,82,123,1775546589882
click,82,123,1775546590228
mouse,82,123,1775546590236
mouse,83,123,1775546590304
mouse,84,123,1775546590312
mouse,86,123,1775546590319
mouse,88,123,1775546590326
mouse,92,123,1775546590333
mouse,96,123,1775546590340
mouse,101,123,1775546590348
mouse,106,123,1775546590354
mouse,112,123,1775546590361
mouse,120,123,1775546590367
mouse,128,123,1775546590374
mouse,136,123,1775546590381
mouse,144,123,1775546590388
mouse,153,123,1775546590395
mouse,164,122,1775546590402
mouse,175,122,1775546590410
mouse,183,121,1775546590416
mouse,193,120,1775546590423
mouse,202,120,1775546590430
mouse,209,120,1775546590437
mouse,216,119,1775546590445
mouse,220,118,1775546590451
mouse,224,118,1775546590459
mouse,227,118,1775546590465
mouse,228,117,1775546590472
mouse,228,116,1775546594753
click,228,116,1775546594909
mouse,229,116,1775546595611
mouse,230,116,1775546595716
mouse,231,116,1775546595736
mouse,231,115,1775546595744
mouse,232,115,1775546595754
click,232,115,1775546595888
mouse,231,115,1775546596079
mouse,229,116,1775546596084
mouse,228,117,1775546596090
mouse,225,118,1775546596097
mouse,221,119,1775546596104
mouse,218,121,1775546596111
mouse,214,122,1775546596118
mouse,210,123,1775546596125
mouse,206,125,1775546596131
mouse,202,126,1775546596138
mouse,197,129,1775546596145
mouse,193,130,1775546596152
mouse,188,132,1775546596159
mouse,184,134,1775546596166
mouse,178,136,1775546596173
mouse,173,138,1775546596180
mouse,168,140,1775546596187
mouse,163,141,1775546596194
mouse,156,142,1775546596201
mouse,151,145,1775546596208
mouse,147,146,1775546596215
mouse,142,148,1775546596222
mouse,137,150,1775546596229
mouse,132,151,1775546596236
mouse,128,153,1775546596243
mouse,124,155,1775546596250
mouse,121,157,1775546596257
mouse,117,159,1775546596263
mouse,114,161,1775546596270
mouse,112,162,1775546596277
mouse,108,162,1775546596284
mouse,106,163,1775546596291
mouse,104,164,1775546596298
mouse,101,165,1775546596305
mouse,100,166,1775546596312
mouse,97,166,1775546596319
mouse,96,166,1775546596326
mouse,94,166,1775546596333
mouse,92,167,1775546596340
mouse,90,167,1775546596347
mouse,88,167,1775546596354
mouse,87,167,1775546596361
mouse,84,167,1775546596368
mouse,83,167,1775546596375
mouse,80,167,1775546596382
mouse,77,167,1775546596388
mouse,75,167,1775546596395
mouse,72,167,1775546596402
mouse,71,167,1775546596409
mouse,68,167,1775546596416
mouse,67,167,1775546596423
mouse,64,167,1775546596430
mouse,63,167,1775546596437
mouse,61,167,1775546596444
mouse,59,167,1775546596451
mouse,57,167,1775546596458
mouse,56,167,1775546596465
mouse,54,166,1775546596472
mouse,52,166,1775546596479
mouse,51,166,1775546596486
mouse,49,166,1775546596493
mouse,48,166,1775546596500
mouse,46,165,1775546596507
mouse,45,165,1775546596514
mouse,44,164,1775546596520
mouse,43,164,1775546596527
mouse,42,164,1775546596534
mouse,41,164,1775546596541
mouse,40,164,1775546596563
mouse,40,163,1775546596571
mouse,39,163,1775546596590
mouse,39,162,1775546596611
mouse,38,162,1775546596657
mouse,37,162,1775546596679
mouse,484,161,1775546602073
mouse,960,78,1775546602076
mouse,959,78,1775546602288
mouse,958,78,1775546602291
mouse,957,78,1775546602298
mouse,956,78,1775546602305
mouse,955,79,1775546602312
mouse,953,80,1775546602319
mouse,951,81,1775546602326
mouse,949,82,1775546602333
mouse,947,82,1775546602340
mouse,944,84,1775546602347
mouse,942,85,1775546602354
mouse,940,86,1775546602361
mouse,936,86,1775546602368
mouse,934,88,1775546602375
mouse,931,89,1775546602382
mouse,928,90,1775546602389
mouse,924,91,1775546602395
mouse,920,93,1775546602402
mouse,915,94,1775546602409
mouse,910,97,1775546602416
mouse,904,98,1775546602423
mouse,896,102,1775546602430
mouse,891,105,1775546602437
mouse,884,107,1775546602444
mouse,877,110,1775546602451
mouse,869,112,1775546602458
mouse,863,115,1775546602465
mouse,856,118,1775546602472
mouse,851,120,1775546602479
mouse,843,122,1775546602486
mouse,836,125,1775546602493
mouse,830,128,1775546602500
mouse,823,130,1775546602507
mouse,816,133,1775546602514
mouse,809,136,1775546602520
mouse,802,139,1775546602527
mouse,795,142,1775546602534
mouse,786,146,1775546602541
mouse,777,150,1775546602548
mouse,768,154,1775546602555
mouse,759,158,1775546602562
mouse,749,162,1775546602569
mouse,738,166,1775546602576
mouse,728,170,1775546602583
mouse,718,174,1775546602590
mouse,708,178,1775546602597
mouse,698,182,1775546602604
mouse,687,187,1775546602611
mouse,675,191,1775546602618
mouse,663,197,1775546602625
mouse,650,202,1775546602632
mouse,637,206,1775546602639
mouse,625,210,1775546602647
mouse,609,217,1775546602653
mouse,598,220,1775546602660
mouse,583,225,1775546602667
mouse,572,229,1775546602674
mouse,556,234,1775546602681
mouse,546,237,1775546602687
mouse,533,241,1775546602694
mouse,521,244,1775546602701
mouse,509,247,1775546602708
mouse,497,250,1775546602715
mouse,487,254,1775546602722
mouse,475,255,1775546602729
mouse,463,258,1775546602736
mouse,452,260,1775546602743
mouse,440,262,1775546602750
mouse,429,262,1775546602757
mouse,418,263,1775546602764
mouse,407,264,1775546602770
mouse,394,264,1775546602777
mouse,383,264,1775546602784
mouse,370,264,1775546602791
mouse,359,264,1775546602798
mouse,347,264,1775546602805
mouse,335,264,1775546602812
mouse,323,263,1775546602819
mouse,312,262,1775546602826
mouse,299,262,1775546602833
mouse,285,260,1775546602840
mouse,272,258,1775546602847
mouse,259,256,1775546602854
mouse,244,253,1775546602861
mouse,229,250,1775546602868
mouse,216,247,1775546602875
mouse,204,244,1775546602882
mouse,193,242,1775546602888
mouse,185,241,1775546602895
mouse,178,239,1775546602902
mouse,173,238,1775546602909
mouse,168,238,1775546602916
mouse,164,236,1775546602924
mouse,160,235,1775546602930
mouse,158,234,1775546602937
mouse,156,233,1775546602944
mouse,152,232,1775546602952
mouse,151,231,1775546602958
mouse,148,230,1775546602965
mouse,146,230,1775546602973
mouse,144,228,1775546602979
mouse,142,227,1775546602986
mouse,140,226,1775546602993
mouse,136,224,1775546603000
mouse,132,222,1775546603007
mouse,129,221,1775546603013
mouse,125,218,1775546603021
mouse,121,217,1775546603028
mouse,117,215,1775546603034
mouse,113,214,1775546603042
mouse,111,213,1775546603049
mouse,109,211,1775546603055
mouse,107,210,1775546603062
mouse,105,210,1775546603069
mouse,104,209,1775546603076
mouse,104,208,1775546603083
mouse,104,207,1775546603090
mouse,103,207,1775546603098
mouse,103,206,1775546603105
mouse,103,205,1775546603111
mouse,103,204,1775546603118
mouse,103,203,1775546603125
mouse,103,202,1775546603132
mouse,103,201,1775546603139
mouse,104,199,1775546603147
mouse,104,198,1775546603152
mouse,105,197,1775546603161
mouse,107,195,1775546603166
mouse,108,194,1775546603173
mouse,109,193,1775546603180
mouse,111,191,1775546603187
mouse,112,190,1775546603194
mouse,115,187,1775546603202
mouse,116,186,1775546603208
mouse,119,185,1775546603215
mouse,120,183,1775546603222
mouse,123,182,1775546603230
mouse,124,181,1775546603236
mouse,126,179,1775546603243
mouse,128,178,1775546603250
mouse,128,177,1775546603259
mouse,129,176,1775546603264
mouse,130,176,1775546603271
mouse,132,175,1775546603277
mouse,132,174,1775546603285
mouse,134,174,1775546603292
mouse,134,173,1775546603299
mouse,136,172,1775546603307
mouse,136,170,1775546603313
mouse,138,170,1775546603321
mouse,140,169,1775546603326
mouse,142,168,1775546603334
mouse,143,166,1775546603340
mouse,144,166,1775546603347
mouse,145,165,1775546603354
mouse,146,164,1775546603361
mouse,148,162,1775546603368
mouse,149,162,1775546603377
mouse,150,161,1775546603382
mouse,151,160,1775546603389
mouse,152,159,1775546603396
mouse,152,158,1775546603403
mouse,153,157,1775546603409
mouse,154,156,1775546603416
mouse,154,155,1775546603423
mouse,156,154,1775546603430
mouse,156,153,1775546603437
mouse,156,152,1775546603444
mouse,157,152,1775546603451
mouse,158,150,1775546603458
mouse,159,150,1775546603466
mouse,160,149,1775546603472
mouse,160,148,1775546603479
mouse,160,147,1775546603486
mouse,161,146,1775546603493
mouse,162,146,1775546603500
mouse,163,144,1775546603508
mouse,164,143,1775546603514
mouse,164,142,1775546603520
mouse,164,141,1775546603529
mouse,165,140,1775546603534
mouse,166,139,1775546603542
mouse,167,138,1775546603549
mouse,167,137,1775546603555
mouse,168,136,1775546603562
mouse,168,135,1775546603569
mouse,168,134,1775546603576
mouse,169,134,1775546603583
mouse,169,133,1775546603590
mouse,170,132,1775546603597
mouse,170,131,1775546603618
mouse,170,130,1775546603627
mouse,171,130,1775546603648
mouse,171,129,1775546603652
mouse,171,128,1775546603661
mouse,172,128,1775546603667
mouse,172,126,1775546603687
mouse,172,125,1775546603708
mouse,173,123,1775546603716
mouse,174,122,1775546603722
mouse,174,121,1775546603730
mouse,175,121,1775546603736
mouse,176,119,1775546603743
mouse,176,118,1775546603750
mouse,176,117,1775546603759
mouse,177,117,1775546603764
mouse,177,114,1775546603770
mouse,178,114,1775546603777
mouse,180,112,1775546603784
mouse,180,110,1775546603791
mouse,180,109,1775546603798
mouse,181,106,1775546603805
mouse,181,105,1775546603812
mouse,182,102,1775546603819
mouse,183,101,1775546603826
mouse,184,99,1775546603833
mouse,184,98,1775546603840
mouse,184,97,1775546603847
mouse,184,96,1775546603854
mouse,184,95,1775546603862
mouse,185,94,1775546603868
mouse,185,93,1775546603876
mouse,185,92,1775546603887
mouse,185,91,1775546603890
mouse,186,91,1775546603896
mouse,186,90,1775546603903
mouse,186,89,1775546603910
mouse,187,89,1775546603930
mouse,187,88,1775546604087
mouse,187,87,1775546604106
mouse,186,87,1775546604112
mouse,185,86,1775546604132
mouse,184,86,1775546604139
mouse,183,86,1775546604148
mouse,182,85,1775546604152
mouse,181,85,1775546604162
mouse,180,85,1775546604180
mouse,180,84,1775546604193
mouse,179,84,1775546604220
mouse,179,83,1775546604223
mouse,178,83,1775546604229
mouse,177,83,1775546604250
mouse,176,82,1775546604257
mouse,175,82,1775546604278
mouse,174,81,1775546604299
mouse,173,81,1775546604312
mouse,172,81,1775546604326
click,172,81,1775546604755
mouse,173,80,1775546605066
mouse,174,80,1775546605070
mouse,175,80,1775546605077
mouse,176,80,1775546605083
mouse,177,79,1775546605090
mouse,178,79,1775546605099
mouse,180,79,1775546605105
mouse,181,79,1775546605114
mouse,182,79,1775546605120
mouse,183,79,1775546605125
mouse,184,79,1775546605132
mouse,186,79,1775546605139
mouse,188,79,1775546605147
mouse,189,79,1775546605152
mouse,192,79,1775546605159
mouse,193,79,1775546605166
mouse,194,79,1775546605173
mouse,196,79,1775546605181
mouse,198,79,1775546605187
mouse,199,79,1775546605194
mouse,200,79,1775546605201
mouse,201,78,1775546605209
mouse,202,78,1775546605216
mouse,203,78,1775546605222
mouse,204,78,1775546605229
mouse,205,78,1775546605236
mouse,206,78,1775546605244
mouse,207,78,1775546605250
mouse,208,78,1775546605258
mouse,209,78,1775546605264
mouse,211,78,1775546605270
mouse,212,78,1775546605278
mouse,213,79,1775546605284
mouse,214,80,1775546605291
mouse,215,80,1775546605298
mouse,216,80,1775546605308
mouse,216,81,1775546605314
mouse,216,82,1775546605325
mouse,217,82,1775546605333
mouse,217,83,1775546605358
mouse,217,84,1775546605361
mouse,217,85,1775546605369
mouse,217,86,1775546605375
mouse,218,87,1775546605382
mouse,218,89,1775546605389
mouse,218,90,1775546605395
mouse,218,92,1775546605402
mouse,218,95,1775546605411
mouse,217,97,1775546605416
mouse,216,98,1775546605423
mouse,215,100,1775546605430
mouse,214,102,1775546605437
mouse,212,103,1775546605444
mouse,212,105,1775546605451
mouse,211,106,1775546605458
mouse,210,107,1775546605465
mouse,209,108,1775546605472
mouse,208,109,1775546605479
mouse,208,110,1775546605486
mouse,207,110,1775546605496
mouse,207,111,1775546605503
mouse,206,111,1775546605507
mouse,206,112,1775546605516
mouse,205,112,1775546605522
mouse,204,112,1775546605527
mouse,204,113,1775546605539
mouse,203,113,1775546605543
mouse,202,113,1775546605550
mouse,202,114,1775546605556
mouse,201,114,1775546605565
mouse,200,114,1775546605570
mouse,199,114,1775546605590
mouse,198,114,1775546605598
mouse,197,114,1775546605604
mouse,196,114,1775546605611
mouse,195,114,1775546605625
mouse,194,114,1775546605627
mouse,192,114,1775546605645
mouse,191,114,1775546605707
mouse,190,114,1775546605715
mouse,189,114,1775546605726
mouse,188,114,1775546605730
mouse,188,113,1775546605736
mouse,187,112,1775546605743
mouse,186,110,1775546605750
mouse,184,109,1775546605757
mouse,183,107,1775546605764
mouse,180,105,1775546605771
mouse,179,103,1775546605777
mouse,176,102,1775546605784
mouse,175,101,1775546605791
mouse,172,99,1775546605798
mouse,172,98,1775546605805
mouse,169,98,1775546605812
mouse,168,96,1775546605819
mouse,166,94,1775546605826
mouse,165,93,1775546605833
mouse,163,92,1775546605840
mouse,161,91,1775546605847
mouse,160,90,1775546605854
mouse,158,89,1775546605861
mouse,157,88,1775546605868
mouse,157,87,1775546605875
mouse,156,87,1775546605882
mouse,156,86,1775546605889
mouse,155,86,1775546605910
mouse,154,86,1775546605930
mouse,153,86,1775546605953
mouse,153,85,1775546605965
mouse,152,85,1775546605979
mouse,152,84,1775546605989
mouse,152,83,1775546605995
mouse,151,83,1775546606005
mouse,151,82,1775546606009
mouse,150,82,1775546606014
mouse,150,81,1775546606026
mouse,149,81,1775546606030
mouse,148,80,1775546606048
mouse,148,79,1775546606055
mouse,148,78,1775546606063
mouse,147,78,1775546606084
mouse,146,77,1775546606096
mouse,146,76,1775546606147
mouse,146,75,1775546606167
mouse,146,74,1775546606220
mouse,147,73,1775546606271
mouse,149,73,1775546606277
mouse,150,73,1775546606284
mouse,152,73,1775546606291
mouse,153,72,1775546606298
mouse,156,72,1775546606306
mouse,160,72,1775546606312
mouse,165,72,1775546606319
mouse,172,73,1775546606326
mouse,181,75,1775546606333
mouse,191,78,1775546606340
mouse,202,82,1775546606347
mouse,216,86,1775546606354
mouse,231,92,1775546606361
mouse,245,97,1775546606368
mouse,264,104,1775546606375
mouse,282,111,1775546606382
mouse,298,120,1775546606389
mouse,314,130,1775546606395
mouse,328,141,1775546606402
mouse,342,152,1775546606409
mouse,353,162,1775546606416
mouse,366,173,1775546606423
mouse,376,184,1775546606430
mouse,388,194,1775546606437
mouse,399,202,1775546606444
mouse,408,210,1775546606451
mouse,415,216,1775546606458
mouse,421,221,1775546606465
mouse,427,226,1775546606472
mouse,431,229,1775546606479
mouse,435,232,1775546606486
mouse,439,235,1775546606493
mouse,441,236,1775546606500
mouse,444,238,1775546606507
mouse,447,238,1775546606514
mouse,448,239,1775546606520
mouse,450,240,1775546606527
mouse,452,240,1775546606534
mouse,454,242,1775546606541
mouse,456,242,1775546606548
mouse,459,243,1775546606556
mouse,461,244,1775546606562
mouse,463,246,1775546606569
mouse,465,246,1775546606576
mouse,468,248,1775546606583
mouse,471,250,1775546606590
mouse,472,250,1775546606597
mouse,476,252,1775546606604
mouse,481,254,1775546606619
mouse,483,255,1775546606625
mouse,485,256,1775546606632
mouse,487,257,1775546606634
mouse,490,258,1775546606646
mouse,491,258,1775546606652
mouse,493,258,1775546606659
mouse,495,258,1775546606666
mouse,500,259,1775546606680
mouse,503,260,1775546606687
mouse,508,260,1775546606694
mouse,512,262,1775546606701
mouse,516,262,1775546606708
mouse,522,263,1775546606715
mouse,529,264,1775546606722
mouse,534,265,1775546606729
mouse,540,266,1775546606736
mouse,545,266,1775546606743
mouse,551,267,1775546606750
mouse,556,267,1775546606757
mouse,559,267,1775546606759
mouse,568,270,1775546606770
mouse,573,270,1775546606777
mouse,579,270,1775546606784
mouse,583,271,1775546606791
mouse,588,272,1775546606798
mouse,592,272,1775546606805
mouse,596,273,1775546606812
mouse,601,274,1775546606819
mouse,605,274,1775546606826
mouse,611,274,1775546606833
mouse,615,274,1775546606840
mouse,619,274,1775546606847
mouse,622,274,1775546606854
mouse,626,275,1775546606861
mouse,629,275,1775546606868
mouse,632,275,1775546606875
mouse,636,275,1775546606882
mouse,640,275,1775546606889
mouse,643,275,1775546606896
mouse,647,275,1775546606902
mouse,650,275,1775546606909
mouse,653,274,1775546606916
mouse,656,274,1775546606923
mouse,659,274,1775546606930
mouse,661,274,1775546606937
mouse,664,274,1775546606944
mouse,668,274,1775546606951
mouse,672,273,1775546606958
mouse,675,273,1775546606965
mouse,679,273,1775546606972
mouse,683,272,1775546606979
mouse,685,271,1775546606986
mouse,688,270,1775546606993
mouse,692,270,1775546607000
mouse,694,270,1775546607007
mouse,696,270,1775546607014
mouse,699,270,1775546607020
mouse,700,269,1775546607027
mouse,702,269,1775546607034
mouse,704,269,1775546607041
mouse,705,269,1775546607069
mouse,704,269,1775546607305
mouse,703,269,1775546607312
mouse,702,269,1775546607319
mouse,700,269,1775546607326
mouse,699,269,1775546607333
mouse,697,269,1775546607340
mouse,695,269,1775546607348
mouse,693,269,1775546607354
mouse,691,269,1775546607361
mouse,688,269,1775546607368
mouse,686,269,1775546607375
mouse,684,269,1775546607382
mouse,682,268,1775546607389
mouse,681,268,1775546607396
mouse,680,268,1775546607402
mouse,678,268,1775546607410
mouse,676,267,1775546607416
mouse,675,267,1775546607423
mouse,672,267,1775546607431
mouse,669,266,1775546607445
mouse,668,266,1775546607451
mouse,667,266,1775546607458
mouse,665,266,1775546607465
mouse,664,266,1775546607472
mouse,662,266,1775546607486
mouse,661,266,1775546607494
mouse,660,266,1775546607500
mouse,658,266,1775546607507
mouse,656,266,1775546607514
mouse,654,266,1775546607528
mouse,653,266,1775546607535
mouse,652,266,1775546607541
mouse,650,266,1775546607562
mouse,648,266,1775546607570
mouse,646,266,1775546607604
mouse,645,266,1775546607611
mouse,644,266,1775546607625
mouse,642,266,1775546607639
mouse,641,266,1775546607646
mouse,640,266,1775546607653
mouse,640,267,1775546607660
mouse,638,267,1775546607666
mouse,636,267,1775546607673
mouse,635,267,1775546607687
mouse,634,267,1775546607694
mouse,633,267,1775546607708
mouse,632,267,1775546607715
mouse,630,267,1775546607743
mouse,628,267,1775546607750
mouse,627,267,1775546607757
mouse,625,267,1775546607764
mouse,624,267,1775546607771
mouse,622,267,1775546607778
mouse,620,267,1775546607784
mouse,618,267,1775546607791
mouse,616,266,1775546607798
mouse,615,266,1775546607805
mouse,613,266,1775546607812
mouse,612,266,1775546607819
mouse,610,266,1775546607833
mouse,608,266,1775546607861
mouse,606,266,1775546607889
mouse,605,266,1775546607896
mouse,604,266,1775546607903
mouse,603,266,1775546607909
mouse,602,266,1775546607916
mouse,600,266,1775546607937
mouse,599,266,1775546607951
mouse,598,266,1775546607972
mouse,597,266,1775546607986
mouse,596,266,1775546607993
mouse,595,266,1775546608055
mouse,594,266,1775546608160
mouse,593,266,1775546608175
mouse,592,266,1775546608182
mouse,590,266,1775546608208
mouse,588,266,1775546608215
mouse,587,266,1775546608229
mouse,585,266,1775546608236
mouse,584,266,1775546608243
mouse,583,266,1775546608250
mouse,580,266,1775546608257
mouse,580,267,1775546608264
mouse,578,267,1775546608271
mouse,576,267,1775546608278
mouse,576,268,1775546608285
mouse,575,268,1775546608291
mouse,573,268,1775546608298
mouse,572,268,1775546608305
mouse,571,268,1775546608312
mouse,570,269,1775546608319
mouse,569,269,1775546608326
mouse,568,270,1775546608334
mouse,567,270,1775546608340
mouse,566,270,1775546608348
mouse,565,270,1775546608350
mouse,564,270,1775546608361
mouse,563,270,1775546608368
mouse,561,270,1775546608375
mouse,561,271,1775546608382
mouse,560,271,1775546608389
mouse,559,271,1775546608396
mouse,557,272,1775546608404
mouse,556,272,1775546608416
mouse,555,272,1775546608430
mouse,553,273,1775546608459
mouse,553,274,1775546608465
mouse,552,274,1775546608472
mouse,551,274,1775546608500
mouse,549,274,1775546608507
mouse,548,274,1775546608514
mouse,547,274,1775546608521
mouse,547,275,1775546608528
mouse,545,275,1775546608535
mouse,544,276,1775546608542
mouse,543,276,1775546608548
mouse,541,276,1775546608555
mouse,540,277,1775546608563
mouse,539,277,1775546608572
mouse,538,277,1775546608577
mouse,537,278,1775546608584
mouse,536,278,1775546608591
mouse,535,278,1775546608616
mouse,534,278,1775546608619
mouse,533,278,1775546608626
mouse,532,279,1775546608646
mouse,531,279,1775546608667
mouse,530,279,1775546608680
mouse,529,279,1775546608686
mouse,529,280,1775546608692
mouse,528,280,1775546608724
mouse,528,281,1775546608945
mouse,527,281,1775546609258
mouse,526,281,1775546609264
mouse,525,281,1775546609278
mouse,524,281,1775546609292
mouse,523,281,1775546609298
mouse,521,281,1775546609305
mouse,520,281,1775546609319
mouse,519,281,1775546609333
mouse,518,281,1775546609340
mouse,517,281,1775546609348
mouse,516,281,1775546609377
mouse,514,281,1775546609390
mouse,512,281,1775546609396
mouse,511,281,1775546609403
mouse,510,281,1775546609410
mouse,509,281,1775546609412
mouse,508,281,1775546609438
mouse,507,281,1775546609633
mouse,506,281,1775546609640
mouse,505,281,1775546609681
mouse,504,280,1775546609694
mouse,502,279,1775546609709
mouse,501,279,1775546609736
mouse,500,279,1775546609743
mouse,500,278,1775546609785
mouse,498,278,1775546609813
mouse,496,278,1775546609848
mouse,495,278,1775546609861
mouse,494,277,1775546609868
mouse,493,276,1775546609875
mouse,492,276,1775546609882
mouse,492,274,1775546609889
mouse,490,274,1775546609896
mouse,489,274,1775546609903
mouse,488,274,1775546609909
mouse,488,273,1775546609917
mouse,487,273,1775546609923
mouse,486,272,1775546609930
mouse,486,271,1775546609944
mouse,485,271,1775546609958
mouse,484,270,1775546609972
mouse,483,270,1775546609986
mouse,482,270,1775546609993
mouse,481,269,1775546610007
mouse,480,269,1775546610201
mouse,478,268,1775546610229
mouse,477,267,1775546610243
mouse,476,267,1775546610250
mouse,476,266,1775546610257
mouse,474,266,1775546610272
mouse,472,266,1775546610285
mouse,470,265,1775546610292
mouse,467,262,1775546610299
mouse,462,261,1775546610305
mouse,457,259,1775546610312
mouse,452,257,1775546610319
mouse,445,254,1775546610326
mouse,439,251,1775546610333
mouse,432,249,1775546610340
mouse,427,247,1775546610347
mouse,422,246,1775546610354
mouse,417,244,1775546610361
mouse,412,242,1775546610368
mouse,408,242,1775546610375
mouse,403,240,1775546610382
mouse,399,240,1775546610389
mouse,394,238,1775546610395
mouse,389,237,1775546610402
mouse,386,236,1775546610409
mouse,384,235,1775546610412
mouse,380,234,1775546610423
mouse,378,233,1775546610431
mouse,376,232,1775546610437
mouse,374,231,1775546610445
mouse,373,230,1775546610451
mouse,372,230,1775546610458
mouse,371,230,1775546610472
mouse,370,230,1775546610486
mouse,368,229,1775546610493
mouse,368,228,1775546610500
mouse,367,228,1775546610515
mouse,366,228,1775546610542
mouse,365,228,1775546610571
mouse,364,227,1775546610583
mouse,364,226,1775546610590
mouse,363,226,1775546610604
mouse,361,225,1775546610632
mouse,360,224,1775546610639
mouse,359,223,1775546610646
mouse,357,222,1775546610653
mouse,356,221,1775546610660
mouse,355,221,1775546610666
mouse,352,218,1775546610673
mouse,351,218,1775546610680
mouse,348,217,1775546610687
mouse,347,215,1775546610694
mouse,346,214,1775546610701
mouse,345,213,1775546610708
mouse,344,212,1775546610716
mouse,344,211,1775546610722
mouse,343,210,1775546610739
mouse,343,209,1775546610750
mouse,343,207,1775546610757
mouse,343,206,1775546610765
mouse,343,205,1775546610771
mouse,343,202,1775546610778
mouse,343,201,1775546610791
mouse,343,199,1775546610798
mouse,343,198,1775546610805
mouse,343,197,1775546610812
mouse,342,195,1775546610819
mouse,341,193,1775546610827
mouse,340,190,1775546610833
mouse,339,188,1775546610840
mouse,338,185,1775546610847
mouse,336,183,1775546610854
mouse,335,179,1775546610861
mouse,332,176,1775546610868
mouse,329,173,1775546610875
mouse,326,169,1775546610882
mouse,322,164,1775546610889
mouse,317,159,1775546610896
mouse,312,155,1775546610902
mouse,306,150,1775546610909
mouse,298,145,1775546610916
mouse,292,141,1775546610923
mouse,281,135,1775546610931
mouse,275,131,1775546610937
mouse,265,126,1775546610944
mouse,257,122,1775546610951
mouse,248,117,1775546610958
mouse,239,112,1775546610965
mouse,233,109,1775546610968
mouse,222,104,1775546610979
mouse,216,101,1775546610981
mouse,210,98,1775546610987
mouse,205,96,1775546610993
mouse,200,94,1775546611000
mouse,196,93,1775546611007
mouse,193,91,1775546611014
mouse,192,90,1775546611021
mouse,190,90,1775546611028
mouse,188,89,1775546611034
mouse,188,88,1775546611056
mouse,187,88,1775546611178
mouse,186,88,1775546611182
mouse,185,87,1775546611202
mouse,184,87,1775546611208
mouse,183,87,1775546611220
mouse,182,86,1775546611222
mouse,181,86,1775546611229
mouse,180,86,1775546611236
mouse,179,86,1775546611245
mouse,178,86,1775546611250
mouse,176,85,1775546611257
mouse,175,84,1775546611264
mouse,174,83,1775546611271
mouse,172,83,1775546611278
mouse,171,83,1775546611284
mouse,170,82,1775546611292
mouse,168,82,1775546611299
mouse,167,82,1775546611309
mouse,166,82,1775546611312
mouse,164,82,1775546611333
mouse,164,81,1775546611390
mouse,163,81,1775546611402
mouse,162,81,1775546611404
mouse,160,79,1775546611425
mouse,159,79,1775546611456
mouse,158,79,1775546611472
mouse,158,78,1775546611505
mouse,157,78,1775546611530
mouse,156,78,1775546611549
click,156,78,1775546611873
mouse,155,78,1775546613579
mouse,154,78,1775546613585
mouse,153,78,1775546613595
mouse,152,78,1775546613598
mouse,151,78,1775546613608
mouse,150,78,1775546613611
mouse,149,78,1775546613621
mouse,148,78,1775546613703
mouse,148,78,1775546613709
mouse,147,77,1775546613715
mouse,146,77,1775546613722
mouse,144,77,1775546613729
mouse,143,77,1775546613736
mouse,142,77,1775546613743
mouse,140,77,1775546613750
mouse,140,77,1775546613757
mouse,138,77,1775546613764
mouse,136,77,1775546613771
mouse,136,77,1775546613778
mouse,135,77,1775546613785
mouse,133,77,1775546613792
mouse,132,77,1775546613799
mouse,131,77,1775546613806
mouse,128,77,1775546613812
mouse,127,77,1775546613819
mouse,124,77,1775546613826
mouse,123,78,1775546613834
mouse,121,78,1775546613840
mouse,119,78,1775546613847
mouse,116,78,1775546613854
mouse,113,78,1775546613861
mouse,109,78,1775546613869
mouse,107,78,1775546613875
mouse,103,78,1775546613883
mouse,100,78,1775546613889
mouse,96,78,1775546613896
mouse,93,78,1775546613902
mouse,89,78,1775546613910
mouse,85,78,1775546613916
mouse,82,78,1775546613924
mouse,79,78,1775546613930
mouse,76,78,1775546613937
mouse,73,78,1775546613944
mouse,71,78,1775546613951
mouse,69,78,1775546613958
mouse,68,78,1775546613965
mouse,66,78,1775546613972
mouse,65,78,1775546613979
mouse,64,78,1775546613988
mouse,64,78,1775546613998
click,64,78,1775546614089
mouse,64,78,1775546614097
mouse,67,78,1775546617010
mouse,70,78,1775546617014
mouse,76,78,1775546617021
mouse,84,78,1775546617028
mouse,95,77,1775546617035
mouse,108,76,1775546617041
mouse,121,76,1775546617048
mouse,133,78,1775546617055
mouse,145,81,1775546617062
mouse,156,84,1775546617069
mouse,166,87,1775546617076
mouse,174,90,1775546617083
mouse,181,94,1775546617090
mouse,188,97,1775546617097
mouse,194,101,1775546617104
mouse,199,103,1775546617111
mouse,203,105,1775546617118
mouse,205,106,1775546617125
mouse,207,107,1775546617132
mouse,208,107,1775546617139
mouse,208,108,1775546617171
mouse,208,109,1775546617174
mouse,207,109,1775546617180
mouse,206,111,1775546617188
mouse,206,112,1775546617194
mouse,206,114,1775546617201
mouse,206,115,1775546617208
mouse,206,118,1775546617215
mouse,205,119,1775546617222
mouse,205,120,1775546617229
mouse,205,121,1775546617236
mouse,205,123,1775546617243
mouse,205,124,1775546617251
mouse,206,125,1775546617257
mouse,207,125,1775546617264
mouse,208,126,1775546617271
mouse,209,126,1775546617278
mouse,210,126,1775546617366
mouse,209,126,1775546617443
mouse,208,126,1775546617451
mouse,206,126,1775546617472
mouse,204,125,1775546617486
mouse,203,124,1775546617493
mouse,202,124,1775546617500
mouse,201,124,1775546617507
mouse,200,123,1775546617514
mouse,199,122,1775546617521
mouse,198,122,1775546617528
mouse,196,122,1775546617535
mouse,195,122,1775546617555
mouse,194,122,1775546617563
mouse,192,122,1775546617569
mouse,192,122,1775546617576
mouse,190,122,1775546617583
mouse,190,121,1775546617590
mouse,188,121,1775546617597
mouse,186,121,1775546617604
mouse,184,121,1775546617611
mouse,182,120,1775546617618
mouse,179,120,1775546617625
mouse,176,120,1775546617632
mouse,174,120,1775546617639
mouse,171,120,1775546617646
mouse,169,120,1775546617653
mouse,166,120,1775546617660
mouse,164,120,1775546617667
mouse,160,120,1775546617673
mouse,158,120,1775546617681
mouse,156,120,1775546617687
mouse,152,120,1775546617694
mouse,150,120,1775546617701
mouse,148,120,1775546617708
mouse,144,120,1775546617715
mouse,141,120,1775546617722
mouse,139,120,1775546617729
mouse,135,120,1775546617736
mouse,132,120,1775546617743
mouse,128,120,1775546617750
mouse,124,120,1775546617757
mouse,120,120,1775546617764
mouse,116,121,1775546617771
mouse,112,121,1775546617778
mouse,109,121,1775546617785
mouse,106,121,1775546617792
mouse,102,121,1775546617798
mouse,99,121,1775546617805
mouse,96,121,1775546617812
mouse,93,121,1775546617819
mouse,91,121,1775546617826
mouse,88,121,1775546617833
mouse,87,121,1775546617840
mouse,85,121,1775546617847
mouse,84,121,1775546617854
mouse,83,121,1775546617861
mouse,82,121,1775546617868
mouse,80,121,1775546617875
mouse,80,121,1775546617887
mouse,79,121,1775546617903
mouse,78,121,1775546617985
mouse,77,121,1775546618000
mouse,76,121,1775546618013
click,76,121,1775546618065
mouse,76,121,1775546618070
mouse,77,121,1775546618147
mouse,79,121,1775546618153
mouse,80,121,1775546618160
mouse,84,120,1775546618166
mouse,88,119,1775546618173
mouse,92,118,1775546618180
mouse,97,116,1775546618187
mouse,104,114,1775546618194
mouse,109,113,1775546618201
mouse,116,111,1775546618208
mouse,122,110,1775546618215
mouse,127,110,1775546618222
mouse,130,110,1775546618229
mouse,132,110,1775546618236
mouse,132,109,1775546618337
mouse,133,109,1775546621436
mouse,134,109,1775546621438
mouse,135,109,1775546621444
mouse,136,109,1775546621451
mouse,139,110,1775546621458
mouse,143,111,1775546621466
mouse,147,113,1775546621473
mouse,152,115,1775546621480
mouse,156,118,1775546621486
mouse,164,122,1775546621493
mouse,170,126,1775546621500
mouse,179,133,1775546621507
mouse,185,138,1775546621514
mouse,192,143,1775546621521
mouse,200,148,1775546621528
mouse,206,152,1775546621535
mouse,212,156,1775546621542
mouse,217,160,1775546621549
mouse,224,163,1775546621556
mouse,230,168,1775546621562
mouse,238,172,1775546621569
mouse,247,177,1775546621576
mouse,257,182,1775546621583
mouse,267,186,1775546621590
mouse,277,192,1775546621597
mouse,288,197,1775546621604
mouse,300,202,1775546621611
mouse,312,206,1775546621618
mouse,324,210,1775546621625
mouse,333,212,1775546621632
mouse,344,215,1775546621639
mouse,355,218,1775546621646
mouse,364,220,1775546621653
mouse,374,222,1775546621659
mouse,384,225,1775546621666
mouse,392,228,1775546621673
mouse,404,230,1775546621680
mouse,413,233,1775546621688
mouse,424,234,1775546621695
mouse,430,236,1775546621701
mouse,436,236,1775546621708
mouse,440,236,1775546621715
mouse,444,237,1775546621722
mouse,447,237,1775546621729
mouse,448,237,1775546621736
mouse,450,237,1775546621744
mouse,451,237,1775546621750
mouse,452,236,1775546621757
mouse,453,235,1775546621764
mouse,454,234,1775546621771
mouse,456,233,1775546621778
mouse,456,232,1775546621785
mouse,457,230,1775546621792
mouse,457,229,1775546621799
mouse,458,226,1775546621805
mouse,458,225,1775546621812
mouse,458,223,1775546621819
mouse,458,222,1775546621826
mouse,458,219,1775546621833
mouse,458,218,1775546621840
mouse,457,218,1775546621847
mouse,457,216,1775546621854
mouse,457,215,1775546621861
mouse,456,214,1775546621869
mouse,456,212,1775546621875
mouse,455,210,1775546621882
mouse,453,209,1775546621889
mouse,452,207,1775546621896
mouse,451,206,1775546621903
mouse,449,204,1775546621910
mouse,448,202,1775546621917
mouse,445,200,1775546621923
mouse,443,198,1775546621930
mouse,440,196,1775546621938
mouse,437,194,1775546621944
mouse,436,194,1775546621951
mouse,434,193,1775546621958
mouse,432,192,1775546621965
mouse,432,191,1775546621972
mouse,430,191,1775546621979
mouse,429,190,1775546621986
mouse,428,190,1775546621993
mouse,427,189,1775546622003
mouse,426,189,1775546622007
mouse,424,188,1775546622015
mouse,422,187,1775546622021
mouse,420,186,1775546622029
mouse,416,186,1775546622035
mouse,412,184,1775546622042
mouse,407,183,1775546622048
mouse,402,182,1775546622055
mouse,396,179,1775546622062
mouse,389,178,1775546622069
mouse,383,177,1775546622077
mouse,379,177,1775546622083
mouse,375,176,1775546622090
mouse,372,175,1775546622097
mouse,368,174,1775546622105
mouse,366,174,1775546622111
mouse,364,174,1775546622118
mouse,361,173,1775546622125
mouse,359,173,1775546622133
mouse,357,173,1775546622139
mouse,354,172,1775546622146
mouse,352,171,1775546622153
mouse,348,170,1775546622160
mouse,344,170,1775546622167
mouse,341,170,1775546622173
mouse,339,170,1775546622180
mouse,336,170,1775546622187
mouse,335,170,1775546622194
mouse,334,170,1775546622201
mouse,333,170,1775546622270
mouse,332,170,1775546622282
mouse,331,170,1775546622299
mouse,330,170,1775546622306
mouse,329,170,1775546622313
mouse,328,170,1775546622319
mouse,327,170,1775546622327
mouse,326,170,1775546622333
mouse,324,170,1775546622340
mouse,323,170,1775546622349
mouse,322,170,1775546622354
mouse,320,170,1775546622361
mouse,317,170,1775546622368
mouse,313,170,1775546622376
mouse,311,170,1775546622382
mouse,307,170,1775546622389
mouse,304,170,1775546622396
mouse,300,170,1775546622403
mouse,296,170,1775546622410
mouse,292,170,1775546622416
mouse,287,170,1775546622423
mouse,282,170,1775546622430
mouse,278,170,1775546622437
mouse,272,170,1775546622444
mouse,267,169,1775546622451
mouse,262,169,1775546622458
mouse,256,168,1775546622465
mouse,252,168,1775546622472
mouse,245,168,1775546622480
mouse,242,168,1775546622486
mouse,239,168,1775546622493
mouse,236,168,1775546622500
mouse,233,168,1775546622507
mouse,232,168,1775546622514
mouse,230,168,1775546622521
mouse,228,168,1775546622528
mouse,227,168,1775546622535
mouse,225,168,1775546622543
mouse,224,168,1775546622549
mouse,223,168,1775546622556
mouse,221,168,1775546622562
click,221,168,1775546622711
mouse,220,168,1775546622800
mouse,219,168,1775546622819
mouse,218,168,1775546622826
mouse,217,168,1775546622833
mouse,216,168,1775546622840
mouse,213,168,1775546622847
mouse,210,168,1775546622854
mouse,207,168,1775546622861
mouse,202,168,1775546622868
mouse,197,168,1775546622875
mouse,192,168,1775546622882
mouse,187,168,1775546622889
mouse,181,168,1775546622896
mouse,175,168,1775546622903
mouse,169,168,1775546622910
mouse,164,168,1775546622917
mouse,159,168,1775546622923
mouse,154,169,1775546622930
mouse,151,169,1775546622937
mouse,148,170,1775546622944
mouse,147,170,1775546622951
mouse,145,170,1775546622958
mouse,144,170,1775546622972
mouse,144,171,1775546623031
mouse,144,172,1775546623060
mouse,144,173,1775546623082
mouse,144,174,1775546623097
mouse,143,174,1775546623111
mouse,143,175,1775546623114
mouse,143,176,1775546623122
mouse,143,177,1775546623126
mouse,143,178,1775546623132
mouse,143,180,1775546623139
mouse,143,182,1775546623146
mouse,144,186,1775546623153
mouse,144,188,1775546623160
mouse,146,190,1775546623167
mouse,146,193,1775546623174
mouse,148,195,1775546623180
mouse,149,197,1775546623187
mouse,151,200,1775546623194
mouse,154,203,1775546623201
mouse,156,206,1775546623208
mouse,160,209,1775546623215
mouse,164,212,1775546623222
mouse,169,214,1775546623229
mouse,173,218,1775546623236
mouse,178,220,1775546623243
mouse,184,222,1775546623250
mouse,190,226,1775546623257
mouse,196,228,1775546623264
mouse,201,230,1775546623271
mouse,207,232,1775546623278
mouse,211,234,1775546623285
mouse,214,236,1775546623292
mouse,216,236,1775546623298
mouse,217,236,1775546623305
mouse,216,236,1775546623350
mouse,215,236,1775546623355
mouse,214,236,1775546623361
mouse,211,234,1775546623368
mouse,208,233,1775546623375
mouse,204,231,1775546623382
mouse,200,230,1775546623389
mouse,193,227,1775546623396
mouse,186,224,1775546623403
mouse,176,220,1775546623409
mouse,164,217,1775546623416
mouse,150,211,1775546623423
mouse,134,206,1775546623430
mouse,119,201,1775546623437
mouse,104,195,1775546623444
mouse,90,192,1775546623451
mouse,79,188,1775546623458
mouse,68,186,1775546623465
mouse,60,184,1775546623472
mouse,54,182,1775546623479
mouse,50,181,1775546623486
mouse,47,179,1775546623494
mouse,44,178,1775546623501
mouse,42,177,1775546623507
mouse,40,176,1775546623515
mouse,40,175,1775546623521
mouse,39,174,1775546623573
mouse,37,173,1775546623590
mouse,37,172,1775546623612
mouse,37,171,1775546623618
mouse,37,170,1775546623631
mouse,37,169,1775546623657
mouse,37,168,1775546623662
mouse,37,167,1775546623668
mouse,37,166,1775546623678
mouse,36,166,1775546623681
mouse,36,165,1775546623711
mouse,36,164,1775546623717
mouse,36,163,1775546623723
mouse,35,162,1775546623779
mouse,34,162,1775546623802
mouse,34,161,1775546623819
mouse,33,161,1775546623826
mouse,33,160,1775546623875
mouse,103,170,1775546626382
mouse,952,82,1775546626389
mouse,953,83,1775546626389
mouse,952,83,1775546626588
mouse,951,83,1775546626669
mouse,950,83,1775546626675
mouse,950,84,1775546626685
mouse,949,84,1775546626690
mouse,948,84,1775546626694
mouse,948,85,1775546626707
mouse,947,85,1775546626711
mouse,947,86,1775546626715
mouse,946,86,1775546626722
mouse,944,86,1775546626729
mouse,944,87,1775546626736
mouse,942,88,1775546626743
mouse,941,89,1775546626750
mouse,940,90,1775546626757
mouse,938,90,1775546626764
mouse,936,91,1775546626771
mouse,936,92,1775546626778
mouse,934,94,1775546626785
mouse,932,94,1775546626792
mouse,931,96,1775546626799
mouse,930,97,1775546626806
mouse,928,98,1775546626813
mouse,927,98,1775546626820
mouse,926,100,1775546626827
mouse,924,102,1775546626833
mouse,923,102,1775546626840
mouse,922,103,1775546626847
mouse,920,104,1775546626854
mouse,919,106,1775546626861
mouse,918,106,1775546626868
mouse,916,108,1775546626875
mouse,915,110,1775546626883
mouse,914,110,1775546626889
mouse,912,111,1775546626896
mouse,911,112,1775546626903
mouse,909,114,1775546626910
mouse,908,115,1775546626917
mouse,905,117,1775546626924
mouse,904,118,1775546626931
mouse,901,120,1775546626937
mouse,899,122,1775546626945
mouse,896,124,1775546626951
mouse,895,126,1775546626958
mouse,892,128,1775546626965
mouse,889,130,1775546626972
mouse,888,132,1775546626980
mouse,884,134,1775546626986
mouse,881,137,1775546626994
mouse,879,138,1775546627000
mouse,877,141,1775546627007
mouse,874,143,1775546627015
mouse,872,145,1775546627021
mouse,870,146,1775546627028
mouse,868,148,1775546627035
mouse,865,150,1775546627042
mouse,863,151,1775546627048
mouse,861,154,1775546627055
mouse,858,156,1775546627064
mouse,856,158,1775546627069
mouse,855,159,1775546627076
mouse,852,161,1775546627083
mouse,849,163,1775546627090
mouse,847,165,1775546627097
mouse,844,167,1775546627104
mouse,841,170,1775546627111
mouse,837,171,1775546627119
mouse,835,174,1775546627125
mouse,831,175,1775546627132
mouse,827,178,1775546627139
mouse,824,179,1775546627146
mouse,820,182,1775546627153
mouse,816,185,1775546627160
mouse,812,187,1775546627167
mouse,808,190,1775546627173
mouse,804,191,1775546627180
mouse,800,194,1775546627187
mouse,794,197,1775546627194
mouse,789,200,1775546627201
mouse,783,203,1775546627208
mouse,776,207,1775546627216
mouse,769,210,1775546627222
mouse,760,214,1775546627229
mouse,750,218,1775546627236
mouse,739,222,1775546627243
mouse,727,226,1775546627250
mouse,714,230,1775546627257
mouse,700,233,1775546627264
mouse,688,237,1775546627271
mouse,674,241,1775546627278
mouse,660,246,1775546627285
mouse,645,248,1775546627292
mouse,629,253,1775546627298
mouse,613,257,1775546627305
mouse,596,260,1775546627312
mouse,580,264,1775546627319
mouse,559,266,1775546627326
mouse,532,270,1775546627334
mouse,511,270,1775546627340
mouse,481,272,1775546627347
mouse,448,272,1775546627354
mouse,413,273,1775546627361
mouse,371,273,1775546627368
mouse,328,273,1775546627375
mouse,280,273,1775546627382
mouse,229,270,1775546627389
mouse,182,269,1775546627396
mouse,126,266,1775546627403
mouse,69,263,1775546627410
mouse,8,262,1775546627417
mouse,0,262,1775546627418
mouse,2,350,1775546631326
mouse,80,363,1775546631334
mouse,143,374,1775546631342
mouse,173,379,1775546631347
mouse,227,388,1775546631354
mouse,268,394,1775546631361
mouse,302,401,1775546631368
mouse,329,406,1775546631375
mouse,352,410,1775546631382
mouse,372,414,1775546631389
mouse,388,418,1775546631396
mouse,400,422,1775546631403
mouse,408,426,1775546631410
mouse,412,430,1775546631417
mouse,413,433,1775546631424
mouse,413,435,1775546631431
mouse,412,438,1775546631438
mouse,408,439,1775546631444
mouse,406,439,1775546631451
mouse,406,438,1775546631621
mouse,407,438,1775546631626
mouse,409,438,1775546631632
mouse,411,437,1775546631639
mouse,416,436,1775546631646
mouse,422,436,1775546631653
mouse,428,436,1775546631660
mouse,438,436,1775546631667
mouse,450,438,1775546631674
mouse,464,438,1775546631681
mouse,478,440,1775546631688
mouse,493,442,1775546631695
mouse,509,445,1775546631701
mouse,527,446,1775546631708
mouse,544,447,1775546631715
mouse,560,448,1775546631722
mouse,572,449,1775546631729
mouse,588,450,1775546631736
mouse,599,450,1775546631743
mouse,611,450,1775546631750
mouse,620,450,1775546631757
mouse,630,450,1775546631764
mouse,638,450,1775546631771
mouse,647,450,1775546631778
mouse,656,450,1775546631785
mouse,664,450,1775546631792
mouse,673,450,1775546631799
mouse,683,449,1775546631806
mouse,694,449,1775546631813
mouse,704,449,1775546631820
mouse,716,449,1775546631826
mouse,726,449,1775546631833
mouse,737,449,1775546631840
mouse,749,449,1775546631847
mouse,761,449,1775546631854
mouse,775,449,1775546631861
mouse,788,449,1775546631868
mouse,801,449,1775546631875
mouse,815,449,1775546631882
mouse,829,449,1775546631889
mouse,841,449,1775546631896
mouse,857,449,1775546631903
mouse,869,449,1775546631910
mouse,883,449,1775546631917
mouse,894,449,1775546631924
mouse,906,449,1775546631931
mouse,917,449,1775546631938
mouse,927,449,1775546631945
mouse,937,448,1775546631952
mouse,947,447,1775546631958
mouse,956,446,1775546631965
mouse,963,446,1775546631972
mouse,969,446,1775546631979
mouse,975,446,1775546631986
mouse,979,445,1775546631993
mouse,983,445,1775546632000
mouse,987,445,1775546632008
mouse,990,445,1775546632014
mouse,992,444,1775546632021
mouse,995,444,1775546632028
mouse,996,443,1775546632035
mouse,999,443,1775546632042
mouse,1000,443,1775546632049
mouse,1002,443,1775546632056
mouse,1003,443,1775546632063
mouse,1004,442,1775546632070
mouse,1005,442,1775546632078
mouse,1007,442,1775546632083
mouse,1008,441,1775546632091
mouse,1010,441,1775546632097
mouse,1012,441,1775546632104
mouse,1015,440,1775546632112
mouse,1016,439,1775546632118
mouse,1018,439,1775546632125
mouse,1020,439,1775546632132
mouse,1021,438,1775546632139
mouse,1023,438,1775546632146
mouse,1024,438,1775546632153
mouse,1025,438,1775546632160
mouse,1025,437,1775546632167
mouse,1026,437,1775546632174
mouse,1027,436,1775546632181
mouse,1028,436,1775546632190
mouse,1028,435,1775546632195
mouse,1029,435,1775546632204
mouse,1030,435,1775546632209
mouse,1030,434,1775546632215
mouse,1031,434,1775546632222
mouse,1032,434,1775546632229
mouse,1033,434,1775546632239
mouse,1034,433,1775546632243
mouse,1035,432,1775546632250
mouse,1036,431,1775546632257
mouse,1037,431,1775546632278
mouse,1037,430,1775546632299
mouse,1038,430,1775546632306
mouse,1039,430,1775546632327
mouse,1040,430,1775546632351
mouse,1039,430,1775546632551
mouse,1038,430,1775546632559
mouse,1037,430,1775546632563
mouse,1034,431,1775546632570
mouse,1032,431,1775546632576
mouse,1028,432,1775546632583
mouse,1025,433,1775546632590
mouse,1021,433,1775546632597
mouse,1016,434,1775546632604
mouse,1012,434,1775546632611
mouse,1008,434,1775546632618
mouse,1004,434,1775546632625
mouse,1000,435,1775546632633
mouse,996,435,1775546632639
mouse,992,436,1775546632646
mouse,988,436,1775546632653
mouse,984,436,1775546632660
mouse,980,436,1775546632667
mouse,976,437,1775546632674
mouse,972,437,1775546632680
mouse,967,437,1775546632687
mouse,960,437,1775546632694
mouse,954,437,1775546632701
mouse,948,436,1775546632708
mouse,940,435,1775546632715
mouse,932,434,1775546632722
mouse,924,432,1775546632729
mouse,915,430,1775546632736
mouse,907,429,1775546632743
mouse,900,427,1775546632750
mouse,892,427,1775546632757
mouse,888,426,1775546632764
mouse,882,426,1775546632771
mouse,878,425,1775546632778
mouse,875,425,1775546632785
mouse,872,424,1775546632792
mouse,869,423,1775546632799
mouse,868,423,1775546632806
mouse,865,422,1775546632812
mouse,863,422,1775546632819
mouse,861,421,1775546632826
mouse,858,421,1775546632833
mouse,854,420,1775546632840
mouse,850,419,1775546632847
mouse,844,418,1775546632854
mouse,838,416,1775546632861
mouse,830,415,1775546632868
mouse,824,414,1775546632875
mouse,817,413,1775546632882
mouse,811,412,1775546632889
mouse,806,412,1775546632896
mouse,800,411,1775546632903
mouse,794,411,1775546632910
mouse,790,411,1775546632917
mouse,785,411,1775546632924
mouse,781,410,1775546632930
mouse,776,410,1775546632937
mouse,773,410,1775546632944
mouse,768,410,1775546632951
mouse,764,409,1775546632958
mouse,761,407,1775546632965
mouse,756,406,1775546632972
mouse,752,404,1775546632979
mouse,747,402,1775546632986
mouse,741,400,1775546632993
mouse,737,398,1775546633000
mouse,732,395,1775546633007
mouse,728,392,1775546633014
mouse,724,390,1775546633021
mouse,721,388,1775546633028
mouse,719,386,1775546633035
mouse,718,383,1775546633042
mouse,716,380,1775546633049
mouse,716,378,1775546633055
mouse,715,374,1775546633062
mouse,712,370,1775546633069
mouse,712,369,1775546633076
mouse,711,368,1775546633083
mouse,710,366,1775546633090
mouse,708,364,1775546633097
mouse,707,362,1775546633104
mouse,705,358,1775546633112
mouse,703,354,1775546633118
mouse,700,350,1775546633125
mouse,696,345,1775546633132
mouse,692,340,1775546633139
mouse,688,334,1775546633146
mouse,684,331,1775546633153
mouse,680,326,1775546633160
mouse,675,322,1775546633167
mouse,670,318,1775546633174
mouse,666,314,1775546633180
mouse,662,310,1775546633187
mouse,658,306,1775546633194
mouse,656,302,1775546633201
mouse,652,298,1775546633208
mouse,649,295,1775546633215
mouse,647,292,1775546633222
mouse,645,290,1775546633229
mouse,644,287,1775546633236
mouse,641,286,1775546633243
mouse,640,283,1775546633250
mouse,639,282,1775546633257
mouse,637,279,1775546633264
mouse,636,277,1775546633271
mouse,636,275,1775546633278
mouse,634,273,1775546633285
mouse,633,272,1775546633292
mouse,633,271,1775546633299
mouse,633,271,1775546633333
click,633,271,1775546633417
mouse,635,271,1775546633434
mouse,636,271,1775546633437
mouse,639,272,1775546633445
mouse,644,273,1775546633451
mouse,645,273,1775546633458
mouse,646,273,1775546633467
mouse,648,273,1775546633474
mouse,648,274,1775546633479
mouse,649,274,1775546633486
mouse,650,274,1775546633493
mouse,652,274,1775546633500
mouse,652,275,1775546633615
mouse,651,275,1775546633623
mouse,650,274,1775546633626
mouse,648,274,1775546633632
mouse,643,272,1775546633639
mouse,639,270,1775546633646
mouse,632,269,1775546633653
mouse,625,266,1775546633660
mouse,616,264,1775546633667
mouse,604,260,1775546633674
mouse,591,255,1775546633681
mouse,576,250,1775546633687
mouse,560,246,1775546633694
mouse,544,242,1775546633701
mouse,526,238,1775546633708
mouse,509,236,1775546633715
mouse,493,234,1775546633722
mouse,480,234,1775546633729
mouse,469,234,1775546633736
mouse,462,234,1775546633743
mouse,456,235,1775546633750
mouse,452,238,1775546633757
mouse,452,239,1775546633764
mouse,453,239,1775546633954
mouse,454,239,1775546633958
mouse,456,239,1775546633965
mouse,458,239,1775546633972
mouse,459,239,1775546633979
mouse,460,239,1775546633986
mouse,460,238,1775546633993
mouse,460,236,1775546634001
mouse,461,235,1775546634007
mouse,463,234,1775546634014
mouse,466,234,1775546634021
mouse,470,234,1775546634028
mouse,475,234,1775546634035
mouse,481,234,1775546634043
mouse,486,234,1775546634049
mouse,491,234,1775546634056
mouse,495,234,1775546634062
mouse,500,234,1775546634069
mouse,504,234,1775546634076
mouse,508,235,1775546634083
mouse,512,235,1775546634090
mouse,518,235,1775546634097
mouse,523,235,1775546634104
mouse,528,236,1775546634111
mouse,535,237,1775546634118
mouse,542,238,1775546634125
mouse,548,238,1775546634132
mouse,554,238,1775546634139
mouse,560,238,1775546634146
mouse,565,238,1775546634153
mouse,568,238,1775546634160
mouse,573,238,1775546634167
mouse,576,238,1775546634174
mouse,580,237,1775546634180
mouse,584,237,1775546634187
mouse,587,237,1775546634194
mouse,589,237,1775546634201
mouse,592,237,1775546634208
mouse,594,237,1775546634215
mouse,596,237,1775546634222
mouse,597,236,1775546634229
mouse,599,236,1775546634236
mouse,601,236,1775546634243
mouse,603,235,1775546634250
mouse,604,235,1775546634257
mouse,606,235,1775546634264
mouse,608,235,1775546634271
mouse,609,235,1775546634279
mouse,610,235,1775546634285
mouse,612,235,1775546634292
mouse,613,235,1775546634298
mouse,615,235,1775546634306
mouse,617,235,1775546634312
mouse,619,235,1775546634319
mouse,620,235,1775546634327
mouse,623,235,1775546634334
mouse,625,235,1775546634340
mouse,628,235,1775546634347
mouse,630,235,1775546634354
mouse,632,235,1775546634361
mouse,634,235,1775546634369
mouse,636,235,1775546634375
mouse,638,235,1775546634382
mouse,640,235,1775546634389
mouse,641,235,1775546634397
mouse,643,236,1775546634404
mouse,644,236,1775546634410
mouse,647,236,1775546634417
mouse,648,237,1775546634424
mouse,649,237,1775546634431
mouse,652,237,1775546634438
mouse,653,238,1775546634445
mouse,656,238,1775546634453
mouse,657,238,1775546634458
mouse,659,238,1775546634466
mouse,660,238,1775546634472
mouse,662,238,1775546634479
mouse,664,239,1775546634486
mouse,665,239,1775546634493
mouse,668,240,1775546634501
mouse,669,240,1775546634507
mouse,671,240,1775546634514
mouse,672,240,1775546634521
mouse,674,241,1775546634528
mouse,676,242,1775546634536
mouse,677,242,1775546634542
mouse,679,242,1775546634549
mouse,680,242,1775546634556
mouse,682,242,1775546634563
mouse,683,242,1775546634569
mouse,684,242,1775546634576
mouse,686,242,1775546634584
mouse,687,242,1775546634590
mouse,689,242,1775546634597
mouse,691,243,1775546634605
mouse,692,243,1775546634611
mouse,693,244,1775546634618
mouse,695,244,1775546634625
mouse,696,245,1775546634632
mouse,700,246,1775546634646
mouse,702,246,1775546634653
mouse,704,247,1775546634660
mouse,707,247,1775546634667
mouse,712,249,1775546634681
mouse,714,250,1775546634688
mouse,716,250,1775546634691
mouse,720,250,1775546634701
mouse,724,251,1775546634708
mouse,727,253,1775546634715
mouse,730,254,1775546634722
mouse,734,254,1775546634729
mouse,738,255,1775546634736
mouse,740,255,1775546634740
mouse,744,257,1775546634750
mouse,748,258,1775546634757
mouse,752,258,1775546634764
mouse,756,258,1775546634771
mouse,760,259,1775546634778
mouse,764,259,1775546634785
mouse,769,260,1775546634792
mouse,775,261,1775546634799
mouse,780,262,1775546634806
mouse,784,262,1775546634812
mouse,790,262,1775546634819
mouse,795,263,1775546634826
mouse,799,264,1775546634833
mouse,804,264,1775546634840
mouse,809,264,1775546634847
mouse,814,265,1775546634854
mouse,818,265,1775546634861
mouse,824,266,1775546634868
mouse,828,266,1775546634875
mouse,833,266,1775546634882
mouse,840,266,1775546634889
mouse,844,266,1775546634896
mouse,849,267,1775546634903
mouse,855,267,1775546634910
mouse,860,268,1775546634917
mouse,866,268,1775546634924
mouse,872,268,1775546634930
mouse,876,268,1775546634937
mouse,882,268,1775546634944
mouse,886,269,1775546634951
mouse,891,269,1775546634958
mouse,895,269,1775546634965
mouse,900,269,1775546634972
mouse,904,269,1775546634979
mouse,908,269,1775546634986
mouse,911,269,1775546634993
mouse,914,269,1775546635000
mouse,916,269,1775546635007
mouse,917,269,1775546635014
mouse,918,269,1775546635021
mouse,919,268,1775546635035
mouse,920,268,1775546635049
mouse,921,267,1775546635083
mouse,922,266,1775546635090
mouse,924,266,1775546635097
mouse,924,265,1775546635104
mouse,925,265,1775546635111
mouse,926,264,1775546635118
mouse,927,263,1775546635125
mouse,928,262,1775546635132
mouse,929,261,1775546635140
mouse,930,261,1775546635147
mouse,931,258,1775546635154
mouse,932,258,1775546635160
mouse,932,257,1775546635167
mouse,932,255,1775546635174
mouse,933,254,1775546635181
mouse,934,253,1775546635187
mouse,935,253,1775546635194
mouse,936,251,1775546635201
mouse,936,250,1775546635208
mouse,936,249,1775546635222
mouse,936,248,1775546635257
mouse,936,247,1775546635267
mouse,936,246,1775546635285
mouse,936,245,1775546635292
mouse,936,243,1775546635320
mouse,936,241,1775546635334
mouse,935,240,1775546635348
mouse,935,239,1775546635354
mouse,932,237,1775546635369
mouse,932,236,1775546635375
mouse,931,234,1775546635382
mouse,929,234,1775546635389
mouse,928,233,1775546635396
mouse,928,231,1775546635403
mouse,927,230,1775546635409
mouse,924,227,1775546635417
mouse,923,226,1775546635424
mouse,920,225,1775546635431
mouse,919,223,1775546635438
mouse,917,222,1775546635445
mouse,916,222,1775546635452
mouse,915,220,1775546635459
mouse,913,218,1775546635465
mouse,911,218,1775546635472
mouse,909,215,1775546635479
mouse,908,214,1775546635486
mouse,905,213,1775546635493
mouse,904,211,1775546635500
mouse,902,210,1775546635507
mouse,899,208,1775546635515
mouse,897,206,1775546635521
mouse,895,205,1775546635528
mouse,892,203,1775546635535
mouse,889,201,1775546635542
mouse,886,198,1775546635549
mouse,884,196,1775546635556
mouse,880,194,1775546635563
mouse,877,190,1775546635570
mouse,875,188,1775546635576
mouse,872,186,1775546635583
mouse,869,184,1775546635590
mouse,867,182,1775546635597
mouse,865,181,1775546635604
mouse,864,179,1775546635611
mouse,860,176,1775546635618
mouse,858,175,1775546635625
mouse,856,174,1775546635632
mouse,855,172,1775546635639
mouse,853,171,1775546635646
mouse,852,170,1775546635653
mouse,851,169,1775546635660
mouse,850,168,1775546635667
mouse,848,168,1775546635674
mouse,848,167,1775546635681
mouse,847,166,1775546635688
mouse,846,166,1775546635695
mouse,844,166,1775546635701
mouse,844,165,1775546635708
mouse,842,164,1775546635715
mouse,840,163,1775546635722
mouse,840,162,1775546635729
mouse,838,162,1775546635736
mouse,836,162,1775546635753
mouse,834,162,1775546635760
mouse,833,161,1775546635766
mouse,832,161,1775546635772
mouse,830,161,1775546635780
mouse,828,160,1775546635787
mouse,827,160,1775546635793
mouse,826,160,1775546635799
mouse,823,158,1775546635813
mouse,821,158,1775546635819
mouse,820,158,1775546635827
mouse,818,158,1775546635833
mouse,816,157,1775546635847
mouse,814,157,1775546635854
mouse,813,157,1775546635861
mouse,812,157,1775546635865
mouse,811,157,1775546635882
mouse,810,157,1775546635889
mouse,809,157,1775546635903
mouse,808,157,1775546635910
mouse,805,157,1775546635938
mouse,804,157,1775546635945
mouse,802,158,1775546635952
mouse,800,158,1775546635959
mouse,799,159,1775546635966
mouse,798,160,1775546635972
mouse,796,161,1775546635979
mouse,795,162,1775546635986
mouse,793,163,1775546635993
mouse,792,164,1775546636000
mouse,790,166,1775546636007
mouse,788,167,1775546636015
mouse,787,168,1775546636021
mouse,785,170,1775546636028
mouse,784,171,1775546636036
mouse,783,171,1775546636042
mouse,781,173,1775546636049
mouse,780,174,1775546636056
mouse,779,175,1775546636062
mouse,777,178,1775546636069
mouse,776,178,1775546636076
mouse,775,180,1775546636083
mouse,773,182,1775546636090
mouse,772,183,1775546636097
mouse,771,185,1775546636104
mouse,769,186,1775546636111
mouse,768,187,1775546636118
mouse,766,189,1775546636125
mouse,764,190,1775546636132
mouse,763,191,1775546636139
mouse,761,193,1775546636146
mouse,760,194,1775546636154
mouse,759,195,1775546636160
mouse,757,197,1775546636167
mouse,755,199,1775546636174
mouse,753,202,1775546636181
mouse,752,202,1775546636187
mouse,752,203,1775546636191
mouse,750,205,1775546636203
mouse,749,206,1775546636208
mouse,748,207,1775546636215
mouse,745,208,1775546636230
mouse,744,209,1775546636236
mouse,744,210,1775546636250
mouse,743,210,1775546636254
mouse,741,211,1775546636264
mouse,740,214,1775546636272
mouse,738,216,1775546636278
mouse,737,218,1775546636285
mouse,736,220,1775546636292
mouse,734,222,1775546636299
mouse,732,225,1775546636307
mouse,731,227,1775546636313
mouse,728,230,1775546636320
mouse,727,232,1775546636326
mouse,724,234,1775546636333
mouse,721,237,1775546636340
mouse,717,242,1775546636348
mouse,712,247,1775546636354
mouse,707,253,1775546636361
mouse,701,258,1775546636368
mouse,696,262,1775546636375
mouse,691,266,1775546636382
mouse,687,270,1775546636389
mouse,683,273,1775546636396
mouse,677,277,1775546636403
mouse,670,282,1775546636410
mouse,664,286,1775546636417
mouse,659,290,1775546636424
mouse,654,292,1775546636430
mouse,650,294,1775546636437
mouse,645,297,1775546636445
mouse,641,299,1775546636452
mouse,640,300,1775546636458
mouse,637,302,1775546636465
mouse,636,302,1775546636472
mouse,633,303,1775546636480
mouse,632,304,1775546636486
mouse,631,305,1775546636500
mouse,630,305,1775546636507
mouse,629,306,1775546636522
mouse,628,306,1775546636549
mouse,626,306,1775546636564
mouse,625,306,1775546636569
mouse,625,307,1775546636576
mouse,624,307,1775546636591
mouse,624,308,1775546636619
mouse,623,308,1775546636627
mouse,622,308,1775546636654
mouse,621,308,1775546636667
mouse,620,308,1775546636681
mouse,618,309,1775546636695
mouse,616,309,1775546636701
mouse,615,310,1775546636708
mouse,612,310,1775546636715
mouse,610,310,1775546636722
mouse,608,310,1775546636729
mouse,604,310,1775546636736
mouse,600,311,1775546636743
mouse,597,312,1775546636750
mouse,593,312,1775546636757
mouse,588,312,1775546636765
mouse,584,313,1775546636771
mouse,577,313,1775546636778
mouse,572,313,1775546636785
mouse,564,313,1775546636792
mouse,557,313,1775546636799
mouse,550,313,1775546636806
mouse,542,313,1775546636812
mouse,534,313,1775546636819
mouse,518,310,1775546636833
mouse,509,310,1775546636840
mouse,500,310,1775546636848
mouse,495,310,1775546636854
mouse,492,309,1775546636857
mouse,484,306,1775546636868
mouse,478,306,1775546636876
mouse,474,306,1775546636882
mouse,470,305,1775546636889
mouse,469,305,1775546636891
mouse,465,303,1775546636903
mouse,462,302,1775546636910
mouse,460,302,1775546636917
mouse,457,301,1775546636924
mouse,456,301,1775546636928
mouse,452,298,1775546636939
mouse,451,298,1775546636944
mouse,448,298,1775546636951
mouse,447,297,1775546636958
mouse,445,297,1775546636965
mouse,444,296,1775546636972
mouse,444,295,1775546636986
mouse,443,295,1775546636993
mouse,442,295,1775546637022
mouse,442,294,1775546637279
mouse,443,294,1775546637306
mouse,444,294,1775546637313
mouse,446,294,1775546637341
mouse,448,294,1775546637347
mouse,450,294,1775546637362
mouse,452,294,1775546637369
mouse,455,294,1775546637375
mouse,457,294,1775546637382
mouse,460,295,1775546637390
mouse,463,296,1775546637396
mouse,465,296,1775546637403
mouse,468,297,1775546637410
mouse,471,298,1775546637417
mouse,473,298,1775546637424
mouse,476,299,1775546637430
mouse,478,300,1775546637438
mouse,481,302,1775546637445
mouse,483,302,1775546637451
mouse,485,303,1775546637458
mouse,488,304,1775546637465
mouse,489,306,1775546637472
mouse,492,306,1775546637479
mouse,493,307,1775546637486
mouse,495,308,1775546637494
mouse,496,310,1775546637500
mouse,498,310,1775546637507
mouse,500,311,1775546637515
mouse,502,312,1775546637521
mouse,504,313,1775546637529
mouse,507,314,1775546637535
mouse,509,314,1775546637542
mouse,513,316,1775546637550
mouse,515,317,1775546637556
mouse,519,318,1775546637562
mouse,524,320,1775546637569
mouse,528,322,1775546637576
mouse,533,324,1775546637583
mouse,540,326,1775546637590
mouse,545,327,1775546637597
mouse,551,329,1775546637604
mouse,558,330,1775546637612
mouse,562,331,1775546637618
mouse,568,333,1775546637625
mouse,574,334,1775546637632
mouse,579,335,1775546637639
mouse,585,337,1775546637647
mouse,590,338,1775546637653
mouse,595,339,1775546637660
mouse,604,342,1775546637674
mouse,609,342,1775546637681
mouse,610,342,1775546637683
mouse,616,344,1775546637694
mouse,620,345,1775546637701
mouse,625,346,1775546637715
mouse,627,346,1775546637722
mouse,629,346,1775546637730
mouse,632,346,1775546637743
mouse,634,346,1775546637750
mouse,636,346,1775546637757
mouse,637,346,1775546637764
mouse,640,346,1775546637771
mouse,643,346,1775546637779
mouse,644,346,1775546637785
mouse,648,346,1775546637792
mouse,652,346,1775546637799
mouse,654,346,1775546637806
mouse,656,346,1775546637813
mouse,659,346,1775546637819
mouse,662,346,1775546637826
mouse,664,346,1775546637833
mouse,666,346,1775546637840
mouse,668,346,1775546637847
mouse,670,346,1775546637854
mouse,671,346,1775546637861
mouse,672,346,1775546637868
mouse,674,346,1775546637875
mouse,676,346,1775546637882
mouse,680,346,1775546637890
mouse,682,346,1775546637896
mouse,686,347,1775546637903
mouse,691,347,1775546637910
mouse,696,348,1775546637917
mouse,700,348,1775546637924
mouse,704,348,1775546637930
mouse,708,349,1775546637937
mouse,710,349,1775546637944
mouse,713,349,1775546637951
mouse,716,349,1775546637959
mouse,717,349,1775546637965
mouse,719,349,1775546637973
mouse,720,349,1775546637979
mouse,721,349,1775546638007
mouse,722,349,1775546638014
mouse,724,349,1775546638022
mouse,727,349,1775546638035
mouse,729,349,1775546638042
mouse,732,349,1775546638049
mouse,736,349,1775546638056
mouse,739,349,1775546638062
mouse,742,349,1775546638069
mouse,744,349,1775546638076
mouse,747,349,1775546638083
mouse,749,349,1775546638090
mouse,752,349,1775546638097
mouse,754,349,1775546638104
mouse,755,349,1775546638111
mouse,756,349,1775546638118
mouse,758,349,1775546638126
mouse,760,349,1775546638139
mouse,761,349,1775546638181
mouse,762,348,1775546638229
mouse,764,348,1775546638258
mouse,765,347,1775546638272
mouse,766,346,1775546638278
mouse,767,346,1775546638285
mouse,768,346,1775546638293
mouse,768,345,1775546638299
mouse,769,344,1775546638306
mouse,770,344,1775546638314
mouse,772,342,1775546638320
mouse,773,341,1775546638333
mouse,774,340,1775546638341
mouse,776,340,1775546638347
mouse,776,339,1775546638354
mouse,778,338,1775546638362
mouse,780,338,1775546638368
mouse,783,336,1775546638376
mouse,785,336,1775546638382
mouse,788,334,1775546638389
mouse,792,334,1775546638397
mouse,796,333,1775546638403
mouse,800,332,1775546638410
mouse,804,330,1775546638417
mouse,808,330,1775546638424
mouse,812,328,1775546638431
mouse,816,326,1775546638438
mouse,820,326,1775546638444
mouse,824,325,1775546638451
mouse,827,324,1775546638458
mouse,829,322,1775546638465
mouse,833,322,1775546638472
mouse,835,322,1775546638476
mouse,838,320,1775546638486
mouse,841,319,1775546638493
mouse,844,318,1775546638500
mouse,846,317,1775546638507
mouse,848,316,1775546638514
mouse,850,316,1775546638521
mouse,851,315,1775546638535
mouse,852,315,1775546638542
mouse,852,314,1775546638695
mouse,853,314,1775546638702
mouse,852,314,1775546638841
mouse,851,313,1775546638847
mouse,848,311,1775546638855
mouse,844,310,1775546638868
mouse,842,308,1775546638875
mouse,838,306,1775546638882
mouse,835,306,1775546638890
mouse,831,305,1775546638903
mouse,829,304,1775546638910
mouse,828,303,1775546638917
mouse,825,302,1775546638931
mouse,824,302,1775546638939
mouse,823,302,1775546638952
mouse,822,302,1775546638960
mouse,821,301,1775546638965
mouse,820,301,1775546638972
mouse,817,300,1775546638986
mouse,816,299,1775546638993
mouse,815,298,1775546639001
mouse,814,298,1775546639007
mouse,812,298,1775546639014
mouse,810,297,1775546639021
mouse,808,297,1775546639028
mouse,807,296,1775546639035
mouse,806,296,1775546639043
mouse,804,295,1775546639049
mouse,802,294,1775546639056
mouse,801,294,1775546639063
mouse,798,293,1775546639071
mouse,796,292,1775546639076
mouse,792,291,1775546639083
mouse,788,290,1775546639090
mouse,785,289,1775546639097
mouse,782,288,1775546639104
mouse,779,287,1775546639111
mouse,775,286,1775546639118
mouse,772,286,1775546639125
mouse,771,286,1775546639132
mouse,768,286,1775546639139
mouse,767,286,1775546639188
mouse,766,286,1775546639195
mouse,765,286,1775546639209
mouse,764,286,1775546639215
mouse,763,286,1775546639243
mouse,761,286,1775546639257
mouse,760,286,1775546639271
mouse,758,287,1775546639279
mouse,757,287,1775546639285
mouse,756,287,1775546639292
mouse,754,287,1775546639299
mouse,751,288,1775546639313
mouse,749,289,1775546639320
mouse,747,290,1775546639324
mouse,744,290,1775546639333
mouse,741,290,1775546639340
mouse,739,291,1775546639347
mouse,736,291,1775546639354
mouse,733,292,1775546639361
mouse,729,293,1775546639368
mouse,725,294,1775546639375
mouse,720,294,1775546639382
mouse,716,294,1775546639389
mouse,712,294,1775546639393
mouse,703,296,1775546639403
mouse,696,296,1775546639410
mouse,687,297,1775546639417
mouse,678,297,1775546639424
mouse,668,297,1775546639431
mouse,657,297,1775546639438
mouse,644,297,1775546639444
mouse,630,296,1775546639451
mouse,616,295,1775546639458
mouse,603,294,1775546639465
mouse,589,294,1775546639472
mouse,576,292,1775546639479
mouse,563,291,1775546639486
mouse,549,290,1775546639493
mouse,537,290,1775546639500
mouse,525,289,1775546639507
mouse,515,288,1775546639514
mouse,504,286,1775546639521
mouse,495,286,1775546639528
mouse,488,285,1775546639535
mouse,480,283,1775546639542
mouse,474,282,1775546639549
mouse,468,282,1775546639556
mouse,464,280,1775546639563
mouse,459,279,1775546639569
mouse,454,279,1775546639576
mouse,450,278,1775546639583
mouse,446,278,1775546639590
mouse,443,276,1775546639597
mouse,440,275,1775546639604
mouse,436,275,1775546639611
mouse,432,274,1775546639618
mouse,429,274,1775546639625
mouse,425,272,1775546639632
mouse,421,271,1775546639639
mouse,417,270,1775546639646
mouse,414,269,1775546639653
mouse,411,267,1775546639660
mouse,408,267,1775546639665
mouse,404,266,1775546639674
mouse,400,265,1775546639681
mouse,396,263,1775546639688
mouse,392,262,1775546639694
mouse,385,261,1775546639708
mouse,383,259,1775546639715
mouse,381,258,1775546639722
mouse,379,257,1775546639729
mouse,376,255,1775546639736
mouse,376,254,1775546639743
mouse,374,253,1775546639750
mouse,372,251,1775546639757
mouse,372,248,1775546639764
mouse,370,247,1775546639771
mouse,370,244,1775546639778
mouse,370,242,1775546639785
mouse,370,238,1775546639792
mouse,370,235,1775546639799
mouse,370,231,1775546639806
mouse,368,227,1775546639813
mouse,368,225,1775546639819
mouse,366,222,1775546639826
mouse,365,219,1775546639834
mouse,364,216,1775546639840
mouse,364,214,1775546639847
mouse,364,211,1775546639854
mouse,363,208,1775546639861
mouse,362,206,1775546639869
mouse,362,203,1775546639875
mouse,362,201,1775546639882
mouse,361,198,1775546639889
mouse,361,196,1775546639896
mouse,360,194,1775546639904
mouse,360,191,1775546639910
mouse,360,190,1775546639917
mouse,360,186,1775546639924
mouse,360,184,1775546639931
mouse,359,182,1775546639937
mouse,358,179,1775546639944
mouse,356,177,1775546639952
mouse,356,175,1775546639958
mouse,355,174,1775546639965
mouse,354,173,1775546639973
mouse,353,171,1775546639979
mouse,352,170,1775546639987
mouse,352,169,1775546639993
mouse,351,167,1775546640000
mouse,350,166,1775546640007
mouse,349,166,1775546640014
mouse,348,164,1775546640021
mouse,348,163,1775546640028
mouse,348,162,1775546640035
mouse,348,160,1775546640042
mouse,346,158,1775546640049
mouse,345,155,1775546640056
mouse,344,153,1775546640062
mouse,344,150,1775546640070
mouse,344,147,1775546640077
mouse,343,146,1775546640083
mouse,342,144,1775546640091
mouse,342,143,1775546640097
mouse,342,142,1775546640104
mouse,342,141,1775546640174
mouse,342,140,1775546640181
mouse,342,139,1775546640195
mouse,343,139,1775546640202
mouse,343,138,1775546640208
mouse,343,137,1775546640222
mouse,343,136,1775546640236
mouse,344,136,1775546640257
click,344,136,1775546640342
mouse,344,136,1775546640349
mouse,344,135,1775546640412
mouse,343,135,1775546640417
mouse,342,134,1775546640424
mouse,339,132,1775546640431
mouse,336,130,1775546640438
mouse,333,128,1775546640445
mouse,329,126,1775546640451
mouse,324,123,1775546640458
mouse,320,121,1775546640465
mouse,315,118,1775546640472
mouse,310,116,1775546640479
mouse,304,113,1775546640486
mouse,300,110,1775546640493
mouse,295,109,1775546640500
mouse,291,106,1775546640507
mouse,287,105,1775546640514
mouse,283,103,1775546640521
mouse,280,102,1775546640528
mouse,277,100,1775546640535
mouse,275,99,1775546640542
mouse,272,98,1775546640549
mouse,268,97,1775546640556
mouse,265,96,1775546640563
mouse,262,96,1775546640570
mouse,259,94,1775546640576
mouse,256,94,1775546640583
mouse,252,94,1775546640590
mouse,250,93,1775546640597
mouse,248,92,1775546640604
mouse,244,91,1775546640611
mouse,243,90,1775546640618
mouse,240,90,1775546640625
mouse,238,89,1775546640632
mouse,236,88,1775546640640
mouse,232,87,1775546640647
mouse,231,86,1775546640653
mouse,229,86,1775546640661
mouse,227,86,1775546640669
mouse,225,85,1775546640674
mouse,224,84,1775546640681
mouse,221,84,1775546640688
mouse,220,83,1775546640695
mouse,218,82,1775546640701
mouse,216,82,1775546640708
mouse,215,82,1775546640715
mouse,213,81,1775546640722
mouse,211,80,1775546640729
mouse,209,80,1775546640736
mouse,208,80,1775546640744
mouse,208,79,1775546640750
mouse,207,79,1775546640757
mouse,206,78,1775546640801
mouse,205,78,1775546640821
mouse,204,78,1775546640828
mouse,203,78,1775546640833
mouse,202,78,1775546640840
mouse,200,78,1775546640847
mouse,199,78,1775546640856
mouse,197,77,1775546640862
mouse,196,77,1775546640868
mouse,196,76,1775546640875
mouse,193,76,1775546640882
mouse,192,76,1775546640889
mouse,190,76,1775546640910
mouse,189,76,1775546640917
mouse,188,76,1775546640924
mouse,186,76,1775546640931
mouse,184,76,1775546640938
mouse,183,76,1775546640945
mouse,181,75,1775546640951
mouse,180,75,1775546640958
mouse,177,75,1775546640965
mouse,175,75,1775546640972
mouse,173,75,1775546640980
mouse,172,75,1775546640987
mouse,170,75,1775546640993
mouse,168,75,1775546641000
mouse,167,75,1775546641009
mouse,166,75,1775546641014
mouse,164,76,1775546641021
mouse,163,76,1775546641028
mouse,161,76,1775546641035
mouse,160,77,1775546641042
mouse,158,77,1775546641049
mouse,156,77,1775546641056
mouse,154,77,1775546641063
mouse,152,77,1775546641070
mouse,150,77,1775546641078
mouse,149,77,1775546641090
mouse,148,77,1775546641095
mouse,147,77,1775546641156
mouse,146,77,1775546641162
mouse,144,77,1775546641167
mouse,141,77,1775546641174
mouse,137,75,1775546641181
mouse,132,74,1775546641188
mouse,127,73,1775546641194
mouse,122,71,1775546641201
mouse,117,70,1775546641208
mouse,113,69,1775546641215
mouse,108,68,1775546641222
mouse,104,67,1775546641229
mouse,100,66,1775546641236
mouse,96,65,1775546641243
mouse,93,63,1775546641250
mouse,90,62,1775546641257
mouse,88,61,1775546641264
mouse,86,59,1775546641271
mouse,84,58,1775546641278
mouse,83,57,1775546641285
mouse,82,55,1775546641292
mouse,81,55,1775546641299
mouse,81,54,1775546641330
mouse,82,54,1775546641347
mouse,82,53,1775546641354
mouse,83,53,1775546641365
mouse,84,53,1775546641370
mouse,84,51,1775546641375
mouse,85,51,1775546641382
mouse,88,50,1775546641389
mouse,89,50,1775546641396
mouse,93,49,1775546641403
mouse,97,49,1775546641410
mouse,102,49,1775546641417
mouse,109,49,1775546641424
mouse,116,49,1775546641431
mouse,123,49,1775546641438
mouse,129,49,1775546641445
mouse,136,49,1775546641451
mouse,140,49,1775546641458
mouse,144,47,1775546641465
mouse,147,46,1775546641472
mouse,148,46,1775546641479
mouse,148,45,1775546641486
mouse,149,45,1775546641493
mouse,149,44,1775546641505
mouse,150,44,1775546641508
mouse,150,43,1775546641514
mouse,150,42,1775546641521
mouse,150,41,1775546641543
mouse,150,40,1775546641550
mouse,150,39,1775546641557
mouse,150,38,1775546641564
mouse,149,38,1775546641686
mouse,148,38,1775546641688
mouse,148,38,1775546641695
mouse,146,38,1775546641702
mouse,144,38,1775546641709
mouse,141,38,1775546641716
mouse,139,38,1775546641722
mouse,136,37,1775546641729
mouse,133,37,1775546641736
mouse,130,37,1775546641743
mouse,127,37,1775546641750
mouse,123,37,1775546641757
mouse,119,37,1775546641764
mouse,115,37,1775546641771
mouse,110,36,1775546641778
mouse,104,36,1775546641785
mouse,101,35,1775546641792
mouse,96,35,1775546641799
mouse,93,35,1775546641806
mouse,89,35,1775546641813
mouse,86,35,1775546641819
mouse,82,35,1775546641826
mouse,79,34,1775546641833
mouse,76,34,1775546641840
mouse,73,34,1775546641847
mouse,70,34,1775546641854
mouse,68,34,1775546641861
mouse,66,34,1775546641868
mouse,64,34,1775546641875
mouse,62,34,1775546641882
mouse,60,34,1775546641889
mouse,58,34,1775546641896
mouse,56,34,1775546641904
mouse,54,34,1775546641910
mouse,52,34,1775546641918
mouse,52,34,1775546641924
mouse,50,34,1775546641932
mouse,49,34,1775546641938
mouse,48,34,1775546641945
mouse,47,34,1775546641952
mouse,46,34,1775546641958
mouse,45,34,1775546641965
mouse,44,34,1775546641972
mouse,44,34,1775546641979
mouse,43,34,1775546641986
mouse,42,34,1775546641993
mouse,41,34,1775546642000
mouse,40,33,1775546642007
mouse,40,33,1775546642014
mouse,39,33,1775546642021
mouse,38,33,1775546642028
mouse,37,33,1775546642049
mouse,36,33,1775546642058
mouse,36,33,1775546642077
mouse,34,33,1775546642083
mouse,33,33,1775546642090
mouse,32,33,1775546642097
mouse,30,33,1775546642104
mouse,29,33,1775546642111
mouse,28,33,1775546642118
mouse,26,33,1775546642126
mouse,25,33,1775546642136
mouse,24,33,1775546642141
mouse,24,34,1775546642147
mouse,23,34,1775546642153
mouse,22,34,1775546642160
mouse,21,34,1775546642171
mouse,20,34,1775546642176
mouse,20,34,1775546642183
mouse,19,34,1775546642188
mouse,18,34,1775546642195
mouse,16,34,1775546642202
mouse,16,34,1775546642210
mouse,15,34,1775546642216
mouse,14,34,1775546642222
mouse,14,34,1775546642229
mouse,13,34,1775546642238
mouse,12,34,1775546642244
mouse,12,34,1775546642250
mouse,11,34,1775546642257
mouse,10,34,1775546642269
mouse,10,35,1775546642271
mouse,9,35,1775546642278
mouse,8,35,1775546642285
mouse,8,35,1775546642312
mouse,7,35,1775546642334
mouse,6,35,1775546642345
mouse,5,35,1775546642349
mouse,4,35,1775546642354
mouse,4,35,1775546642367
mouse,3,35,1775546642383
click,3,35,1775546642448
mouse,320,38,1775546643641
click,320,38,1775546643747
mouse,320,38,1775546643752
mouse,319,39,1775546643933
mouse,318,39,1775546643938
mouse,317,39,1775546643951
mouse,316,39,1775546643953
mouse,314,39,1775546643973
mouse,313,40,1775546643979
mouse,312,40,1775546643986
mouse,310,40,1775546643994
mouse,308,41,1775546644000
mouse,307,41,1775546644007
mouse,305,41,1775546644014
mouse,304,41,1775546644022
mouse,300,41,1775546644028
mouse,298,42,1775546644035
mouse,296,42,1775546644042
mouse,294,42,1775546644049
mouse,291,42,1775546644056
mouse,288,42,1775546644062
mouse,286,42,1775546644069
mouse,283,42,1775546644076
mouse,280,42,1775546644083
mouse,277,42,1775546644090
mouse,275,42,1775546644097
mouse,272,42,1775546644104
mouse,268,42,1775546644111
mouse,266,42,1775546644119
mouse,264,42,1775546644125
mouse,261,42,1775546644132
mouse,257,42,1775546644139
mouse,255,42,1775546644146
mouse,251,43,1775546644153
mouse,248,43,1775546644160
mouse,245,43,1775546644167
mouse,241,43,1775546644174
mouse,237,43,1775546644181
mouse,233,43,1775546644188
mouse,231,43,1775546644194
mouse,227,43,1775546644201
mouse,224,43,1775546644208
mouse,220,42,1775546644215
mouse,217,42,1775546644222
mouse,215,42,1775546644229
mouse,212,42,1775546644237
mouse,209,42,1775546644243
mouse,207,41,1775546644250
mouse,205,41,1775546644257
mouse,203,41,1775546644264
mouse,201,41,1775546644271
mouse,200,41,1775546644278
mouse,199,41,1775546644285
mouse,198,41,1775546644292
mouse,197,41,1775546644299
click,197,41,1775546644384
mouse,197,41,1775546644391
mouse,196,41,1775546644418
mouse,195,41,1775546644438
mouse,194,41,1775546644449
mouse,193,41,1775546644454
mouse,192,41,1775546644464
mouse,190,42,1775546644479
mouse,189,42,1775546644486
mouse,188,42,1775546644493
mouse,186,43,1775546644501
mouse,185,44,1775546644507
mouse,184,45,1775546644514
mouse,183,46,1775546644521
mouse,181,46,1775546644528
mouse,181,47,1775546644535
mouse,179,48,1775546644543
mouse,178,49,1775546644549
mouse,177,50,1775546644557
mouse,176,50,1775546644563
mouse,176,51,1775546644569
mouse,174,52,1775546644576
mouse,173,53,1775546644584
mouse,172,54,1775546644590
mouse,172,55,1775546644601
mouse,172,56,1775546644604
mouse,172,57,1775546644611
mouse,171,57,1775546644618
mouse,170,58,1775546644625
mouse,169,58,1775546644632
mouse,168,59,1775546644658
click,168,59,1775546644854
mouse,168,60,1775546644867
mouse,168,61,1775546644890
mouse,168,62,1775546644912
mouse,167,62,1775546644923
mouse,166,63,1775546644938
mouse,166,64,1775546644945
mouse,165,65,1775546644953
mouse,165,66,1775546644958
mouse,164,66,1775546644965
mouse,164,67,1775546644978
mouse,164,68,1775546644982
mouse,164,69,1775546645000
mouse,163,70,1775546645007
mouse,162,70,1775546645028
mouse,162,71,1775546645035
mouse,162,72,1775546645042
mouse,161,72,1775546645051
mouse,161,73,1775546645059
mouse,160,73,1775546645064
mouse,160,74,1775546645070
mouse,159,74,1775546645093
mouse,159,75,1775546645097
mouse,158,76,1775546645104
mouse,158,77,1775546645118
mouse,157,77,1775546645132
mouse,157,78,1775546645139
mouse,156,78,1775546645146
mouse,155,78,1775546645185
mouse,154,78,1775546645201
mouse,154,79,1775546645222
mouse,153,80,1775546645565
mouse,152,80,1775546645570
mouse,150,80,1775546645577
mouse,148,80,1775546645584
mouse,146,80,1775546645590
mouse,144,80,1775546645597
mouse,140,80,1775546645604
mouse,137,80,1775546645611
mouse,134,80,1775546645618
mouse,130,80,1775546645625
mouse,127,81,1775546645632
mouse,124,81,1775546645639
mouse,120,81,1775546645646
mouse,117,82,1775546645653
mouse,114,82,1775546645660
mouse,112,82,1775546645667
mouse,108,82,1775546645674
mouse,106,82,1775546645681
mouse,104,82,1775546645687
mouse,101,82,1775546645694
mouse,99,82,1775546645701
mouse,96,82,1775546645708
mouse,94,82,1775546645715
mouse,92,82,1775546645722
mouse,90,82,1775546645729
mouse,88,82,1775546645736
mouse,86,82,1775546645743
mouse,84,82,1775546645750
mouse,84,82,1775546645757
mouse,82,82,1775546645764
mouse,81,82,1775546645773
mouse,80,82,1775546645778
mouse,80,82,1775546645791
mouse,79,82,1775546645797
mouse,78,82,1775546645813
mouse,77,82,1775546645833
mouse,76,82,1775546645840
mouse,76,82,1775546645853
mouse,75,82,1775546645856
mouse,74,82,1775546645867
click,74,82,1775546646077
mouse,74,82,1775546646085
mouse,75,82,1775546646150
mouse,76,82,1775546646157
mouse,77,82,1775546646174
mouse,79,81,1775546646182
mouse,80,81,1775546646188
mouse,83,81,1775546646195
mouse,85,80,1775546646201
mouse,89,80,1775546646208
mouse,93,79,1775546646215
mouse,96,79,1775546646222
mouse,100,79,1775546646229
mouse,104,78,1775546646236
mouse,108,78,1775546646243
mouse,112,78,1775546646250
mouse,116,78,1775546646257
mouse,120,78,1775546646264
mouse,124,78,1775546646271
mouse,127,78,1775546646278
mouse,130,78,1775546646285
mouse,133,78,1775546646292
mouse,136,78,1775546646299
mouse,140,78,1775546646306
mouse,142,78,1775546646313
mouse,144,78,1775546646320
mouse,146,78,1775546646327
mouse,148,78,1775546646333
mouse,149,78,1775546646345
mouse,150,78,1775546646395
mouse,151,78,1775546646408
mouse,152,78,1775546646424
click,152,78,1775546646608
mouse,153,78,1775546646739
mouse,153,79,1775546646750
mouse,153,80,1775546646752
mouse,154,80,1775546646757
mouse,155,81,1775546646765
mouse,155,82,1775546646771
mouse,156,82,1775546646778
mouse,156,84,1775546646785
mouse,157,85,1775546646792
mouse,157,86,1775546646799
mouse,158,87,1775546646806
mouse,159,88,1775546646813
mouse,159,90,1775546646820
mouse,159,91,1775546646826
mouse,160,93,1775546646833
mouse,160,94,1775546646840
mouse,161,96,1775546646847
mouse,161,98,1775546646854
mouse,161,99,1775546646862
mouse,161,100,1775546646868
mouse,162,101,1775546646875
mouse,162,102,1775546646882
mouse,162,103,1775546646892
mouse,163,104,1775546646896
mouse,163,105,1775546646904
mouse,163,106,1775546646910
mouse,163,107,1775546646931
mouse,163,108,1775546646938
mouse,163,109,1775546646947
mouse,163,110,1775546646955
mouse,163,112,1775546646972
mouse,163,113,1775546646980
mouse,162,114,1775546646986
mouse,162,115,1775546646997
mouse,162,116,1775546647003
mouse,161,116,1775546647010
mouse,161,117,1775546647030
mouse,160,117,1775546647321
mouse,160,117,1775546647327
mouse,159,117,1775546647335
mouse,158,117,1775546647340
mouse,157,117,1775546647348
mouse,156,117,1775546647354
mouse,155,117,1775546647361
mouse,154,117,1775546647368
mouse,152,117,1775546647375
mouse,150,117,1775546647383
mouse,149,117,1775546647389
mouse,148,117,1775546647396
mouse,146,117,1775546647403
mouse,144,117,1775546647410
mouse,142,117,1775546647418
mouse,140,117,1775546647424
mouse,139,117,1775546647431
mouse,136,117,1775546647438
mouse,135,117,1775546647445
mouse,133,117,1775546647451
mouse,132,118,1775546647459
mouse,129,118,1775546647465
mouse,128,118,1775546647472
mouse,126,118,1775546647479
mouse,124,118,1775546647486
mouse,122,118,1775546647493
mouse,120,118,1775546647500
mouse,118,118,1775546647507
mouse,116,118,1775546647514
mouse,115,118,1775546647521
mouse,112,119,1775546647528
mouse,111,119,1775546647535
mouse,108,119,1775546647542
mouse,106,119,1775546647549
mouse,104,119,1775546647556
mouse,101,119,1775546647563
mouse,100,119,1775546647570
mouse,99,119,1775546647577
mouse,98,120,1775546647583
mouse,96,120,1775546647592
mouse,96,120,1775546647602
mouse,95,120,1775546647608
mouse,93,120,1775546647625
mouse,92,121,1775546647632
mouse,92,121,1775546647639
mouse,90,121,1775546647646
mouse,89,121,1775546647654
mouse,88,121,1775546647660
mouse,87,121,1775546647667
mouse,85,122,1775546647674
mouse,84,122,1775546647698
mouse,84,122,1775546647783
mouse,83,122,1775546647806
mouse,82,122,1775546647842
mouse,81,122,1775546647891
mouse,80,122,1775546647915
mouse,80,122,1775546647923
mouse,79,122,1775546647943
click,79,122,1775546648283
mouse,79,122,1775546648286
mouse,80,122,1775546648384
mouse,80,121,1775546648389
mouse,83,120,1775546648397
mouse,86,118,1775546648403
mouse,88,118,1775546648410
mouse,91,115,1775546648417
mouse,94,114,1775546648424
mouse,96,113,1775546648431
mouse,99,110,1775546648438
mouse,102,108,1775546648444
mouse,104,106,1775546648451
mouse,107,103,1775546648458
mouse,109,101,1775546648465
mouse,112,98,1775546648472
mouse,114,97,1775546648479
mouse,116,94,1775546648486
mouse,117,93,1775546648494
mouse,119,91,1775546648501
mouse,120,90,1775546648507
mouse,121,89,1775546648514
mouse,122,88,1775546648521
mouse,123,87,1775546648528
mouse,124,86,1775546648535
mouse,124,85,1775546648548
mouse,125,84,1775546648563
mouse,125,83,1775546648570
mouse,126,83,1775546648578
mouse,127,82,1775546648584
mouse,128,82,1775546648591
mouse,128,81,1775546648598
mouse,128,80,1775546648604
mouse,129,79,1775546648611
mouse,130,78,1775546648619
mouse,132,78,1775546648625
mouse,132,77,1775546648632
mouse,132,76,1775546648640
mouse,133,75,1775546648646
mouse,133,74,1775546648667
mouse,133,73,1775546648676
mouse,134,73,1775546648700
mouse,133,73,1775546648774
mouse,132,73,1775546648778
mouse,132,73,1775546648787
mouse,130,73,1775546648793
mouse,129,73,1775546648799
mouse,127,73,1775546648806
mouse,125,74,1775546648815
mouse,122,74,1775546648821
mouse,120,74,1775546648826
mouse,117,74,1775546648834
mouse,114,74,1775546648841
mouse,111,74,1775546648847
mouse,108,74,1775546648854
mouse,104,74,1775546648861
mouse,100,74,1775546648868
mouse,96,74,1775546648875
mouse,91,74,1775546648882
mouse,87,74,1775546648890
mouse,82,74,1775546648896
mouse,78,74,1775546648903
mouse,75,74,1775546648910
mouse,71,74,1775546648917
mouse,68,74,1775546648924
mouse,66,74,1775546648931
mouse,64,74,1775546648938
mouse,63,74,1775546648945
mouse,61,74,1775546648952
mouse,60,74,1775546648999
mouse,60,74,1775546649008
mouse,59,74,1775546649031
click,59,74,1775546649104
mouse,59,74,1775546649112
mouse,57,74,1775546651280
mouse,56,74,1775546651287
mouse,55,74,1775546651292
mouse,52,74,1775546651300
mouse,50,74,1775546651306
mouse,49,74,1775546651313
mouse,52,74,1775546651337
mouse,55,73,1775546651341
mouse,60,73,1775546651347
mouse,68,71,1775546651354
mouse,78,71,1775546651361
mouse,89,71,1775546651368
mouse,101,70,1775546651375
mouse,111,70,1775546651382
mouse,120,71,1775546651389
mouse,126,71,1775546651396
mouse,129,71,1775546651403
mouse,132,71,1775546651410
mouse,135,71,1775546651417
mouse,136,71,1775546651424
mouse,137,71,1775546651431
mouse,138,71,1775546651438
mouse,139,71,1775546651445
mouse,141,71,1775546651451
mouse,142,71,1775546651458
mouse,143,71,1775546651466
mouse,144,71,1775546651475
mouse,145,71,1775546651482
mouse,148,72,1775546651486
mouse,151,74,1775546651493
mouse,155,75,1775546651501
mouse,158,78,1775546651507
mouse,161,79,1775546651514
mouse,166,81,1775546651522
mouse,168,82,1775546651528
mouse,169,83,1775546651535
mouse,170,83,1775546651542
mouse,171,83,1775546651554
mouse,172,83,1775546651557
mouse,172,85,1775546651563
mouse,173,86,1775546651570
mouse,174,87,1775546651577
mouse,174,88,1775546651584
mouse,176,90,1775546651591
mouse,176,91,1775546651598
mouse,176,94,1775546651605
mouse,177,95,1775546651611
mouse,178,98,1775546651618
mouse,178,99,1775546651627
mouse,178,100,1775546651636
mouse,178,101,1775546651646
mouse,178,102,1775546651651
mouse,177,102,1775546651679
mouse,176,104,1775546651695
mouse,176,106,1775546651702
mouse,176,107,1775546651709
mouse,175,109,1775546651716
mouse,175,111,1775546651722
mouse,173,112,1775546651729
mouse,173,113,1775546651736
mouse,172,114,1775546651743
mouse,172,115,1775546651750
mouse,171,115,1775546651757
mouse,170,115,1775546651778
mouse,169,115,1775546651932
mouse,168,116,1775546651952
mouse,167,117,1775546651959
mouse,165,117,1775546651966
mouse,163,117,1775546651972
mouse,160,118,1775546651979
mouse,156,119,1775546651986
mouse,151,119,1775546651993
mouse,147,119,1775546652001
mouse,143,120,1775546652008
mouse,137,121,1775546652014
mouse,132,121,1775546652021
mouse,127,121,1775546652028
mouse,122,121,1775546652035
mouse,117,122,1775546652042
mouse,112,122,1775546652049
mouse,107,122,1775546652056
mouse,102,122,1775546652063
mouse,97,122,1775546652070
mouse,92,122,1775546652076
mouse,88,122,1775546652083
mouse,83,122,1775546652090
mouse,79,122,1775546652097
mouse,75,121,1775546652104
mouse,72,121,1775546652111
mouse,68,121,1775546652118
mouse,66,121,1775546652125
mouse,64,121,1775546652132
mouse,62,120,1775546652140
mouse,60,120,1775546652146
mouse,60,120,1775546652153
mouse,59,120,1775546652165
mouse,58,120,1775546652172
mouse,57,120,1775546652188
click,57,120,1775546652330
mouse,57,120,1775546652334
mouse,58,119,1775546652393
mouse,59,119,1775546652397
mouse,60,118,1775546652403
mouse,62,118,1775546652410
mouse,64,118,1775546652417
mouse,68,117,1775546652424
mouse,71,116,1775546652431
mouse,74,116,1775546652438
mouse,78,115,1775546652445
mouse,83,114,1775546652451
mouse,88,114,1775546652458
mouse,92,113,1775546652465
mouse,97,112,1775546652472
mouse,103,111,1775546652479
mouse,107,110,1775546652486
mouse,112,110,1775546652493
mouse,115,108,1775546652500
mouse,119,106,1775546652508
mouse,121,106,1775546652514
mouse,124,106,1775546652521
mouse,125,105,1775546652528
mouse,127,104,1775546652535
mouse,127,103,1775546655193
mouse,127,104,1775546655948
mouse,127,105,1775546655952
mouse,127,106,1775546655959
mouse,127,107,1775546655966
mouse,127,109,1775546655973
mouse,127,110,1775546655980
mouse,127,112,1775546655986
mouse,127,114,1775546655993
mouse,127,115,1775546656000
mouse,128,117,1775546656008
mouse,128,118,1775546656014
mouse,128,119,1775546656021
mouse,128,120,1775546656032
mouse,128,121,1775546656035
mouse,128,122,1775546656042
mouse,128,123,1775546656049
mouse,127,124,1775546656056
mouse,127,125,1775546656063
mouse,126,126,1775546656070
mouse,124,127,1775546656077
mouse,124,129,1775546656084
mouse,122,130,1775546656091
mouse,120,133,1775546656097
mouse,119,134,1775546656104
mouse,116,137,1775546656111
mouse,116,138,1775546656118
mouse,113,140,1775546656125
mouse,112,141,1775546656133
mouse,110,142,1775546656139
mouse,109,144,1775546656146
mouse,108,145,1775546656153
mouse,107,146,1775546656160
mouse,106,146,1775546656167
mouse,104,147,1775546656174
mouse,104,149,1775546656181
mouse,102,149,1775546656188
mouse,100,150,1775546656195
mouse,99,151,1775546656202
mouse,97,152,1775546656209
mouse,96,153,1775546656216
mouse,93,154,1775546656223
mouse,92,154,1775546656230
mouse,89,154,1775546656236
mouse,87,155,1775546656243
mouse,85,156,1775546656250
mouse,83,156,1775546656257
mouse,81,156,1775546656264
mouse,80,156,1775546656271
mouse,78,156,1775546656278
mouse,76,156,1775546656285
mouse,75,156,1775546656293
mouse,74,156,1775546656299
mouse,73,156,1775546656306
mouse,72,156,1775546656313
mouse,70,156,1775546656320
mouse,68,156,1775546656327
mouse,66,156,1775546656334
mouse,64,156,1775546656341
mouse,62,156,1775546656347
mouse,60,156,1775546656354
mouse,57,156,1775546656361
mouse,55,155,1775546656368
mouse,52,155,1775546656375
mouse,51,155,1775546656383
mouse,50,155,1775546656390
mouse,49,155,1775546656410
mouse,48,155,1775546656417
mouse,47,155,1775546656450
mouse,46,155,1775546656476
mouse,45,155,1775546656481
mouse,44,155,1775546656488
mouse,43,155,1775546656512
mouse,42,155,1775546656528
mouse,41,155,1775546656536
mouse,40,155,1775546656542
mouse,40,156,1775546656551
mouse,39,156,1775546656560
mouse,38,156,1775546656576
mouse,37,156,1775546656591
mouse,36,157,1775546656598
mouse,34,0,1775546663313
mouse,35,2,1775546663320
mouse,36,5,1775546663329
mouse,37,6,1775546663334
mouse,39,8,1775546663341
mouse,39,10,1775546663348
mouse,40,12,1775546663354
mouse,42,14,1775546663362
mouse,43,16,1775546663368
mouse,44,18,1775546663377
mouse,45,19,1775546663382
mouse,46,22,1775546663389
mouse,47,23,1775546663397
mouse,48,24,1775546663404
mouse,49,26,1775546663410
mouse,50,27,1775546663417
mouse,51,28,1775546663424
mouse,51,29,1775546663431
mouse,52,30,1775546663438
mouse,53,31,1775546663450
mouse,53,32,1775546663466
mouse,54,34,1775546663473
mouse,55,34,1775546663479
mouse,56,35,1775546663486
mouse,56,36,1775546663494
mouse,56,37,1775546663500
mouse,58,38,1775546663507
mouse,59,39,1775546663514
mouse,60,40,1775546663521
mouse,60,42,1775546663528
mouse,61,42,1775546663535
mouse,63,43,1775546663542
mouse,64,45,1775546663549
mouse,64,46,1775546663557
mouse,65,46,1775546663563
mouse,67,47,1775546663570
mouse,67,48,1775546663577
mouse,68,50,1775546663584
mouse,69,50,1775546663592
mouse,69,51,1775546663598
mouse,71,52,1775546663604
mouse,72,54,1775546663611
mouse,73,54,1775546663618
mouse,75,56,1775546663625
mouse,76,58,1775546663632
mouse,78,59,1775546663639
mouse,80,60,1775546663646
mouse,80,62,1775546663653
mouse,81,63,1775546663660
mouse,83,64,1775546663667
mouse,84,66,1775546663674
mouse,85,67,1775546663681
mouse,88,69,1775546663688
mouse,88,70,1775546663695
mouse,90,71,1775546663702
mouse,92,74,1775546663709
mouse,93,75,1775546663716
mouse,96,78,1775546663722
mouse,96,79,1775546663730
mouse,98,82,1775546663736
mouse,100,84,1775546663743
mouse,102,86,1775546663750
mouse,104,88,1775546663757
mouse,106,90,1775546663764
mouse,107,91,1775546663771
mouse,109,94,1775546663778
mouse,112,96,1775546663786
mouse,113,98,1775546663793
mouse,115,100,1775546663799
mouse,116,102,1775546663806
mouse,119,104,1775546663813
mouse,121,107,1775546663820
mouse,122,108,1775546663827
mouse,124,110,1775546663834
mouse,125,112,1775546663841
mouse,128,114,1775546663847
mouse,130,117,1775546663854
mouse,132,119,1775546663861
mouse,136,121,1775546663868
mouse,137,123,1775546663875
mouse,140,126,1775546663882
mouse,144,128,1775546663889
mouse,146,130,1775546663896
mouse,149,133,1775546663904
mouse,152,135,1775546663910
mouse,154,137,1775546663917
mouse,158,140,1775546663924
mouse,161,142,1775546663931
mouse,165,146,1775546663938
mouse,168,148,1775546663945
mouse,173,150,1775546663952
mouse,177,153,1775546663959
mouse,183,157,1775546663965
mouse,188,160,1775546663972
mouse,194,163,1775546663979
mouse,199,166,1775546663986
mouse,204,168,1775546663993
mouse,209,171,1775546664000
mouse,215,174,1775546664007
mouse,220,176,1775546664015
mouse,224,178,1775546664021
mouse,229,180,1775546664028
mouse,235,182,1775546664036
mouse,239,184,1775546664042
mouse,243,187,1775546664049
mouse,246,188,1775546664056
mouse,249,190,1775546664063
mouse,252,190,1775546664070
mouse,256,192,1775546664077
mouse,259,193,1775546664084
mouse,261,194,1775546664090
mouse,264,194,1775546664097
mouse,267,195,1775546664104
mouse,270,197,1775546664111
mouse,272,198,1775546664118
mouse,275,199,1775546664125
mouse,278,199,1775546664132
mouse,280,201,1775546664139
mouse,283,202,1775546664146
mouse,286,203,1775546664153
mouse,288,203,1775546664160
mouse,292,205,1775546664167
mouse,294,206,1775546664174
mouse,297,207,1775546664181
mouse,300,207,1775546664188
mouse,303,209,1775546664195
mouse,305,210,1775546664202
mouse,308,211,1775546664209
mouse,311,211,1775546664215
mouse,314,213,1775546664222
mouse,316,214,1775546664229
mouse,320,215,1775546664236
mouse,324,216,1775546664243
mouse,328,218,1775546664250
mouse,331,218,1775546664257
mouse,336,219,1775546664264
mouse,340,221,1775546664271
mouse,344,222,1775546664278
mouse,348,223,1775546664285
mouse,352,223,1775546664292
mouse,355,224,1775546664299
mouse,359,226,1775546664306
mouse,361,226,1775546664313
mouse,365,226,1775546664320
mouse,368,227,1775546664327
mouse,371,228,1775546664334
mouse,374,229,1775546664341
mouse,377,229,1775546664347
mouse,381,230,1775546664354
mouse,384,230,1775546664361
mouse,388,230,1775546664368
mouse,392,231,1775546664375
mouse,396,231,1775546664382
mouse,400,231,1775546664390
mouse,402,231,1775546664396
mouse,405,230,1775546664403
mouse,408,229,1775546664410
mouse,410,227,1775546664417
mouse,412,226,1775546664424
mouse,416,223,1775546664431
mouse,418,221,1775546664438
mouse,420,218,1775546664445
mouse,421,216,1775546664452
mouse,422,212,1775546664459
mouse,424,209,1775546664465
mouse,424,204,1775546664472
mouse,424,199,1775546664479
mouse,424,195,1775546664486
mouse,424,190,1775546664493
mouse,424,186,1775546664500
mouse,423,182,1775546664507
mouse,421,178,1775546664514
mouse,420,174,1775546664522
mouse,419,171,1775546664529
mouse,417,169,1775546664535
mouse,416,166,1775546664542
mouse,415,164,1775546664550
mouse,414,162,1775546664556
mouse,413,161,1775546664564
mouse,412,159,1775546664570
mouse,411,158,1775546664577
mouse,410,158,1775546664584
mouse,409,157,1775546664591
mouse,409,156,1775546664598
mouse,408,155,1775546664605
mouse,408,154,1775546664629
mouse,407,154,1775546664646
mouse,406,154,1775546664653
mouse,405,154,1775546664665
mouse,404,154,1775546664681
mouse,404,153,1775546664688
mouse,402,152,1775546664695
mouse,401,152,1775546664703
mouse,400,151,1775546664709
mouse,399,151,1775546664716
mouse,397,151,1775546664724
mouse,396,150,1775546664729
mouse,393,150,1775546664736
mouse,391,149,1775546664743
mouse,388,147,1775546664751
mouse,384,147,1775546664757
mouse,380,146,1775546664764
mouse,375,145,1775546664771
mouse,368,143,1775546664779
mouse,364,142,1775546664785
mouse,357,141,1775546664792
mouse,349,139,1775546664800
mouse,342,138,1775546664806
mouse,335,136,1775546664813
mouse,325,135,1775546664820
mouse,316,134,1775546664827
mouse,309,133,1775546664834
mouse,300,132,1775546664840
mouse,292,131,1775546664847
mouse,282,130,1775546664854
mouse,274,129,1775546664861
mouse,265,129,1775546664868
mouse,256,128,1775546664875
mouse,248,126,1775546664882
mouse,241,126,1775546664889
mouse,234,125,1775546664896
mouse,229,124,1775546664903
mouse,224,122,1775546664911
mouse,220,122,1775546664917
mouse,217,121,1775546664924
mouse,214,119,1775546664931
mouse,212,118,1775546664939
mouse,210,117,1775546664945
mouse,208,116,1775546664952
mouse,208,115,1775546664959
mouse,206,114,1775546664966
mouse,204,114,1775546664973
mouse,201,112,1775546664979
mouse,198,111,1775546664986
mouse,195,109,1775546664993
mouse,192,107,1775546665000
mouse,190,106,1775546665007
mouse,187,105,1775546665014
mouse,186,103,1775546665021
mouse,184,102,1775546665028
mouse,183,102,1775546665037
mouse,182,101,1775546665042
mouse,182,100,1775546665049
mouse,181,99,1775546665056
mouse,180,98,1775546665063
mouse,179,98,1775546665071
mouse,178,98,1775546665077
mouse,177,97,1775546665084
mouse,176,97,1775546665093
mouse,176,96,1775546665100
mouse,176,95,1775546665120
mouse,176,94,1775546665139
mouse,175,94,1775546665150
mouse,174,94,1775546665167
mouse,174,93,1775546665178
mouse,174,92,1775546665195
mouse,173,91,1775546665202
mouse,172,90,1775546665209
mouse,172,89,1775546665224
mouse,172,88,1775546665230
mouse,172,87,1775546665236
mouse,172,86,1775546665243
mouse,172,85,1775546665250
mouse,170,83,1775546665259
mouse,170,82,1775546665264
mouse,170,81,1775546665271
mouse,169,81,1775546665278
mouse,169,80,1775546665285
mouse,168,79,1775546665292
mouse,168,78,1775546665300
mouse,167,77,1775546665333
mouse,166,77,1775546665363
mouse,166,76,1775546665371
mouse,166,75,1775546665389
click,166,75,1775546665554
mouse,165,75,1775546665987
mouse,165,76,1775546665995
mouse,164,77,1775546666015
mouse,164,78,1775546666021
mouse,164,79,1775546666034
mouse,164,80,1775546666036
mouse,163,80,1775546666043
mouse,163,81,1775546666049
mouse,162,82,1775546666056
mouse,161,83,1775546666063
mouse,160,84,1775546666070
mouse,160,85,1775546666077
mouse,160,86,1775546666084
mouse,159,86,1775546666091
mouse,158,88,1775546666098
mouse,158,89,1775546666104
mouse,156,90,1775546666111
mouse,156,91,1775546666121
mouse,155,91,1775546666126
mouse,154,92,1775546666132
mouse,154,93,1775546666139
mouse,153,94,1775546666146
mouse,152,94,1775546666153
mouse,152,95,1775546666160
mouse,152,96,1775546666167
mouse,152,97,1775546666175
mouse,151,98,1775546666181
mouse,150,98,1775546666192
mouse,150,99,1775546666197
mouse,150,100,1775546666204
mouse,149,100,1775546666212
mouse,149,101,1775546666216
mouse,149,102,1775546666223
mouse,148,102,1775546666230
mouse,148,103,1775546666238
mouse,148,104,1775546666244
mouse,148,105,1775546666250
mouse,148,106,1775546666257
mouse,147,106,1775546666264
mouse,146,107,1775546666271
mouse,146,108,1775546666282
mouse,146,109,1775546666289
mouse,146,110,1775546666295
mouse,145,110,1775546666313
mouse,145,111,1775546666320
mouse,145,112,1775546666328
mouse,144,112,1775546666335
mouse,144,113,1775546666341
mouse,144,114,1775546666349
mouse,144,115,1775546666390
mouse,144,116,1775546666426
mouse,143,116,1775546666437
mouse,143,115,1775546666692
mouse,143,114,1775546666695
mouse,143,113,1775546666707
mouse,143,112,1775546666709
mouse,144,112,1775546666716
mouse,144,110,1775546666723
mouse,144,109,1775546666730
mouse,144,108,1775546666736
mouse,144,107,1775546666744
mouse,144,106,1775546666751
mouse,145,105,1775546666757
mouse,145,104,1775546666764
mouse,145,102,1775546666771
mouse,145,100,1775546666778
mouse,145,98,1775546666785
mouse,145,96,1775546666792
mouse,145,94,1775546666799
mouse,145,92,1775546666806
mouse,145,91,1775546666827
mouse,145,90,1775546666834
mouse,145,89,1775546666843
mouse,145,88,1775546666849
mouse,144,88,1775546666871
mouse,144,87,1775546666889
mouse,144,86,1775546666896
mouse,144,85,1775546666921
mouse,144,84,1775546666938
mouse,144,83,1775546666945
mouse,144,82,1775546666952
mouse,144,81,1775546666962
mouse,144,80,1775546666970
mouse,144,79,1775546666975
mouse,144,78,1775546666979
mouse,144,77,1775546666991
mouse,144,76,1775546667000
mouse,144,75,1775546667004
mouse,144,74,1775546667011
mouse,144,73,1775546667035
mouse,144,72,1775546667056
mouse,144,71,1775546667063
mouse,144,72,1775546667425
mouse,144,73,1775546667435
mouse,144,74,1775546667439
mouse,144,75,1775546667447
mouse,144,76,1775546667452
mouse,144,77,1775546667459
mouse,145,79,1775546667466
mouse,145,80,1775546667473
mouse,146,82,1775546667480
mouse,147,85,1775546667486
mouse,148,87,1775546667493
mouse,149,90,1775546667501
mouse,152,94,1775546667507
mouse,153,98,1775546667514
mouse,156,104,1775546667522
mouse,159,109,1775546667529
mouse,162,114,1775546667535
mouse,165,119,1775546667542
mouse,169,124,1775546667549
mouse,172,129,1775546667556
mouse,176,134,1775546667563
mouse,178,137,1775546667570
mouse,182,142,1775546667577
mouse,185,145,1775546667584
mouse,188,148,1775546667591
mouse,190,151,1775546667598
mouse,192,153,1775546667605
mouse,193,156,1775546667612
mouse,196,159,1775546667618
mouse,198,163,1775546667625
mouse,204,168,1775546667633
mouse,206,172,1775546667639
mouse,211,177,1775546667646
mouse,216,182,1775546667653
mouse,223,187,1775546667660
mouse,229,192,1775546667667
mouse,236,197,1775546667674
mouse,244,202,1775546667681
mouse,252,206,1775546667688
mouse,260,211,1775546667695
mouse,270,217,1775546667702
mouse,278,222,1775546667709
mouse,288,227,1775546667716
mouse,300,232,1775546667723
mouse,312,237,1775546667729
mouse,325,243,1775546667736
mouse,340,249,1775546667743
mouse,355,254,1775546667750
mouse,368,259,1775546667757
mouse,382,263,1775546667764
mouse,394,266,1775546667771
mouse,407,270,1775546667778
mouse,417,273,1775546667785
mouse,428,275,1775546667792
mouse,434,277,1775546667801
mouse,444,278,1775546667808
mouse,448,280,1775546667814
mouse,454,281,1775546667822
mouse,458,282,1775546667829
mouse,462,282,1775546667835
mouse,467,283,1775546667843
mouse,470,284,1775546667848
mouse,472,285,1775546667855
mouse,475,285,1775546667862
mouse,476,285,1775546667868
mouse,478,285,1775546667875
mouse,479,285,1775546667882
mouse,479,286,1775546669633
mouse,478,286,1775546669682
mouse,476,286,1775546669695
mouse,473,286,1775546669724
mouse,472,286,1775546669730
mouse,472,287,1775546669738
mouse,470,287,1775546669743
mouse,469,288,1775546669750
mouse,468,288,1775546669757
mouse,466,288,1775546669764
mouse,465,289,1775546669771
mouse,464,289,1775546669778
mouse,462,290,1775546669785
mouse,460,290,1775546669793
mouse,458,290,1775546669799
mouse,456,291,1775546669806
mouse,454,292,1775546669813
mouse,452,292,1775546669820
mouse,450,293,1775546669827
mouse,448,294,1775546669834
mouse,446,294,1775546669842
mouse,444,295,1775546669848
mouse,442,295,1775546669854
mouse,440,296,1775546669862
mouse,439,296,1775546669868
mouse,437,296,1775546669875
mouse,436,297,1775546669882
mouse,435,297,1775546669889
mouse,434,298,1775546669896
mouse,433,298,1775546669903
mouse,432,298,1775546669910
mouse,431,298,1775546669935
mouse,430,298,1775546669957
mouse,429,299,1775546669989
mouse,428,299,1775546670010
mouse,428,300,1775546670018
mouse,427,300,1775546670041
mouse,426,300,1775546670044
mouse,426,301,1775546670053
mouse,425,301,1775546670058
mouse,424,301,1775546670065
mouse,424,302,1775546670070
mouse,425,302,1775546670447
mouse,427,302,1775546670452
mouse,428,302,1775546670459
mouse,429,302,1775546670467
mouse,431,302,1775546670473
mouse,432,302,1775546670480
mouse,433,302,1775546670487
mouse,436,302,1775546670493
mouse,437,302,1775546670500
mouse,440,302,1775546670507
mouse,441,302,1775546670514
mouse,444,302,1775546670522
mouse,446,302,1775546670528
mouse,448,302,1775546670535
mouse,449,302,1775546670542
mouse,451,302,1775546670549
mouse,453,302,1775546670556
mouse,455,302,1775546670563
mouse,457,302,1775546670570
mouse,459,302,1775546670577
mouse,460,302,1775546670584
mouse,463,302,1775546670592
mouse,464,302,1775546670598
mouse,465,302,1775546670608
mouse,466,302,1775546670614
mouse,467,302,1775546670619
mouse,467,301,1775546670630
mouse,468,301,1775546670636
mouse,469,301,1775546670681
mouse,470,301,1775546670803
mouse,469,299,1775546671667
mouse,468,298,1775546671681
mouse,466,298,1775546671688
mouse,464,297,1775546671695
mouse,463,297,1775546671702
mouse,461,296,1775546671709
mouse,460,295,1775546671716
mouse,458,294,1775546671723
mouse,456,294,1775546671730
mouse,455,293,1775546671737
mouse,453,292,1775546671743
mouse,452,291,1775546671750
mouse,451,291,1775546671757
mouse,450,290,1775546671764
mouse,449,290,1775546671771
mouse,448,290,1775546671778
mouse,448,289,1775546671809
mouse,447,289,1775546671820
mouse,446,289,1775546671827
mouse,444,288,1775546671834
mouse,444,287,1775546671841
mouse,443,287,1775546671848
mouse,442,286,1775546671856
mouse,440,286,1775546671869
mouse,439,285,1775546671988
mouse,438,285,1775546671994
mouse,437,284,1775546671998
mouse,436,283,1775546672008
mouse,435,283,1775546672014
mouse,433,283,1775546672021
mouse,432,282,1775546672028
mouse,430,282,1775546672035
mouse,428,280,1775546672042
mouse,426,279,1775546672047
mouse,423,278,1775546672056
mouse,420,277,1775546672063
mouse,418,275,1775546672070
mouse,416,274,1775546672077
mouse,413,273,1775546672085
mouse,412,272,1775546672091
mouse,409,271,1775546672098
mouse,408,270,1775546672099
mouse,404,269,1775546672112
mouse,403,267,1775546672119
mouse,400,266,1775546672126
mouse,397,264,1775546672133
mouse,396,263,1775546672139
mouse,393,262,1775546672146
mouse,392,261,1775546672153
mouse,390,260,1775546672160
mouse,388,258,1775546672167
mouse,386,258,1775546672174
mouse,384,256,1775546672181
mouse,381,255,1775546672188
mouse,379,254,1775546672195
mouse,376,252,1775546672202
mouse,375,251,1775546672209
mouse,372,250,1775546672216
mouse,371,250,1775546672223
mouse,371,249,1775546672230
mouse,369,249,1775546672237
mouse,369,248,1775546672243
mouse,368,248,1775546672250
mouse,367,247,1775546672278
mouse,365,246,1775546672285
mouse,364,246,1775546672292
mouse,363,245,1775546672299
mouse,361,244,1775546672306
mouse,360,243,1775546672313
mouse,358,243,1775546672320
mouse,356,242,1775546672327
mouse,355,242,1775546672341
mouse,353,242,1775546672348
mouse,352,241,1775546672355
mouse,351,241,1775546672361
mouse,350,240,1775546672375
mouse,349,240,1775546672382
mouse,347,238,1775546672411
mouse,346,238,1775546672424
mouse,345,238,1775546672431
mouse,344,238,1775546672445
mouse,342,237,1775546672459
mouse,341,236,1775546672466
mouse,340,236,1775546672480
mouse,340,235,1775546672487
mouse,338,234,1775546672493
mouse,336,234,1775546672501
mouse,334,232,1775546672507
mouse,331,230,1775546672514
mouse,328,229,1775546672521
mouse,324,227,1775546672528
mouse,322,226,1775546672535
mouse,319,224,1775546672542
mouse,316,222,1775546672549
mouse,314,221,1775546672556
mouse,312,220,1775546672563
mouse,310,219,1775546672570
mouse,308,218,1775546672577
mouse,307,217,1775546672584
mouse,305,216,1775546672591
mouse,303,215,1775546672598
mouse,301,214,1775546672605
mouse,300,214,1775546672612
mouse,299,213,1775546672619
mouse,297,212,1775546672625
mouse,296,212,1775546672633
mouse,295,211,1775546672639
mouse,293,211,1775546672654
mouse,293,210,1775546672660
mouse,292,210,1775546672904
mouse,289,209,1775546672931
mouse,288,209,1775546672938
mouse,288,208,1775546672945
mouse,287,208,1775546672952
mouse,285,208,1775546672959
mouse,284,207,1775546672966
mouse,284,206,1775546672973
mouse,282,206,1775546672980
mouse,281,206,1775546672986
mouse,280,206,1775546672994
mouse,279,206,1775546673001
mouse,277,205,1775546673009
mouse,276,205,1775546673014
mouse,275,205,1775546673028
mouse,274,205,1775546673035
mouse,273,205,1775546673042
mouse,272,205,1775546673049
mouse,271,205,1775546673313
mouse,269,204,1775546673320
mouse,268,204,1775546673327
mouse,266,203,1775546673334
mouse,263,202,1775546673341
mouse,259,202,1775546673348
mouse,256,200,1775546673354
mouse,252,199,1775546673361
mouse,248,198,1775546673368
mouse,244,197,1775546673375
mouse,238,196,1775546673383
mouse,237,195,1775546673385
mouse,229,194,1775546673396
mouse,225,192,1775546673403
mouse,220,191,1775546673410
mouse,214,190,1775546673417
mouse,209,190,1775546673424
mouse,204,188,1775546673431
mouse,200,187,1775546673438
mouse,196,186,1775546673445
mouse,192,186,1775546673452
mouse,188,185,1775546673459
mouse,184,184,1775546673467
mouse,182,183,1775546673473
mouse,179,183,1775546673480
mouse,176,183,1775546673487
mouse,173,182,1775546673493
mouse,171,182,1775546673500
mouse,168,182,1775546673508
mouse,167,182,1775546673514
mouse,164,182,1775546673521
mouse,163,182,1775546673528
mouse,161,182,1775546673535
mouse,160,182,1775546673542
mouse,159,182,1775546673550
mouse,157,182,1775546673565
mouse,156,181,1775546673593
mouse,155,181,1775546673619
mouse,155,182,1775546673661
mouse,156,186,1775546673675
mouse,158,186,1775546673681
mouse,160,189,1775546673688
mouse,162,191,1775546673695
mouse,165,194,1775546673702
mouse,168,196,1775546673709
mouse,172,198,1775546673716
mouse,176,199,1775546673723
mouse,180,202,1775546673729
mouse,185,203,1775546673736
mouse,191,206,1775546673743
mouse,197,207,1775546673751
mouse,204,210,1775546673757
mouse,212,213,1775546673764
mouse,220,215,1775546673771
mouse,228,217,1775546673778
mouse,234,218,1775546673785
mouse,241,219,1775546673792
mouse,248,219,1775546673799
mouse,251,219,1775546673806
mouse,254,219,1775546673813
mouse,257,218,1775546673821
mouse,258,218,1775546673827
mouse,260,216,1775546673834
mouse,261,214,1775546673841
mouse,262,212,1775546673848
mouse,262,210,1775546673855
mouse,263,209,1775546673862
mouse,263,206,1775546673868
mouse,263,202,1775546673875
mouse,260,198,1775546673882
mouse,258,193,1775546673889
mouse,254,187,1775546673896
mouse,250,181,1775546673903
mouse,244,173,1775546673910
mouse,238,164,1775546673917
mouse,231,155,1775546673924
mouse,224,148,1775546673931
mouse,216,140,1775546673938
mouse,209,133,1775546673945
mouse,202,126,1775546673952
mouse,196,121,1775546673959
mouse,188,114,1775546673966
mouse,183,111,1775546673973
mouse,177,106,1775546673980
mouse,172,102,1775546673986
mouse,168,100,1775546673993
mouse,164,97,1775546674000
mouse,160,94,1775546674007
mouse,157,92,1775546674014
mouse,156,90,1775546674021
mouse,153,89,1775546674028
mouse,151,86,1775546674036
mouse,149,85,1775546674042
mouse,148,83,1775546674050
mouse,146,82,1775546674056
mouse,145,82,1775546674063
mouse,144,81,1775546674070
mouse,143,80,1775546674091
mouse,143,79,1775546674352
mouse,144,79,1775546674403
mouse,144,78,1775546674411
click,144,78,1775546674802
mouse,147,78,1775546674966
mouse,148,77,1775546674973
mouse,150,77,1775546674980
mouse,152,77,1775546674986
mouse,153,76,1775546674994
mouse,156,75,1775546675000
mouse,158,75,1775546675007
mouse,160,74,1775546675014
mouse,164,74,1775546675021
mouse,168,73,1775546675028
mouse,172,72,1775546675035
mouse,176,71,1775546675042
mouse,181,70,1775546675049
mouse,184,70,1775546675056
mouse,187,69,1775546675063
mouse,189,69,1775546675070
mouse,192,68,1775546675077
mouse,193,67,1775546675085
mouse,195,67,1775546675091
mouse,195,66,1775546675100
mouse,194,66,1775546675246
mouse,193,65,1775546675250
mouse,190,64,1775546675257
mouse,186,63,1775546675264
mouse,182,62,1775546675271
mouse,178,61,1775546675278
mouse,174,61,1775546675285
mouse,170,61,1775546675292
mouse,166,61,1775546675299
mouse,162,60,1775546675306
mouse,158,60,1775546675313
mouse,155,60,1775546675320
mouse,152,60,1775546675327
mouse,148,60,1775546675334
mouse,146,60,1775546675341
mouse,144,60,1775546675348
mouse,141,60,1775546675355
mouse,139,61,1775546675361
mouse,136,62,1775546675369
mouse,135,62,1775546675376
mouse,134,62,1775546675382
mouse,133,63,1775546675389
mouse,132,63,1775546675396
mouse,132,64,1775546675403
mouse,131,64,1775546675410
mouse,131,65,1775546675417
mouse,131,66,1775546675424
mouse,130,66,1775546675431
mouse,129,66,1775546675438
mouse,128,67,1775546675445
mouse,128,68,1775546675452
mouse,128,69,1775546675461
mouse,128,70,1775546675471
mouse,128,71,1775546675504
mouse,129,71,1775546675508
mouse,130,71,1775546675514
mouse,130,72,1775546675521
mouse,131,72,1775546675529
mouse,132,72,1775546675535
mouse,132,73,1775546675546
mouse,133,73,1775546675551
mouse,133,74,1775546675556
mouse,134,74,1775546675563
mouse,135,74,1775546675570
mouse,136,74,1775546675577
mouse,136,75,1775546675585
mouse,137,75,1775546675605
mouse,136,75,1775546675751
mouse,136,76,1775546675758
mouse,136,76,1775546675764
mouse,135,76,1775546675771
mouse,132,76,1775546675778
mouse,131,76,1775546675785
mouse,128,77,1775546675793
mouse,127,78,1775546675799
mouse,124,78,1775546675806
mouse,120,78,1775546675813
mouse,119,78,1775546675820
mouse,115,78,1775546675827
mouse,112,78,1775546675834
mouse,108,78,1775546675841
mouse,105,78,1775546675848
mouse,101,78,1775546675854
mouse,98,78,1775546675862
mouse,93,78,1775546675869
mouse,90,78,1775546675876
mouse,86,78,1775546675883
mouse,83,78,1775546675889
mouse,80,78,1775546675896
mouse,77,78,1775546675903
mouse,75,78,1775546675910
mouse,72,78,1775546675917
mouse,71,78,1775546675924
mouse,70,78,1775546675931
mouse,68,78,1775546675938
mouse,68,78,1775546675945
mouse,67,78,1775546675952
mouse,66,78,1775546675987
click,66,78,1775546676071
mouse,66,78,1775546676078
mouse,68,77,1775546676144
mouse,69,77,1775546676148
mouse,72,75,1775546676153
mouse,76,74,1775546676160
mouse,84,72,1775546676168
mouse,92,71,1775546676174
mouse,108,67,1775546676181
mouse,121,65,1775546676188
mouse,138,62,1775546676195
mouse,160,58,1775546676202
mouse,178,55,1775546676209
mouse,200,53,1775546676216
mouse,220,52,1775546676222
mouse,238,52,1775546676230
mouse,256,52,1775546676236
mouse,274,53,1775546676243
mouse,289,54,1775546676250
mouse,301,54,1775546676257
mouse,311,54,1775546676264
mouse,317,54,1775546676271
mouse,321,54,1775546676278
mouse,323,55,1775546676285
mouse,324,55,1775546676293
mouse,326,55,1775546678449
mouse,327,55,1775546678452
mouse,336,54,1775546678459
mouse,348,54,1775546678466
mouse,366,54,1775546678473
mouse,379,53,1775546678484
mouse,392,53,1775546678488
mouse,442,52,1775546678494
mouse,479,52,1775546678501
mouse,512,52,1775546678508
mouse,539,52,1775546678514
mouse,564,53,1775546678521
mouse,582,53,1775546678528
mouse,596,53,1775546678535
mouse,605,54,1775546678542
mouse,610,54,1775546678549
mouse,612,54,1775546678556
mouse,611,54,1775546678608
mouse,610,54,1775546678612
mouse,606,54,1775546678619
mouse,601,55,1775546678626
mouse,596,56,1775546678632
mouse,589,57,1775546678639
mouse,584,58,1775546678646
mouse,579,58,1775546678654
mouse,572,58,1775546678660
mouse,561,59,1775546678667
mouse,548,61,1775546678674
mouse,536,62,1775546678681
mouse,524,65,1775546678688
mouse,507,68,1775546678695
mouse,492,71,1775546678702
mouse,476,76,1775546678709
mouse,463,81,1775546678716
mouse,449,86,1775546678723
mouse,439,89,1775546678730
mouse,426,93,1775546678736
mouse,414,98,1775546678743
mouse,402,101,1775546678750
mouse,390,105,1775546678757
mouse,377,109,1775546678764
mouse,364,112,1775546678771
mouse,351,115,1775546678778
mouse,337,118,1775546678785
mouse,322,120,1775546678793
mouse,311,122,1775546678799
mouse,298,122,1775546678806
mouse,287,123,1775546678813
mouse,274,123,1775546678820
mouse,264,124,1775546678827
mouse,255,124,1775546678834
mouse,246,125,1775546678841
mouse,240,125,1775546678848
mouse,232,125,1775546678855
mouse,227,125,1775546678861
mouse,221,125,1775546678868
mouse,217,125,1775546678875
mouse,213,125,1775546678882
mouse,209,125,1775546678889
mouse,207,125,1775546678896
mouse,205,125,1775546678903
mouse,204,125,1775546678911
mouse,203,125,1775546678984
mouse,203,124,1775546678991
mouse,202,124,1775546679008
mouse,201,123,1775546679016
mouse,201,122,1775546679023
mouse,200,122,1775546679042
mouse,199,122,1775546679049
mouse,198,121,1775546679070
mouse,197,121,1775546679077
click,197,121,1775546679229
mouse,196,121,1775546679978
mouse,196,120,1775546683716
mouse,197,120,1775546683837
mouse,198,119,1775546683841
mouse,202,119,1775546683848
mouse,206,118,1775546683855
mouse,210,118,1775546683862
mouse,212,118,1775546683869
mouse,214,118,1775546683876
mouse,215,118,1775546683882
mouse,216,118,1775546683904
mouse,217,118,1775546683914
mouse,218,118,1775546683917
mouse,220,117,1775546683925
mouse,222,117,1775546683931
mouse,224,117,1775546683938
mouse,225,117,1775546683945
mouse,226,117,1775546683952
mouse,228,117,1775546683959
mouse,229,117,1775546683992
mouse,230,117,1775546684001
mouse,231,117,1775546684007
mouse,232,117,1775546684010
mouse,233,117,1775546684016
mouse,234,117,1775546684021
mouse,236,117,1775546684028
mouse,237,117,1775546684035
mouse,238,117,1775546684043
mouse,239,117,1775546684064
click,239,117,1775546684230
click,239,117,1775546684994
mouse,239,118,1775546685190
mouse,238,118,1775546685195
mouse,235,118,1775546685202
mouse,234,118,1775546685209
mouse,232,120,1775546685217
mouse,230,120,1775546685223
mouse,228,122,1775546685230
mouse,225,122,1775546685237
mouse,223,122,1775546685244
mouse,220,124,1775546685251
mouse,218,125,1775546685257
mouse,215,126,1775546685264
mouse,212,126,1775546685271
mouse,210,127,1775546685278
mouse,207,127,1775546685285
mouse,205,129,1775546685292
mouse,202,130,1775546685299
mouse,199,130,1775546685306
mouse,196,130,1775546685313
mouse,195,131,1775546685320
mouse,192,132,1775546685327
mouse,189,133,1775546685334
mouse,188,134,1775546685341
mouse,186,134,1775546685348
mouse,183,134,1775546685355
mouse,181,134,1775546685362
mouse,180,135,1775546685369
mouse,177,135,1775546685376
mouse,175,136,1775546685383
mouse,173,137,1775546685389
mouse,171,137,1775546685396
mouse,168,138,1775546685404
mouse,167,138,1775546685410
mouse,164,139,1775546685417
mouse,162,139,1775546685424
mouse,159,140,1775546685431
mouse,156,141,1775546685438
mouse,154,142,1775546685446
mouse,152,142,1775546685452
mouse,149,143,1775546685459
mouse,146,143,1775546685466
mouse,144,144,1775546685473
mouse,140,145,1775546685480
mouse,137,146,1775546685486
mouse,135,146,1775546685493
mouse,132,147,1775546685500
mouse,128,148,1775546685508
mouse,125,149,1775546685514
mouse,121,150,1775546685522
mouse,119,150,1775546685528
mouse,116,151,1775546685535
mouse,112,151,1775546685542
mouse,109,153,1775546685549
mouse,107,153,1775546685556
mouse,103,154,1775546685564
mouse,100,155,1775546685570
mouse,97,155,1775546685577
mouse,94,156,1775546685584
mouse,90,158,1775546685592
mouse,87,158,1775546685598
mouse,83,158,1775546685605
mouse,80,159,1775546685612
mouse,76,159,1775546685618
mouse,72,160,1775546685625
mouse,70,162,1775546685632
mouse,67,162,1775546685639
mouse,64,162,1775546685646
mouse,62,162,1775546685653
mouse,59,163,1775546685660
mouse,56,163,1775546685667
mouse,53,163,1775546685675
mouse,52,163,1775546685681
mouse,49,164,1775546685689
mouse,48,165,1775546685695
mouse,46,165,1775546685702
mouse,44,165,1775546685709
mouse,44,166,1775546685716
mouse,42,166,1775546685724
mouse,41,166,1775546685884
mouse,40,166,1775546685896
mouse,39,165,1775546685927
mouse,38,165,1775546685938
mouse,38,164,1775546685960
mouse,37,164,1775546685971
mouse,36,164,1775546685989
mouse,36,163,1775546685995
mouse,36,162,1775546686015
mouse,35,162,1775546686052
mouse,34,162,1775546686062
mouse,34,161,1775546686085
mouse,34,160,1775546686097
mouse,34,159,1775546686112
mouse,34,158,1775546686133
mouse,34,157,1775546686173
mouse,960,80,1775546688549
mouse,960,81,1775546688556
mouse,959,81,1775546688623
mouse,958,81,1775546688645
mouse,957,81,1775546688663
mouse,956,81,1775546688681
mouse,955,81,1775546688688
mouse,954,82,1775546688695
mouse,952,82,1775546688702
mouse,950,82,1775546688709
mouse,948,82,1775546688716
mouse,946,82,1775546688723
mouse,944,82,1775546688730
mouse,942,83,1775546688737
mouse,939,83,1775546688744
mouse,936,83,1775546688750
mouse,934,84,1775546688757
mouse,930,85,1775546688764
mouse,927,85,1775546688771
mouse,923,86,1775546688778
mouse,919,86,1775546688785
mouse,913,87,1775546688792
mouse,909,88,1775546688799
mouse,904,90,1775546688806
mouse,898,90,1775546688813
mouse,892,92,1775546688820
mouse,886,93,1775546688827
mouse,879,94,1775546688834
mouse,872,94,1775546688841
mouse,865,96,1775546688848
mouse,858,96,1775546688855
mouse,852,98,1775546688862
mouse,845,99,1775546688868
mouse,840,99,1775546688875
mouse,833,100,1775546688882
mouse,827,101,1775546688889
mouse,820,102,1775546688896
mouse,815,102,1775546688903
mouse,809,102,1775546688910
mouse,804,102,1775546688917
mouse,800,103,1775546688924
mouse,796,104,1775546688931
mouse,791,104,1775546688939
mouse,787,104,1775546688945
mouse,782,105,1775546688952
mouse,779,105,1775546688959
mouse,775,105,1775546688966
mouse,772,106,1775546688973
mouse,767,106,1775546688980
mouse,764,106,1775546688986
mouse,760,106,1775546688994
mouse,756,107,1775546689000
mouse,752,108,1775546689007
mouse,748,108,1775546689014
mouse,744,108,1775546689021
mouse,740,109,1775546689028
mouse,736,110,1775546689035
mouse,732,110,1775546689042
mouse,729,110,1775546689049
mouse,725,110,1775546689056
mouse,722,110,1775546689063
mouse,718,112,1775546689070
mouse,715,112,1775546689077
mouse,712,113,1775546689084
mouse,709,114,1775546689091
mouse,706,114,1775546689099
mouse,702,115,1775546689105
mouse,700,116,1775546689113
mouse,695,117,1775546689121
mouse,693,118,1775546689126
mouse,689,118,1775546689133
mouse,688,119,1775546689140
mouse,684,120,1775546689148
mouse,681,122,1775546689154
mouse,679,122,1775546689160
mouse,676,124,1775546689167
mouse,675,125,1775546689174
mouse,672,126,1775546689181
mouse,670,127,1775546689188
mouse,668,128,1775546689195
mouse,666,130,1775546689202
mouse,664,130,1775546689209
mouse,662,131,1775546689216
mouse,660,132,1775546689223
mouse,659,134,1775546689230
mouse,657,134,1775546689237
mouse,656,135,1775546689244
mouse,655,136,1775546689251
mouse,654,136,1775546689257
mouse,653,137,1775546689264
mouse,652,138,1775546689271
mouse,651,138,1775546689278
mouse,650,139,1775546689286
mouse,649,140,1775546689292
mouse,648,140,1775546689299
mouse,647,141,1775546689306
mouse,646,142,1775546689313
mouse,645,142,1775546689320
mouse,645,143,1775546689327
mouse,644,144,1775546689334
mouse,643,145,1775546689357
mouse,643,146,1775546689364
mouse,642,146,1775546689374
mouse,642,147,1775546689376
mouse,641,148,1775546689382
mouse,640,150,1775546689390
mouse,640,152,1775546689396
mouse,637,154,1775546689403
mouse,636,156,1775546689411
mouse,635,158,1775546689417
mouse,633,159,1775546689425
mouse,632,162,1775546689431
mouse,629,163,1775546689439
mouse,627,166,1775546689445
mouse,623,168,1775546689452
mouse,620,170,1775546689459
mouse,616,171,1775546689467
mouse,614,174,1775546689473
mouse,612,175,1775546689480
mouse,611,176,1775546689487
mouse,609,179,1775546689494
mouse,608,180,1775546689500
mouse,608,182,1775546689507
mouse,609,185,1775546689514
mouse,610,187,1775546689522
mouse,612,190,1775546689528
mouse,614,193,1775546689535
mouse,616,195,1775546689543
mouse,617,197,1775546689549
mouse,620,199,1775546689556
mouse,621,202,1775546689563
mouse,622,206,1775546689570
mouse,624,207,1775546689577
mouse,624,210,1775546689584
mouse,625,210,1775546689592
mouse,626,211,1775546689599
mouse,626,213,1775546689606
mouse,626,214,1775546689614
mouse,626,215,1775546689621
mouse,626,216,1775546689628
mouse,627,217,1775546689632
mouse,627,218,1775546689639
mouse,627,220,1775546689646
mouse,627,222,1775546689653
mouse,626,224,1775546689660
mouse,624,226,1775546689667
mouse,624,227,1775546689674
mouse,624,229,1775546689681
mouse,623,230,1775546689688
mouse,622,231,1775546689696
mouse,621,233,1775546689704
mouse,621,234,1775546689711
mouse,621,235,1775546689719
mouse,621,236,1775546689726
mouse,621,237,1775546689730
mouse,621,238,1775546689737
mouse,621,240,1775546689744
mouse,622,241,1775546689751
mouse,622,243,1775546689758
mouse,623,246,1775546689764
mouse,624,249,1775546689771
mouse,624,251,1775546689778
mouse,626,255,1775546689785
mouse,628,259,1775546689793
mouse,630,263,1775546689799
mouse,635,269,1775546689807
mouse,639,274,1775546689813
mouse,644,280,1775546689820
mouse,649,286,1775546689827
mouse,656,292,1775546689834
mouse,662,297,1775546689841
mouse,668,302,1775546689848
mouse,674,306,1775546689855
mouse,678,309,1775546689862
mouse,684,314,1775546689869
mouse,688,317,1775546689875
mouse,691,320,1775546689883
mouse,696,322,1775546689889
mouse,700,326,1775546689896
mouse,704,329,1775546689903
mouse,709,331,1775546689910
mouse,715,334,1775546689917
mouse,720,337,1775546689924
mouse,725,339,1775546689931
mouse,730,341,1775546689938
mouse,734,343,1775546689945
mouse,737,344,1775546689952
mouse,741,345,1775546689959
mouse,746,346,1775546689966
mouse,750,347,1775546689973
mouse,756,348,1775546689980
mouse,761,350,1775546689987
mouse,765,350,1775546689994
mouse,770,351,1775546690000
mouse,777,353,1775546690007
mouse,783,354,1775546690014
mouse,790,354,1775546690021
mouse,797,356,1775546690028
mouse,804,356,1775546690035
mouse,812,356,1775546690042
mouse,820,356,1775546690049
mouse,827,357,1775546690056
mouse,834,357,1775546690063
mouse,843,357,1775546690070
mouse,851,357,1775546690077
mouse,860,357,1775546690084
mouse,867,357,1775546690091
mouse,877,357,1775546690098
mouse,885,357,1775546690105
mouse,893,357,1775546690112
mouse,902,356,1775546690119
mouse,912,356,1775546690125
mouse,920,356,1775546690133
mouse,928,354,1775546690139
mouse,936,354,1775546690146
mouse,944,353,1775546690153
mouse,954,351,1775546690160
mouse,964,350,1775546690167
mouse,973,349,1775546690174
mouse,985,348,1775546690181
mouse,1000,346,1775546690188
mouse,1010,345,1775546690195
mouse,1024,343,1775546690202
mouse,1036,342,1775546690209
mouse,1048,340,1775546690216
mouse,1059,337,1775546690223
mouse,1069,335,1775546690230
mouse,1078,332,1775546690237
mouse,1084,330,1775546690244
mouse,1092,327,1775546690250
mouse,1099,326,1775546690257
mouse,1105,323,1775546690264
mouse,1112,322,1775546690271
mouse,1117,320,1775546690278
mouse,1124,318,1775546690285
mouse,1131,316,1775546690292
mouse,1137,314,1775546690299
mouse,1143,313,1775546690306
mouse,1149,310,1775546690313
mouse,1154,308,1775546690320
mouse,1157,306,1775546690327
mouse,1161,303,1775546690334
mouse,1164,302,1775546690341
mouse,1168,300,1775546690348
mouse,1171,299,1775546690355
mouse,1173,298,1775546690362
mouse,1176,296,1775546690368
mouse,1179,295,1775546690375
mouse,1181,294,1775546690382
mouse,1184,292,1775546690390
mouse,1187,291,1775546690397
mouse,1188,290,1775546690403
mouse,1190,289,1775546690411
mouse,1191,288,1775546690417
mouse,1192,287,1775546690425
mouse,1193,287,1775546690431
mouse,1194,286,1775546690438
mouse,1195,286,1775546690445
mouse,1195,285,1775546690452
mouse,1196,285,1775546690459
mouse,1196,283,1775546690467
mouse,1197,283,1775546690476
mouse,1197,282,1775546690482
mouse,1198,282,1775546690487
mouse,1199,280,1775546690494
mouse,1201,278,1775546690501
mouse,1203,274,1775546690508
mouse,1204,273,1775546690514
mouse,1205,270,1775546690522
mouse,1207,269,1775546690528
mouse,1208,267,1775546690535
mouse,1208,266,1775546690542
mouse,1210,264,1775546690549
mouse,1211,262,1775546690557
mouse,1212,261,1775546690563
mouse,1212,260,1775546690570
mouse,1213,258,1775546690577
mouse,1214,258,1775546690584
mouse,1215,257,1775546690591
mouse,1215,256,1775546690598
click,1215,256,1775546690720
mouse,1214,256,1775546690812
mouse,1212,256,1775546690820
mouse,1211,256,1775546690828
mouse,1210,256,1775546690834
mouse,1208,256,1775546690841
mouse,1206,256,1775546690849
mouse,1204,255,1775546690855
mouse,1202,255,1775546690862
mouse,1198,255,1775546690869
mouse,1193,255,1775546690877
mouse,1190,255,1775546690882
mouse,1185,254,1775546690889
mouse,1180,254,1775546690896
mouse,1174,254,1775546690903
mouse,1168,254,1775546690910
mouse,1162,254,1775546690917
mouse,1155,254,1775546690924
mouse,1148,254,1775546690931
mouse,1141,254,1775546690938
mouse,1132,254,1775546690945
mouse,1124,254,1775546690952
mouse,1114,254,1775546690959
mouse,1104,254,1775546690966
mouse,1094,254,1775546690973
mouse,1086,253,1775546690980
mouse,1078,253,1775546690987
mouse,1071,253,1775546690994
mouse,1064,253,1775546691000
mouse,1057,253,1775546691007
mouse,1049,253,1775546691015
mouse,1042,253,1775546691021
mouse,1035,253,1775546691028
mouse,1028,253,1775546691035
mouse,1020,253,1775546691042
mouse,1012,253,1775546691049
mouse,1002,253,1775546691056
mouse,991,253,1775546691063
mouse,977,253,1775546691070
mouse,965,253,1775546691077
mouse,951,253,1775546691084
mouse,936,252,1775546691091
mouse,923,252,1775546691098
mouse,903,251,1775546691105
mouse,891,251,1775546691112
mouse,876,251,1775546691119
mouse,862,251,1775546691125
mouse,848,251,1775546691132
mouse,836,251,1775546691139
mouse,824,250,1775546691146
mouse,809,250,1775546691153
mouse,795,249,1775546691160
mouse,780,247,1775546691167
mouse,765,245,1775546691174
mouse,750,242,1775546691181
mouse,733,241,1775546691188
mouse,719,238,1775546691195
mouse,704,234,1775546691202
mouse,691,233,1775546691209
mouse,677,230,1775546691216
mouse,666,228,1775546691223
mouse,656,226,1775546691230
mouse,647,223,1775546691237
mouse,640,222,1775546691244
mouse,634,220,1775546691250
mouse,628,218,1775546691257
mouse,624,216,1775546691264
mouse,620,214,1775546691271
mouse,616,212,1775546691278
mouse,612,210,1775546691285
mouse,607,208,1775546691292
mouse,601,205,1775546691299
mouse,595,202,1775546691306
mouse,587,198,1775546691313
mouse,579,194,1775546691320
mouse,572,191,1775546691327
mouse,564,189,1775546691334
mouse,557,186,1775546691341
mouse,552,184,1775546691348
mouse,547,182,1775546691355
mouse,543,181,1775546691362
mouse,540,179,1775546691369
mouse,536,178,1775546691376
mouse,532,176,1775546691383
mouse,530,174,1775546691389
mouse,527,173,1775546691396
mouse,523,171,1775546691403
mouse,519,170,1775546691410
mouse,515,168,1775546691417
mouse,511,166,1775546691424
mouse,506,164,1775546691431
mouse,501,162,1775546691438
mouse,495,159,1775546691445
mouse,488,156,1775546691452
mouse,482,154,1775546691459
mouse,475,153,1775546691466
mouse,469,151,1775546691473
mouse,462,149,1775546691481
mouse,458,147,1775546691487
mouse,452,146,1775546691494
mouse,448,145,1775546691501
mouse,444,144,1775546691507
mouse,440,142,1775546691514
mouse,436,142,1775546691521
mouse,432,140,1775546691528
mouse,428,140,1775546691536
mouse,425,139,1775546691542
mouse,422,138,1775546691549
mouse,419,138,1775546691556
mouse,416,136,1775546691564
mouse,414,136,1775546691570
mouse,412,135,1775546691578
mouse,411,135,1775546691584
mouse,408,134,1775546691598
mouse,407,134,1775546691605
mouse,406,134,1775546691612
mouse,405,134,1775546691620
mouse,404,134,1775546691654
mouse,403,134,1775546691689
mouse,402,134,1775546691696
mouse,401,134,1775546691703
mouse,400,134,1775546691724
mouse,398,134,1775546691738
mouse,397,134,1775546691744
mouse,396,134,1775546691759
mouse,395,134,1775546691771
mouse,393,134,1775546691778
mouse,392,134,1775546691785
mouse,391,134,1775546691792
mouse,390,134,1775546691799
mouse,388,135,1775546691806
mouse,386,135,1775546691813
mouse,384,137,1775546691820
mouse,383,138,1775546691827
mouse,381,138,1775546691834
mouse,380,139,1775546691841
mouse,376,141,1775546691849
mouse,375,143,1775546691855
mouse,372,145,1775546691862
mouse,369,147,1775546691869
mouse,365,150,1775546691876
mouse,363,152,1775546691882
mouse,360,155,1775546691889
mouse,356,158,1775546691896
mouse,353,162,1775546691903
mouse,349,166,1775546691910
mouse,345,171,1775546691917
mouse,341,175,1775546691924
mouse,338,179,1775546691931
mouse,333,184,1775546691938
mouse,331,189,1775546691945
mouse,327,192,1775546691952
mouse,325,197,1775546691959
mouse,323,201,1775546691966
mouse,320,204,1775546691973
mouse,319,208,1775546691980
mouse,316,210,1775546691987
mouse,316,214,1775546691994
mouse,315,218,1775546692000
mouse,313,221,1775546692007
mouse,312,225,1775546692014
mouse,312,228,1775546692021
mouse,312,231,1775546692028
mouse,311,234,1775546692036
mouse,311,236,1775546692042
mouse,311,239,1775546692049
mouse,311,242,1775546692056
mouse,311,245,1775546692063
mouse,311,247,1775546692070
mouse,311,250,1775546692077
mouse,311,254,1775546692085
mouse,312,256,1775546692091
mouse,312,260,1775546692098
mouse,312,262,1775546692105
mouse,313,266,1775546692112
mouse,314,269,1775546692120
mouse,314,271,1775546692126
mouse,315,275,1775546692133
mouse,316,278,1775546692139
mouse,316,281,1775546692146
mouse,316,284,1775546692153
mouse,317,288,1775546692160
mouse,318,291,1775546692167
mouse,319,295,1775546692174
mouse,320,300,1775546692181
mouse,323,304,1775546692189
mouse,324,307,1775546692195
mouse,327,311,1775546692202
mouse,330,315,1775546692209
mouse,332,318,1775546692216
mouse,335,322,1775546692223
mouse,337,326,1775546692230
mouse,340,328,1775546692237
mouse,343,331,1775546692244
mouse,345,334,1775546692251
mouse,348,336,1775546692258
mouse,349,338,1775546692264
mouse,352,340,1775546692272
mouse,355,343,1775546692278
mouse,359,346,1775546692285
mouse,363,349,1775546692292
mouse,366,352,1775546692299
mouse,370,355,1775546692306
mouse,375,359,1775546692313
mouse,379,362,1775546692320
mouse,383,366,1775546692327
mouse,389,370,1775546692334
mouse,394,374,1775546692341
mouse,398,377,1775546692348
mouse,404,380,1775546692355
mouse,408,382,1775546692362
mouse,413,385,1775546692368
mouse,416,386,1775546692375
mouse,420,389,1775546692382
mouse,424,391,1775546692389
mouse,429,394,1775546692397
mouse,432,395,1775546692403
mouse,436,398,1775546692410
mouse,440,399,1775546692417
mouse,444,401,1775546692424
mouse,447,402,1775546692431
mouse,451,405,1775546692439
mouse,455,406,1775546692445
mouse,459,408,1775546692453
mouse,462,410,1775546692459
mouse,465,411,1775546692466
mouse,470,413,1775546692473
mouse,473,414,1775546692480
mouse,476,415,1775546692487
mouse,481,418,1775546692494
mouse,484,418,1775546692500
mouse,489,420,1775546692508
mouse,494,421,1775546692515
mouse,498,422,1775546692521
mouse,502,422,1775546692528
mouse,506,424,1775546692535
mouse,512,425,1775546692542
mouse,517,426,1775546692549
mouse,523,427,1775546692556
mouse,528,429,1775546692563
mouse,533,429,1775546692570
mouse,540,430,1775546692577
mouse,545,431,1775546692584
mouse,550,432,1775546692591
mouse,557,434,1775546692598
mouse,563,434,1775546692605
mouse,570,435,1775546692612
mouse,577,436,1775546692619
mouse,584,438,1775546692625
mouse,590,439,1775546692632
mouse,596,439,1775546692639
mouse,602,441,1775546692646
mouse,608,441,1775546692653
mouse,613,442,1775546692660
mouse,618,442,1775546692667
mouse,622,442,1775546692674
mouse,626,442,1775546692681
mouse,633,442,1775546692695
mouse,637,442,1775546692702
mouse,641,442,1775546692710
mouse,644,442,1775546692716
mouse,648,442,1775546692723
mouse,650,441,1775546692730
mouse,652,441,1775546692733
mouse,657,440,1775546692744
mouse,660,439,1775546692751
mouse,664,439,1775546692758
mouse,668,439,1775546692764
mouse,672,439,1775546692771
mouse,676,439,1775546692778
mouse,680,439,1775546692785
mouse,684,439,1775546692792
mouse,688,439,1775546692799
mouse,691,439,1775546692804
mouse,695,439,1775546692813
mouse,699,438,1775546692820
mouse,703,438,1775546692827
mouse,706,438,1775546692834
mouse,710,438,1775546692841
mouse,714,438,1775546692848
mouse,718,438,1775546692855
mouse,721,438,1775546692862
mouse,724,438,1775546692869
mouse,728,438,1775546692876
mouse,732,437,1775546692882
mouse,736,436,1775546692889
mouse,740,436,1775546692896
mouse,745,435,1775546692903
mouse,749,435,1775546692910
mouse,754,434,1775546692917
mouse,759,434,1775546692924
mouse,764,434,1775546692931
mouse,768,433,1775546692938
mouse,773,432,1775546692945
mouse,778,431,1775546692952
mouse,784,431,1775546692959
mouse,788,430,1775546692966
mouse,793,430,1775546692973
mouse,798,429,1775546692980
mouse,804,429,1775546692987
mouse,808,427,1775546692994
mouse,813,426,1775546693001
mouse,817,426,1775546693007
mouse,822,424,1775546693014
mouse,827,423,1775546693021
mouse,832,422,1775546693028
mouse,836,422,1775546693035
mouse,840,420,1775546693042
mouse,846,419,1775546693049
mouse,851,418,1775546693056
mouse,856,418,1775546693063
mouse,860,416,1775546693070
mouse,864,415,1775546693077
mouse,868,414,1775546693084
mouse,873,413,1775546693091
mouse,878,412,1775546693098
mouse,882,410,1775546693105
mouse,886,410,1775546693112
mouse,890,410,1775546693119
mouse,895,407,1775546693126
mouse,899,406,1775546693132
mouse,904,406,1775546693139
mouse,909,404,1775546693146
mouse,916,403,1775546693153
mouse,922,402,1775546693160
mouse,930,400,1775546693167
mouse,940,399,1775546693174
mouse,947,398,1775546693181
mouse,956,397,1775546693188
mouse,966,396,1775546693195
mouse,975,396,1775546693202
mouse,984,395,1775546693209
mouse,995,395,1775546693216
mouse,1004,395,1775546693223
mouse,1012,395,1775546693230
mouse,1021,394,1775546693237
mouse,1030,394,1775546693244
mouse,1039,394,1775546693251
mouse,1047,394,1775546693257
mouse,1055,394,1775546693264
mouse,1064,394,1775546693271
mouse,1072,394,1775546693278
mouse,1080,394,1775546693285
mouse,1087,394,1775546693292
mouse,1094,395,1775546693299
mouse,1099,396,1775546693306
mouse,1105,396,1775546693313
mouse,1112,397,1775546693320
mouse,1117,398,1775546693327
mouse,1122,398,1775546693334
mouse,1128,399,1775546693341
mouse,1132,400,1775546693348
mouse,1137,402,1775546693355
mouse,1142,402,1775546693362
mouse,1145,403,1775546693369
mouse,1149,403,1775546693376
mouse,1153,404,1775546693383
mouse,1157,405,1775546693390
mouse,1160,406,1775546693396
mouse,1164,406,1775546693403
mouse,1166,407,1775546693411
mouse,1168,407,1775546693417
mouse,1169,408,1775546693424
mouse,1172,409,1775546693432
mouse,1173,410,1775546693438
mouse,1174,410,1775546693448
mouse,1175,410,1775546693454
mouse,1175,411,1775546693627
mouse,1175,412,1775546693654
mouse,1175,413,1775546693660
mouse,1175,414,1775546693696
mouse,1174,414,1775546694494
mouse,1173,414,1775546694501
mouse,1172,414,1775546694508
mouse,1170,415,1775546694515
mouse,1168,415,1775546694521
mouse,1165,416,1775546694528
mouse,1162,417,1775546694536
mouse,1158,418,1775546694542
mouse,1152,418,1775546694549
mouse,1144,418,1775546694556
mouse,1135,419,1775546694563
mouse,1124,419,1775546694570
mouse,1115,419,1775546694577
mouse,1100,419,1775546694584
mouse,1088,419,1775546694591
mouse,1073,419,1775546694598
mouse,1061,419,1775546694605
mouse,1047,420,1775546694612
mouse,1032,422,1775546694619
mouse,1013,424,1775546694626
mouse,993,426,1775546694632
mouse,975,426,1775546694639
mouse,951,426,1775546694646
mouse,924,426,1775546694653
mouse,896,426,1775546694660
mouse,864,425,1775546694667
mouse,831,424,1775546694674
mouse,802,424,1775546694681
mouse,774,425,1775546694688
mouse,748,427,1775546694695
mouse,726,430,1775546694702
mouse,708,433,1775546694709
mouse,688,436,1775546694716
mouse,672,438,1775546694723
mouse,659,440,1775546694730
mouse,648,442,1775546694737
mouse,637,444,1775546694744
mouse,628,444,1775546694751
mouse,622,444,1775546694757
mouse,616,444,1775546694764
mouse,609,444,1775546694771
mouse,602,444,1775546694778
mouse,594,444,1775546694785
mouse,585,444,1775546694792
mouse,577,443,1775546694799
mouse,570,443,1775546694806
mouse,564,443,1775546694813
mouse,558,443,1775546694820
mouse,555,444,1775546694827
mouse,551,444,1775546694834
mouse,548,446,1775546694841
mouse,544,446,1775546694849
mouse,541,447,1775546694855
mouse,539,447,1775546694862
mouse,537,448,1775546694869
mouse,536,448,1775546694876
mouse,533,448,1775546694883
mouse,532,448,1775546694890
mouse,531,448,1775546694896
mouse,530,448,1775546694900
mouse,528,448,1775546694910
mouse,524,448,1775546694917
mouse,521,448,1775546694924
mouse,520,448,1775546694931
mouse,517,448,1775546694938
mouse,516,448,1775546694945
mouse,514,448,1775546694952
mouse,513,448,1775546694957
mouse,511,449,1775546694966
mouse,509,449,1775546694973
mouse,508,449,1775546694980
mouse,505,449,1775546694987
mouse,504,449,1775546694994
mouse,501,449,1775546695001
mouse,500,449,1775546695007
mouse,496,449,1775546695014
mouse,493,449,1775546695021
mouse,488,448,1775546695028
mouse,484,448,1775546695035
mouse,480,447,1775546695042
mouse,476,446,1775546695049
mouse,472,446,1775546695056
mouse,466,446,1775546695063
mouse,460,444,1775546695070
mouse,453,443,1775546695077
mouse,447,441,1775546695084
mouse,439,440,1775546695091
mouse,430,438,1775546695098
mouse,420,435,1775546695105
mouse,409,432,1775546695112
mouse,398,430,1775546695119
mouse,388,427,1775546695125
mouse,380,426,1775546695132
mouse,369,422,1775546695139
mouse,360,421,1775546695146
mouse,348,418,1775546695153
mouse,338,415,1775546695160
mouse,328,413,1775546695167
mouse,316,409,1775546695174
mouse,304,406,1775546695181
mouse,292,402,1775546695188
mouse,280,400,1775546695195
mouse,273,398,1775546695202
mouse,267,397,1775546695209
mouse,263,395,1775546695216
mouse,262,395,1775546695223
mouse,260,394,1775546695230
mouse,260,392,1775546695272
mouse,260,391,1775546695279
mouse,260,390,1775546695293
mouse,261,390,1775546695299
mouse,262,389,1775546695327
mouse,264,389,1775546695383
mouse,265,389,1775546695389
mouse,268,388,1775546695397
mouse,269,387,1775546695402
mouse,273,387,1775546695410
mouse,276,386,1775546695417
mouse,278,386,1775546695424
mouse,280,386,1775546695431
mouse,284,386,1775546695438
mouse,285,386,1775546695445
mouse,288,385,1775546695452
mouse,289,385,1775546695461
mouse,292,384,1775546695473
mouse,293,384,1775546695480
mouse,294,383,1775546695487
mouse,296,383,1775546695494
mouse,296,382,1775546695501
mouse,297,382,1775546695508
mouse,298,382,1775546695515
mouse,300,382,1775546695522
mouse,301,381,1775546695535
mouse,303,380,1775546695542
mouse,305,378,1775546695550
mouse,307,377,1775546695556
mouse,309,376,1775546695563
mouse,312,372,1775546695570
mouse,315,370,1775546695577
mouse,317,368,1775546695584
mouse,320,364,1775546695591
mouse,323,362,1775546695598
mouse,325,358,1775546695605
mouse,327,354,1775546695612
mouse,329,352,1775546695619
mouse,330,349,1775546695626
mouse,332,346,1775546695633
mouse,333,343,1775546695639
mouse,335,342,1775546695646
mouse,336,338,1775546695653
mouse,337,336,1775546695660
mouse,339,333,1775546695667
mouse,340,330,1775546695674
mouse,341,326,1775546695681
mouse,343,322,1775546695688
mouse,344,318,1775546695695
mouse,347,313,1775546695702
mouse,349,308,1775546695709
mouse,351,302,1775546695716
mouse,352,296,1775546695723
mouse,354,290,1775546695730
mouse,355,285,1775546695737
mouse,356,280,1775546695744
mouse,356,275,1775546695751
mouse,356,270,1775546695758
mouse,357,266,1775546695764
mouse,357,261,1775546695771
mouse,357,255,1775546695778
mouse,356,250,1775546695785
mouse,356,246,1775546695792
mouse,354,243,1775546695799
mouse,353,240,1775546695806
mouse,352,237,1775546695813
mouse,352,234,1775546695820
mouse,351,233,1775546695828
mouse,350,232,1775546695834
mouse,350,230,1775546695841
mouse,349,230,1775546695848
mouse,349,228,1775546695855
mouse,348,226,1775546695869
mouse,348,223,1775546696070
mouse,348,222,1775546696077
mouse,349,221,1775546696092
mouse,350,220,1775546696098
mouse,351,218,1775546696105
mouse,352,217,1775546696112
mouse,352,214,1775546696120
mouse,354,214,1775546696126
mouse,355,212,1775546696134
mouse,355,210,1775546696139
mouse,356,210,1775546696146
mouse,356,209,1775546696153
mouse,357,208,1775546696160
mouse,358,206,1775546696168
mouse,359,206,1775546696174
mouse,359,204,1775546696188
mouse,360,202,1775546696195
mouse,360,199,1775546696210
mouse,360,198,1775546696216
mouse,360,195,1775546696224
mouse,360,193,1775546696230
mouse,360,191,1775546696237
mouse,360,187,1775546696244
mouse,360,185,1775546696251
mouse,360,182,1775546696258
mouse,360,181,1775546696264
mouse,360,178,1775546696271
mouse,360,175,1775546696278
mouse,360,173,1775546696285
mouse,359,170,1775546696293
mouse,358,167,1775546696299
mouse,357,165,1775546696306
mouse,356,161,1775546696313
mouse,355,158,1775546696320
mouse,353,155,1775546696327
mouse,351,153,1775546696334
mouse,349,150,1775546696341
mouse,347,146,1775546696348
mouse,344,143,1775546696355
mouse,341,140,1775546696362
mouse,337,136,1775546696369
mouse,333,133,1775546696376
mouse,330,130,1775546696382
mouse,327,127,1775546696389
mouse,324,124,1775546696396
mouse,320,122,1775546696403
mouse,316,119,1775546696410
mouse,313,116,1775546696417
mouse,310,114,1775546696424
mouse,307,113,1775546696431
mouse,305,110,1775546696438
mouse,303,110,1775546696445
mouse,301,108,1775546696453
mouse,300,106,1775546696459
mouse,299,106,1775546696487
mouse,299,105,1775546696502
mouse,299,104,1775546696688
mouse,300,103,1775546696696
mouse,302,102,1775546696702
mouse,307,102,1775546696711
mouse,310,101,1775546696716
mouse,316,100,1775546696723
mouse,324,100,1775546696730
mouse,332,99,1775546696737
mouse,343,97,1775546696744
mouse,354,95,1775546696751
mouse,366,94,1775546696757
mouse,379,93,1775546696764
mouse,393,91,1775546696771
mouse,408,90,1775546696781
mouse,428,90,1775546696788
mouse,436,90,1775546696792
mouse,451,89,1775546696799
mouse,463,89,1775546696806
mouse,476,89,1775546696813
mouse,490,89,1775546696821
mouse,501,89,1775546696827
mouse,513,89,1775546696834
mouse,527,89,1775546696841
mouse,540,89,1775546696848
mouse,553,90,1775546696855
mouse,567,91,1775546696862
mouse,580,92,1775546696869
mouse,592,93,1775546696875
mouse,603,93,1775546696882
mouse,612,93,1775546696889
mouse,624,94,1775546696896
mouse,635,94,1775546696903
mouse,644,94,1775546696910
mouse,656,95,1775546696917
mouse,668,95,1775546696924
mouse,680,95,1775546696931
mouse,692,95,1775546696938
mouse,705,95,1775546696945
mouse,717,94,1775546696952
mouse,730,94,1775546696959
mouse,742,93,1775546696966
mouse,754,91,1775546696973
mouse,767,90,1775546696980
mouse,780,89,1775546696987
mouse,792,88,1775546696994
mouse,807,87,1775546697000
mouse,821,85,1775546697007
mouse,834,83,1775546697014
mouse,849,82,1775546697021
mouse,866,80,1775546697028
mouse,882,79,1775546697035
mouse,898,78,1775546697042
mouse,913,77,1775546697049
mouse,928,76,1775546697056
mouse,940,76,1775546697063
mouse,949,76,1775546697070
mouse,957,76,1775546697077
mouse,961,76,1775546697084
mouse,966,76,1775546697091
mouse,971,76,1775546697098
mouse,976,77,1775546697105
mouse,979,78,1775546697112
mouse,982,78,1775546697119
mouse,985,78,1775546697126
mouse,988,78,1775546697134
mouse,991,78,1775546697140
mouse,995,79,1775546697146
mouse,999,79,1775546697154
mouse,1003,80,1775546697160
mouse,1006,80,1775546697167
mouse,1009,80,1775546697174
mouse,1011,80,1775546697175
mouse,1012,80,1775546697181
mouse,1016,80,1775546697188
mouse,1020,81,1775546697195
mouse,1023,81,1775546697203
mouse,1024,82,1775546697209
mouse,1027,82,1775546697217
mouse,1028,82,1775546697223
mouse,1029,82,1775546697230
mouse,1031,82,1775546697237
mouse,1032,82,1775546697247
mouse,1034,82,1775546697278
mouse,1035,83,1775546697285
mouse,1036,83,1775546697292
mouse,1038,83,1775546697307
mouse,1040,83,1775546697327
mouse,1042,84,1775546697334
mouse,1044,84,1775546697342
mouse,1045,84,1775546697348
mouse,1048,85,1775546697355
mouse,1050,86,1775546697362
mouse,1052,86,1775546697369
mouse,1054,86,1775546697376
mouse,1057,86,1775546697383
mouse,1060,86,1775546697390
mouse,1066,87,1775546697403
mouse,1069,87,1775546697410
mouse,1072,88,1775546697417
mouse,1076,88,1775546697424
mouse,1080,90,1775546697431
mouse,1083,90,1775546697438
mouse,1086,90,1775546697445
mouse,1088,90,1775546697452
mouse,1091,91,1775546697459
mouse,1092,92,1775546697466
mouse,1094,92,1775546697473
mouse,1096,92,1775546697480
mouse,1097,92,1775546697487
mouse,1098,93,1775546697494
mouse,1099,93,1775546697501
mouse,1100,93,1775546697508
mouse,1100,94,1775546697515
mouse,1101,94,1775546697577
mouse,1102,94,1775546697591
mouse,1104,95,1775546697605
mouse,1104,96,1775546697612
mouse,1104,97,1775546697627
mouse,1105,98,1775546697633
mouse,1106,100,1775546697646
mouse,1108,102,1775546697653
mouse,1108,104,1775546697660
mouse,1109,106,1775546697667
mouse,1110,110,1775546697674
mouse,1111,113,1775546697681
mouse,1112,115,1775546697688
mouse,1112,117,1775546697695
mouse,1113,118,1775546697702
mouse,1113,121,1775546697709
mouse,1113,123,1775546697716
mouse,1113,126,1775546697723
mouse,1113,128,1775546697730
mouse,1113,131,1775546697737
mouse,1113,134,1775546697744
mouse,1112,138,1775546697751
mouse,1112,140,1775546697758
mouse,1110,142,1775546697765
mouse,1108,144,1775546697771
mouse,1108,146,1775546697778
mouse,1105,149,1775546697785
mouse,1103,151,1775546697792
mouse,1100,154,1775546697799
mouse,1098,156,1775546697806
mouse,1096,158,1775546697813
mouse,1092,161,1775546697820
mouse,1090,164,1775546697827
mouse,1087,166,1775546697834
mouse,1084,169,1775546697841
mouse,1082,171,1775546697848
mouse,1080,174,1775546697855
mouse,1077,177,1775546697862
mouse,1075,178,1775546697869
mouse,1073,181,1775546697876
mouse,1071,183,1775546697882
mouse,1069,184,1775546697889
mouse,1068,186,1775546697896
mouse,1065,187,1775546697903
mouse,1063,189,1775546697910
mouse,1060,191,1775546697918
mouse,1056,193,1775546697924
mouse,1052,195,1775546697931
mouse,1048,197,1775546697938
mouse,1042,199,1775546697945
mouse,1036,202,1775546697952
mouse,1028,203,1775546697959
mouse,1020,206,1775546697966
mouse,1008,208,1775546697973
mouse,994,211,1775546697980
mouse,978,212,1775546697987
mouse,959,214,1775546697994
mouse,932,214,1775546698001
mouse,904,214,1775546698007
mouse,873,214,1775546698014
mouse,844,214,1775546698021
mouse,810,214,1775546698028
mouse,775,214,1775546698035
mouse,737,212,1775546698042
mouse,700,208,1775546698049
mouse,664,206,1775546698056
mouse,629,202,1775546698063
mouse,598,198,1775546698070
mouse,568,194,1775546698077
mouse,540,190,1775546698084
mouse,512,186,1775546698091
mouse,485,182,1775546698098
mouse,460,175,1775546698105
mouse,437,170,1775546698112
mouse,417,165,1775546698119
mouse,402,160,1775546698126
mouse,388,156,1775546698133
mouse,380,153,1775546698140
mouse,373,150,1775546698146
mouse,370,148,1775546698153
mouse,368,147,1775546698160
mouse,367,146,1775546698167
mouse,365,145,1775546698174
mouse,364,144,1775546698181
mouse,363,142,1775546698188
mouse,361,140,1775546698195
mouse,360,138,1775546698202
mouse,358,136,1775546698209
mouse,355,134,1775546698216
mouse,351,131,1775546698223
mouse,347,129,1775546698230
mouse,343,126,1775546698237
mouse,339,125,1775546698244
mouse,336,123,1775546698251
mouse,333,122,1775546698258
mouse,330,121,1775546698264
mouse,328,119,1775546698271
mouse,325,119,1775546698278
mouse,324,118,1775546698285
mouse,322,117,1775546698292
mouse,319,115,1775546698299
mouse,316,114,1775546698306
mouse,312,112,1775546698313
mouse,310,110,1775546698320
mouse,308,110,1775546698327
mouse,304,109,1775546698335
mouse,303,109,1775546698341
mouse,300,108,1775546698348
mouse,299,108,1775546698358
mouse,298,108,1775546698450
mouse,297,108,1775546698453
mouse,296,108,1775546698459
mouse,295,108,1775546698466
mouse,292,108,1775546698474
mouse,290,108,1775546698480
mouse,287,108,1775546698487
mouse,283,108,1775546698494
mouse,280,109,1775546698501
mouse,275,109,1775546698508
mouse,272,109,1775546698514
mouse,266,109,1775546698521
mouse,259,109,1775546698528
mouse,252,109,1775546698535
mouse,244,108,1775546698542
mouse,234,107,1775546698549
mouse,226,106,1775546698556
mouse,217,105,1775546698563
mouse,210,104,1775546698570
mouse,204,104,1775546698577
mouse,197,104,1775546698584
mouse,195,104,1775546698591
mouse,192,104,1775546698598
mouse,188,104,1775546698605
mouse,187,104,1775546698612
mouse,186,104,1775546698619
mouse,185,104,1775546698626
mouse,184,104,1775546698652
mouse,183,104,1775546698683
mouse,182,103,1775546698688
mouse,180,103,1775546698695
mouse,180,102,1775546698702
mouse,178,102,1775546698709
mouse,176,102,1775546698716
mouse,176,101,1775546698723
mouse,173,100,1775546698730
mouse,172,100,1775546698737
mouse,169,99,1775546698744
mouse,168,98,1775546698751
mouse,166,98,1775546698758
mouse,164,97,1775546698765
mouse,161,96,1775546698771
mouse,160,95,1775546698778
mouse,156,94,1775546698785
mouse,154,92,1775546698792
mouse,152,90,1775546698799
mouse,149,89,1775546698806
mouse,145,87,1775546698813
mouse,142,85,1775546698820
mouse,138,82,1775546698827
mouse,134,80,1775546698834
mouse,131,78,1775546698841
mouse,128,76,1775546698848
mouse,127,75,1775546698856
mouse,126,74,1775546698862
mouse,124,74,1775546698869
mouse,123,72,1775546698876
mouse,121,70,1775546698883
mouse,120,70,1775546698893
mouse,120,69,1775546698898
mouse,120,68,1775546698907
mouse,119,68,1775546698916
mouse,119,67,1775546698919
mouse,119,66,1775546698928
mouse,119,64,1775546698945
mouse,119,63,1775546698957
mouse,119,62,1775546698963
mouse,119,61,1775546698980
mouse,120,60,1775546698987
mouse,120,59,1775546699001
mouse,120,58,1775546699006
mouse,121,58,1775546699009
mouse,122,58,1775546699016
mouse,123,58,1775546699022
mouse,123,57,1775546699031
mouse,124,57,1775546699036
mouse,124,56,1775546699042
mouse,125,55,1775546699049
mouse,127,54,1775546699057
mouse,128,54,1775546699064
mouse,128,53,1775546699071
mouse,128,52,1775546699077
mouse,129,52,1775546699084
mouse,130,51,1775546699091
mouse,131,50,1775546699098
mouse,132,49,1775546699105
mouse,132,48,1775546699112
mouse,133,47,1775546699119
mouse,135,46,1775546699126
mouse,135,45,1775546699261
mouse,134,45,1775546699268
mouse,133,45,1775546699271
mouse,132,45,1775546699278
mouse,129,45,1775546699285
mouse,126,45,1775546699292
mouse,123,45,1775546699299
mouse,119,44,1775546699306
mouse,115,44,1775546699313
mouse,110,44,1775546699320
mouse,105,43,1775546699327
mouse,100,43,1775546699334
mouse,96,42,1775546699341
mouse,90,42,1775546699348
mouse,87,42,1775546699355
mouse,84,41,1775546699362
mouse,80,40,1775546699369
mouse,78,40,1775546699376
mouse,76,40,1775546699383
mouse,75,40,1775546699390
mouse,74,40,1775546699397
mouse,72,39,1775546699403
mouse,72,39,1775546699411
mouse,71,39,1775546699422
mouse,70,39,1775546699426
mouse,69,39,1775546699445
mouse,68,39,1775546699452
mouse,68,39,1775546699459
mouse,67,39,1775546699466
mouse,66,39,1775546699473
mouse,64,39,1775546699481
mouse,64,39,1775546699487
mouse,62,38,1775546699495
mouse,61,38,1775546699501
mouse,60,38,1775546699509
mouse,58,38,1775546699514
mouse,57,38,1775546699522
mouse,56,38,1775546699530
mouse,55,38,1775546699535
mouse,54,38,1775546699542
mouse,53,38,1775546699550
mouse,52,38,1775546699556
mouse,51,38,1775546699564
mouse,50,38,1775546699570
mouse,48,38,1775546699577
mouse,48,38,1775546699584
mouse,47,38,1775546699591
mouse,45,38,1775546699598
mouse,44,39,1775546699606
mouse,42,39,1775546699612
mouse,40,39,1775546699619
mouse,38,39,1775546699626
mouse,36,39,1775546699633
mouse,34,39,1775546699640
mouse,32,39,1775546699647
mouse,31,39,1775546699654
mouse,30,39,1775546699660
mouse,28,39,1775546699667
mouse,27,39,1775546699674
mouse,25,39,1775546699682
mouse,24,39,1775546699688
mouse,23,39,1775546699695
mouse,20,39,1775546699703
mouse,19,39,1775546699709
mouse,17,39,1775546699716
mouse,15,39,1775546699723
mouse,13,39,1775546699730
mouse,11,39,1775546699737
mouse,8,39,1775546699744
mouse,7,39,1775546699751
mouse,4,39,1775546699760
mouse,3,39,1775546699765
mouse,1,39,1775546699772
mouse,0,39,1775546699779
mouse,-1,39,1775546699789
mouse,-3,39,1775546699796
mouse,-4,39,1775546699813
click,-4,39,1775546699960
mouse,519,59,1775546700939
click,519,59,1775546701110
mouse,518,59,1775546701150
mouse,517,59,1775546701155
mouse,516,59,1775546701161
mouse,514,59,1775546701169
mouse,512,59,1775546701174
mouse,509,58,1775546701181
mouse,506,58,1775546701188
mouse,502,58,1775546701195
mouse,497,58,1775546701202
mouse,492,57,1775546701209
mouse,486,57,1775546701216
mouse,480,56,1775546701223
mouse,472,56,1775546701230
mouse,464,56,1775546701237
mouse,457,56,1775546701244
mouse,447,56,1775546701251
mouse,439,56,1775546701258
mouse,429,56,1775546701265
mouse,423,56,1775546701271
mouse,414,56,1775546701278
mouse,407,56,1775546701285
mouse,397,56,1775546701292
mouse,388,57,1775546701299
mouse,380,58,1775546701306
mouse,371,58,1775546701313
mouse,363,59,1775546701320
mouse,354,59,1775546701327
mouse,344,59,1775546701334
mouse,336,61,1775546701341
mouse,328,62,1775546701348
mouse,320,62,1775546701355
mouse,313,62,1775546701362
mouse,308,63,1775546701369
mouse,300,64,1775546701376
mouse,296,64,1775546701382
mouse,290,64,1775546701389
mouse,286,64,1775546701396
mouse,281,64,1775546701403
mouse,276,64,1775546701410
mouse,271,64,1775546701417
mouse,266,64,1775546701424
mouse,261,64,1775546701431
mouse,256,64,1775546701439
mouse,251,64,1775546701445
mouse,245,64,1775546701453
mouse,241,64,1775546701459
mouse,238,64,1775546701466
mouse,232,64,1775546701473
mouse,228,64,1775546701480
mouse,224,64,1775546701487
mouse,220,64,1775546701494
mouse,216,64,1775546701501
mouse,211,64,1775546701508
mouse,208,64,1775546701514
mouse,204,63,1775546701521
mouse,201,63,1775546701528
mouse,198,63,1775546701535
mouse,196,63,1775546701543
mouse,194,63,1775546701549
mouse,192,63,1775546701556
mouse,191,63,1775546701564
mouse,190,63,1775546701570
mouse,189,63,1775546701577
mouse,188,63,1775546701584
mouse,187,63,1775546701591
mouse,186,63,1775546701598
mouse,185,63,1775546701606
mouse,184,63,1775546701615
mouse,183,63,1775546701658
mouse,183,64,1775546701661
mouse,182,64,1775546701668
mouse,181,64,1775546701674
mouse,181,66,1775546701681
mouse,180,66,1775546701688
mouse,180,67,1775546701697
mouse,180,68,1775546701704
mouse,179,69,1775546701709
mouse,179,70,1775546701716
mouse,178,70,1775546701725
click,178,70,1775546702016
mouse,177,70,1775546702184
mouse,177,71,1775546702190
mouse,176,71,1775546702195
mouse,174,71,1775546702216
mouse,173,72,1775546702224
mouse,172,72,1775546702230
mouse,172,73,1775546702237
mouse,170,74,1775546702244
mouse,168,74,1775546702251
mouse,167,74,1775546702258
mouse,166,74,1775546702265
mouse,164,74,1775546702272
mouse,162,75,1775546702280
mouse,161,75,1775546702285
mouse,160,75,1775546702292
mouse,158,76,1775546702300
mouse,157,76,1775546702306
mouse,156,77,1775546702313
mouse,154,77,1775546702320
mouse,152,78,1775546702327
mouse,151,78,1775546702334
mouse,150,78,1775546702341
mouse,148,78,1775546702348
mouse,146,78,1775546702355
mouse,144,78,1775546702363
mouse,144,79,1775546702369
mouse,143,79,1775546702376
mouse,142,79,1775546702383
mouse,141,79,1775546702396
mouse,140,79,1775546702575
mouse,140,79,1775546702588
mouse,139,79,1775546702591
mouse,138,79,1775546702598
mouse,136,79,1775546702605
mouse,134,79,1775546702612
mouse,131,79,1775546702619
mouse,129,79,1775546702626
mouse,127,79,1775546702634
mouse,124,79,1775546702640
mouse,120,79,1775546702647
mouse,116,79,1775546702654
mouse,114,79,1775546702660
mouse,110,79,1775546702667
mouse,106,79,1775546702674
mouse,101,79,1775546702681
mouse,96,78,1775546702688
mouse,91,78,1775546702695
mouse,86,78,1775546702702
mouse,82,78,1775546702709
mouse,77,78,1775546702716
mouse,72,77,1775546702723
mouse,68,77,1775546702730
mouse,64,77,1775546702738
mouse,61,76,1775546702744
mouse,59,76,1775546702751
mouse,56,76,1775546702758
mouse,54,76,1775546702765
mouse,52,76,1775546702772
mouse,50,76,1775546702778
mouse,48,76,1775546702785
mouse,47,76,1775546702793
mouse,45,76,1775546702799
mouse,44,76,1775546702806
mouse,43,76,1775546702813
mouse,41,76,1775546702820
mouse,40,76,1775546702827
mouse,40,76,1775546702841
mouse,39,76,1775546702853
click,39,76,1775546702916
mouse,39,76,1775546702925
mouse,40,75,1775546702981
mouse,42,75,1775546702987
mouse,44,74,1775546702994
mouse,49,74,1775546703001
mouse,52,74,1775546703008
mouse,56,74,1775546703016
mouse,59,74,1775546703021
mouse,62,74,1775546703028
mouse,66,74,1775546703035
mouse,66,73,1775546703042
mouse,66,72,1775546705322
mouse,64,72,1775546705328
mouse,63,72,1775546705334
mouse,55,71,1775546705342
mouse,50,71,1775546705348
mouse,44,71,1775546705355
mouse,39,71,1775546705363
mouse,35,71,1775546705369
mouse,31,71,1775546705377
mouse,28,71,1775546705383
mouse,24,71,1775546705390
mouse,23,71,1775546705397
mouse,22,71,1775546705404
mouse,24,71,1775546705429
mouse,27,72,1775546705432
mouse,31,73,1775546705438
mouse,39,75,1775546705445
mouse,44,78,1775546705452
mouse,49,80,1775546705459
mouse,52,81,1775546705466
mouse,55,82,1775546705473
mouse,56,83,1775546705480
mouse,56,85,1775546705487
mouse,59,85,1775546705494
mouse,60,86,1775546705502
mouse,61,88,1775546705508
mouse,63,89,1775546705515
mouse,64,90,1775546705523
mouse,66,90,1775546705529
mouse,68,91,1775546705536
mouse,68,92,1775546705543
mouse,70,93,1775546705549
mouse,72,94,1775546705556
mouse,74,94,1775546705563
mouse,77,96,1775546705570
mouse,80,98,1775546705577
mouse,84,99,1775546705584
mouse,88,102,1775546705591
mouse,92,102,1775546705598
mouse,95,104,1775546705605
mouse,98,106,1775546705613
mouse,100,107,1775546705619
mouse,101,108,1775546705626
mouse,103,108,1775546705634
mouse,104,109,1775546705640
mouse,104,110,1775546705647
mouse,105,110,1775546705723
mouse,106,110,1775546705731
mouse,107,110,1775546705741
mouse,108,110,1775546705746
mouse,109,111,1775546705802
mouse,110,112,1775546705807
mouse,112,114,1775546705813
mouse,114,116,1775546705820
mouse,118,120,1775546705827
mouse,120,122,1775546705834
mouse,124,126,1775546705842
mouse,128,129,1775546705849
mouse,131,130,1775546705855
mouse,133,133,1775546705862
mouse,135,134,1775546705869
mouse,135,133,1775546705996
mouse,135,132,1775546706002
mouse,135,131,1775546706008
mouse,136,130,1775546706016
mouse,136,129,1775546706023
mouse,136,128,1775546706060
mouse,136,127,1775546706070
mouse,136,126,1775546706077
click,136,126,1775546706245
click,136,126,1775546706409
mouse,137,126,1775546711932
mouse,140,126,1775546711939
mouse,144,127,1775546711945
mouse,148,128,1775546711952
mouse,156,130,1775546711959
mouse,162,130,1775546711966
mouse,171,131,1775546711973
mouse,176,132,1775546711980
mouse,181,132,1775546711987
mouse,185,132,1775546711994
mouse,189,132,1775546712001
mouse,193,132,1775546712008
mouse,195,132,1775546712015
mouse,197,132,1775546712023
mouse,199,132,1775546712029
mouse,200,132,1775546712036
mouse,200,133,1775546712177
mouse,200,134,1775546712196
mouse,198,136,1775546712216
mouse,196,138,1775546712223
mouse,196,139,1775546712230
mouse,195,142,1775546712237
mouse,194,143,1775546712244
mouse,192,146,1775546712251
mouse,192,149,1775546712259
mouse,192,150,1775546712265
mouse,190,152,1775546712272
mouse,189,154,1775546712279
mouse,188,155,1775546712286
mouse,188,157,1775546712293
mouse,186,158,1775546712299
mouse,184,160,1775546712307
mouse,184,162,1775546712313
mouse,182,164,1775546712320
mouse,180,166,1775546712327
mouse,176,170,1775546712334
mouse,174,172,1775546712341
mouse,171,175,1775546712348
mouse,169,178,1775546712355
mouse,166,179,1775546712362
mouse,164,182,1775546712369
mouse,161,182,1775546712376
mouse,159,184,1775546712383
mouse,157,185,1775546712390
mouse,155,186,1775546712397
mouse,152,187,1775546712403
mouse,151,188,1775546712410
mouse,148,188,1775546712417
mouse,147,188,1775546712425
mouse,144,189,1775546712431
mouse,143,189,1775546712441
mouse,143,190,1775546712446
mouse,141,190,1775546712452
mouse,140,190,1775546712459
mouse,139,190,1775546712467
mouse,138,190,1775546712473
mouse,136,190,1775546712481
mouse,135,190,1775546712490
mouse,134,190,1775546712495
mouse,132,190,1775546712501
mouse,131,190,1775546712508
mouse,128,189,1775546712516
mouse,127,189,1775546712523
mouse,125,188,1775546712528
mouse,123,187,1775546712535
mouse,120,186,1775546712542
mouse,117,186,1775546712549
mouse,115,186,1775546712557
mouse,113,185,1775546712563
mouse,111,185,1775546712571
mouse,109,185,1775546712577
mouse,107,184,1775546712584
mouse,105,183,1775546712591
mouse,103,182,1775546712599
mouse,102,182,1775546712605
mouse,100,182,1775546712612
mouse,99,181,1775546712619
mouse,96,181,1775546712627
mouse,95,179,1775546712633
mouse,92,178,1775546712640
mouse,90,178,1775546712647
mouse,87,177,1775546712655
mouse,85,177,1775546712660
mouse,83,175,1775546712667
mouse,80,175,1775546712674
mouse,79,174,1775546712681
mouse,76,173,1775546712688
mouse,75,173,1775546712695
mouse,73,172,1775546712702
mouse,72,171,1775546712709
mouse,71,171,1775546712716
mouse,69,170,1775546712723
mouse,68,170,1775546712730
mouse,65,169,1775546712737
mouse,64,168,1775546712744
mouse,63,167,1775546712751
mouse,61,167,1775546712758
mouse,60,166,1775546712765
mouse,58,165,1775546712772
mouse,56,165,1775546712779
mouse,56,164,1775546712786
mouse,54,163,1775546712792
mouse,53,163,1775546712799
mouse,52,162,1775546712806
mouse,52,161,1775546712814
mouse,51,161,1775546712822
mouse,51,160,1775546712828
mouse,49,159,1775546712834
mouse,49,158,1775546712843
mouse,48,158,1775546712864
mouse,48,157,1775546712869
mouse,48,156,1775546712880
mouse,48,155,1775546712883
mouse,48,154,1775546712911
mouse,47,154,1775546712953
mouse,46,154,1775546713134
mouse,45,154,1775546713161
mouse,45,153,1775546713169
mouse,44,153,1775546713189
mouse,43,153,1775546713242
mouse,43,152,1775546713262
mouse,42,152,1775546713265
mouse,41,152,1775546713290
mouse,40,152,1775546713299
mouse,40,153,1775546713549
mouse,40,154,1775546713571
mouse,38,0,1775546720723
mouse,38,1,1775546720727
mouse,39,2,1775546720731
mouse,40,5,1775546720738
mouse,41,7,1775546720745
mouse,42,10,1775546720752
mouse,44,12,1775546720759
mouse,45,14,1775546720765
mouse,46,17,1775546720772
mouse,48,19,1775546720779
mouse,49,22,1775546720786
mouse,50,25,1775546720793
mouse,52,27,1775546720799
mouse,53,30,1775546720807
mouse,54,32,1775546720814
mouse,56,34,1775546720821
mouse,56,36,1775546720827
mouse,58,38,1775546720834
mouse,60,39,1775546720842
mouse,60,41,1775546720848
mouse,62,44,1775546720856
mouse,63,45,1775546720862
mouse,64,47,1775546720869
mouse,66,49,1775546720876
mouse,68,51,1775546720883
mouse,70,53,1775546720890
mouse,71,55,1775546720897
mouse,72,57,1775546720904
mouse,74,58,1775546720911
mouse,76,60,1775546720918
mouse,77,62,1775546720925
mouse,78,63,1775546720932
mouse,80,65,1775546720938
mouse,80,66,1775546720945
mouse,82,68,1775546720953
mouse,84,70,1775546720959
mouse,85,71,1775546720969
mouse,85,73,1775546720973
mouse,88,74,1775546720980
mouse,90,76,1775546720987
mouse,92,78,1775546720994
mouse,96,80,1775546721001
mouse,99,82,1775546721008
mouse,102,84,1775546721015
mouse,105,86,1775546721022
mouse,108,88,1775546721029
mouse,112,89,1775546721035
mouse,113,91,1775546721042
mouse,116,92,1775546721049
mouse,117,94,1775546721056
mouse,119,95,1775546721063
mouse,121,96,1775546721070
mouse,123,97,1775546721077
mouse,124,99,1775546721084
mouse,126,100,1775546721091
mouse,128,101,1775546721098
mouse,130,102,1775546721105
mouse,132,103,1775546721112
mouse,136,105,1775546721119
mouse,138,107,1775546721126
mouse,140,109,1775546721133
mouse,144,110,1775546721140
mouse,147,111,1775546721147
mouse,149,113,1775546721154
mouse,152,114,1775546721161
mouse,156,117,1775546721169
mouse,158,117,1775546721175
mouse,159,118,1775546721183
mouse,164,120,1775546721192
mouse,166,122,1775546721197
mouse,168,123,1775546721203
mouse,172,125,1775546721209
mouse,174,126,1775546721216
mouse,177,127,1775546721223
mouse,180,129,1775546721230
mouse,183,130,1775546721237
mouse,186,132,1775546721245
mouse,189,134,1775546721251
mouse,192,135,1775546721258
mouse,196,137,1775546721265
mouse,200,138,1775546721272
mouse,206,141,1775546721279
mouse,209,142,1775546721285
mouse,215,144,1775546721292
mouse,218,145,1775546721299
mouse,223,146,1775546721306
mouse,227,148,1775546721313
mouse,231,149,1775546721320
mouse,235,150,1775546721327
mouse,238,151,1775546721334
mouse,242,152,1775546721341
mouse,246,154,1775546721348
mouse,250,154,1775546721355
mouse,254,156,1775546721362
mouse,258,157,1775546721369
mouse,262,158,1775546721376
mouse,266,160,1775546721383
mouse,270,160,1775546721390
mouse,273,161,1775546721397
mouse,277,162,1775546721404
mouse,281,163,1775546721412
mouse,284,164,1775546721417
mouse,287,165,1775546721424
mouse,291,166,1775546721431
mouse,295,166,1775546721439
mouse,297,168,1775546721445
mouse,301,169,1775546721452
mouse,305,170,1775546721459
mouse,309,171,1775546721466
mouse,313,171,1775546721473
mouse,317,173,1775546721480
mouse,322,174,1775546721487
mouse,326,174,1775546721495
mouse,330,175,1775546721501
mouse,334,176,1775546721508
mouse,337,178,1775546721515
mouse,340,178,1775546721522
mouse,343,178,1775546721529
mouse,345,179,1775546721536
mouse,348,179,1775546721543
mouse,351,179,1775546721550
mouse,352,180,1775546721556
mouse,354,180,1775546721563
mouse,356,180,1775546721571
mouse,358,180,1775546721577
mouse,360,180,1775546721585
mouse,361,180,1775546721591
mouse,364,180,1775546721598
mouse,365,180,1775546721605
mouse,367,180,1775546721612
mouse,368,180,1775546721619
mouse,370,180,1775546721627
mouse,372,180,1775546721633
mouse,372,179,1775546721640
mouse,373,179,1775546721647
mouse,374,178,1775546721654
mouse,375,178,1775546721663
mouse,376,177,1775546721671
mouse,376,176,1775546721680
mouse,376,175,1775546721684
mouse,376,174,1775546721702
mouse,376,173,1775546721709
mouse,376,172,1775546721718
mouse,376,171,1775546721724
mouse,376,170,1775546721731
mouse,375,169,1775546721738
mouse,375,167,1775546721744
mouse,373,167,1775546721751
mouse,372,166,1775546721758
mouse,371,165,1775546721765
mouse,369,164,1775546721772
mouse,367,163,1775546721779
mouse,365,162,1775546721786
mouse,363,161,1775546721792
mouse,361,161,1775546721800
mouse,359,160,1775546721807
mouse,358,159,1775546721813
mouse,357,158,1775546721820
mouse,355,158,1775546721827
mouse,355,157,1775546721834
mouse,353,157,1775546721841
mouse,352,155,1775546721848
mouse,350,155,1775546721855
mouse,349,154,1775546721862
mouse,348,153,1775546721869
mouse,345,153,1775546721876
mouse,344,152,1775546721883
mouse,343,151,1775546721890
mouse,341,151,1775546721897
mouse,340,151,1775546721907
mouse,340,150,1775546721912
mouse,339,150,1775546721921
mouse,338,150,1775546721927
mouse,337,150,1775546721932
mouse,336,149,1775546721939
mouse,333,147,1775546721945
mouse,330,146,1775546721952
mouse,327,145,1775546721959
mouse,322,143,1775546721966
mouse,317,142,1775546721973
mouse,312,140,1775546721980
mouse,307,138,1775546721987
mouse,301,136,1775546721995
mouse,296,134,1775546722001
mouse,291,132,1775546722008
mouse,285,130,1775546722015
mouse,280,127,1775546722022
mouse,276,126,1775546722029
mouse,270,123,1775546722036
mouse,268,122,1775546722042
mouse,265,121,1775546722049
mouse,262,119,1775546722056
mouse,260,118,1775546722063
mouse,257,118,1775546722071
mouse,256,117,1775546722077
mouse,256,116,1775546722084
mouse,254,114,1775546722091
mouse,252,114,1775546722098
mouse,248,112,1775546722105
mouse,245,110,1775546722112
mouse,242,109,1775546722119
mouse,239,106,1775546722126
mouse,235,106,1775546722133
mouse,232,104,1775546722140
mouse,230,102,1775546722147
mouse,228,100,1775546722153
mouse,226,99,1775546722161
mouse,224,98,1775546722169
mouse,223,96,1775546722174
mouse,221,94,1775546722181
mouse,220,94,1775546722189
mouse,220,92,1775546722195
mouse,218,90,1775546722202
mouse,217,90,1775546722209
mouse,216,88,1775546722216
mouse,214,86,1775546722223
mouse,213,86,1775546722230
mouse,212,84,1775546722238
mouse,210,84,1775546722244
mouse,209,82,1775546722251
mouse,208,82,1775546722272
mouse,208,81,1775546722344
mouse,207,81,1775546722348
mouse,206,81,1775546722355
mouse,206,80,1775546722362
mouse,205,79,1775546722369
mouse,204,78,1775546722376
mouse,203,78,1775546722385
mouse,202,78,1775546722390
mouse,201,77,1775546722397
mouse,200,76,1775546722404
mouse,199,75,1775546722411
mouse,198,74,1775546722418
mouse,197,74,1775546722424
mouse,196,74,1775546722432
mouse,196,74,1775546722508
mouse,195,74,1775546722515
mouse,194,74,1775546722522
mouse,193,74,1775546722531
mouse,192,74,1775546722538
mouse,192,74,1775546722543
mouse,191,74,1775546722551
mouse,190,74,1775546722556
mouse,189,74,1775546722563
mouse,188,74,1775546722571
mouse,186,74,1775546722577
mouse,184,74,1775546722584
mouse,182,74,1775546722591
mouse,179,74,1775546722598
mouse,176,73,1775546722606
mouse,174,73,1775546722612
mouse,171,73,1775546722619
mouse,168,73,1775546722627
mouse,165,72,1775546722633
mouse,162,71,1775546722640
mouse,160,71,1775546722647
mouse,158,70,1775546722654
mouse,156,70,1775546722661
mouse,153,70,1775546722668
mouse,150,69,1775546722676
mouse,148,69,1775546722681
mouse,146,69,1775546722689
mouse,144,68,1775546722695
mouse,142,67,1775546722702
mouse,140,67,1775546722709
mouse,136,66,1775546722716
mouse,134,66,1775546722723
mouse,131,66,1775546722730
mouse,128,66,1775546722737
mouse,124,66,1775546722744
mouse,122,65,1775546722751
mouse,119,65,1775546722758
mouse,115,65,1775546722765
mouse,113,64,1775546722772
mouse,110,64,1775546722779
mouse,107,62,1775546722786
mouse,104,62,1775546722793
mouse,102,62,1775546722799
mouse,100,62,1775546722806
mouse,98,62,1775546722813
mouse,95,62,1775546722820
mouse,93,62,1775546722827
mouse,91,61,1775546722834
mouse,89,61,1775546722841
mouse,88,61,1775546722848
mouse,86,61,1775546722855
mouse,85,61,1775546722862
mouse,84,61,1775546722869
mouse,83,61,1775546722878
mouse,81,61,1775546722883
mouse,80,61,1775546722893
mouse,80,61,1775546722898
mouse,79,61,1775546722904
mouse,78,61,1775546722925
mouse,77,61,1775546722931
mouse,76,61,1775546722944
mouse,76,61,1775546722966
mouse,75,61,1775546722974
mouse,74,61,1775546722994
mouse,73,61,1775546723006
mouse,72,61,1775546723036
mouse,72,61,1775546723129
click,72,61,1775546723147
mouse,72,61,1775546723155
mouse,71,61,1775546723163
mouse,72,61,1775546723244
mouse,73,61,1775546723259
mouse,74,61,1775546723265
mouse,76,61,1775546723273
mouse,78,61,1775546723279
mouse,80,61,1775546723286
mouse,83,61,1775546723293
mouse,86,61,1775546723299
mouse,88,61,1775546723306
mouse,92,61,1775546723313
mouse,98,62,1775546723320
mouse,103,62,1775546723327
mouse,109,62,1775546723334
mouse,115,63,1775546723341
mouse,123,64,1775546723348
mouse,131,65,1775546723355
mouse,140,66,1775546723362
mouse,149,67,1775546723369
mouse,158,68,1775546723376
mouse,167,70,1775546723383
mouse,178,70,1775546723390
mouse,188,72,1775546723397
mouse,199,74,1775546723404
mouse,211,74,1775546723410
mouse,220,77,1775546723417
mouse,233,79,1775546723424
mouse,244,80,1775546723431
mouse,257,82,1775546723438
mouse,271,85,1775546723445
mouse,284,87,1775546723452
mouse,298,90,1775546723459
mouse,312,93,1775546723466
mouse,328,95,1775546723473
mouse,342,98,1775546723480
mouse,356,102,1775546723487
mouse,369,104,1775546723494
mouse,382,106,1775546723501
mouse,393,108,1775546723508
mouse,404,110,1775546723515
mouse,416,111,1775546723522
mouse,425,112,1775546723529
mouse,434,114,1775546723535
mouse,444,114,1775546723542
mouse,453,116,1775546723549
mouse,463,118,1775546723556
mouse,472,118,1775546723563
mouse,479,118,1775546723570
mouse,487,120,1775546723577
mouse,494,121,1775546723584
mouse,500,121,1775546723591
mouse,504,122,1775546723598
mouse,508,122,1775546723605
mouse,512,122,1775546723612
mouse,514,122,1775546723619
mouse,516,122,1775546723626
mouse,519,122,1775546723633
mouse,520,122,1775546723640
mouse,521,122,1775546723650
mouse,522,122,1775546723659
click,522,122,1775546723795
mouse,523,122,1775546723824
mouse,524,122,1775546723827
mouse,525,122,1775546723839
mouse,526,122,1775546723842
mouse,527,122,1775546723848
mouse,528,122,1775546723855
mouse,531,122,1775546723863
mouse,533,122,1775546723869
mouse,536,122,1775546723877
mouse,540,122,1775546723884
mouse,542,122,1775546723890
mouse,546,122,1775546723897
mouse,551,121,1775546723904
mouse,555,121,1775546723910
mouse,559,120,1775546723917
mouse,564,120,1775546723924
mouse,568,119,1775546723931
mouse,572,118,1775546723938
mouse,578,118,1775546723945
mouse,584,116,1775546723952
mouse,588,116,1775546723959
mouse,592,114,1775546723966
mouse,596,113,1775546723973
mouse,598,112,1775546723980
mouse,600,110,1775546723988
mouse,602,110,1775546723994
mouse,603,110,1775546724001
mouse,604,109,1775546724008
mouse,604,108,1775546724015
mouse,604,107,1775546724044
mouse,604,106,1775546724066
mouse,603,106,1775546724114
mouse,602,106,1775546724122
mouse,601,106,1775546724126
mouse,600,106,1775546724133
mouse,599,106,1775546724140
mouse,596,107,1775546724147
mouse,595,107,1775546724154
mouse,591,109,1775546724162
mouse,588,109,1775546724167
mouse,585,110,1775546724175
mouse,582,112,1775546724183
mouse,580,113,1775546724188
mouse,577,114,1775546724195
mouse,574,116,1775546724203
mouse,572,118,1775546724209
mouse,569,119,1775546724216
mouse,567,122,1775546724223
mouse,564,124,1775546724230
mouse,563,126,1775546724237
mouse,560,128,1775546724244
mouse,559,130,1775546724251
mouse,558,132,1775546724258
mouse,556,134,1775546724265
mouse,554,136,1775546724272
mouse,553,138,1775546724279
mouse,552,141,1775546724286
mouse,550,143,1775546724293
mouse,548,145,1775546724299
mouse,548,148,1775546724306
mouse,546,150,1775546724313
mouse,544,153,1775546724320
mouse,543,156,1775546724327
mouse,542,158,1775546724334
mouse,540,161,1775546724341
mouse,539,163,1775546724348
mouse,538,166,1775546724355
mouse,536,168,1775546724362
mouse,536,170,1775546724369
mouse,535,171,1775546724377
mouse,534,172,1775546724383
mouse,534,173,1775546724390
mouse,533,173,1775546724397
mouse,533,174,1775546724411
mouse,532,174,1775546724426
mouse,532,175,1775546724459
mouse,532,176,1775546724473
mouse,530,178,1775546724516
mouse,530,179,1775546724522
mouse,530,180,1775546724536
mouse,530,181,1775546724543
mouse,530,182,1775546724549
mouse,530,184,1775546724564
mouse,530,185,1775546724571
mouse,530,186,1775546724578
mouse,530,187,1775546724584
mouse,530,189,1775546724591
mouse,530,190,1775546724598
mouse,530,192,1775546724605
mouse,530,194,1775546724612
mouse,530,196,1775546724619
mouse,530,198,1775546724626
mouse,530,202,1775546724633
mouse,530,203,1775546724640
mouse,530,205,1775546724647
mouse,530,206,1775546724654
mouse,530,208,1775546724661
mouse,530,210,1775546724668
mouse,530,211,1775546724674
mouse,530,212,1775546724681
mouse,530,214,1775546724688
mouse,530,215,1775546724702
mouse,530,216,1775546724716
mouse,530,218,1775546724723
mouse,530,220,1775546724730
mouse,530,223,1775546724737
mouse,530,225,1775546724744
mouse,530,227,1775546724751
mouse,530,229,1775546724758
mouse,529,230,1775546724765
mouse,528,231,1775546724779
mouse,528,233,1775546724786
mouse,528,234,1775546724792
mouse,528,235,1775546724799
mouse,528,238,1775546724827
mouse,528,240,1775546724855
mouse,528,242,1775546724863
mouse,528,243,1775546724869
mouse,528,245,1775546724876
mouse,528,246,1775546724883
mouse,529,248,1775546724890
mouse,531,250,1775546724897
mouse,532,252,1775546724904
mouse,534,254,1775546724911
mouse,537,257,1775546724918
mouse,540,260,1775546724924
mouse,544,262,1775546724931
mouse,546,265,1775546724938
mouse,551,268,1775546724946
mouse,556,272,1775546724952
mouse,561,276,1775546724959
mouse,568,279,1775546724966
mouse,575,282,1775546724973
mouse,583,287,1775546724980
mouse,592,291,1775546724987
mouse,600,295,1775546724994
mouse,609,298,1775546725001
mouse,618,302,1775546725008
mouse,627,305,1775546725015
mouse,636,307,1775546725022
mouse,644,310,1775546725029
mouse,652,312,1775546725036
mouse,659,314,1775546725043
mouse,665,316,1775546725049
mouse,672,317,1775546725056
mouse,677,318,1775546725063
mouse,681,319,1775546725070
mouse,687,320,1775546725077
mouse,692,320,1775546725084
mouse,696,320,1775546725091
mouse,700,321,1775546725098
mouse,704,321,1775546725105
mouse,707,322,1775546725112
mouse,710,322,1775546725119
mouse,712,322,1775546725126
mouse,715,322,1775546725133
mouse,716,322,1775546725140
mouse,717,322,1775546725147
mouse,718,322,1775546725154
mouse,719,322,1775546725161
mouse,720,322,1775546725168
mouse,720,321,1775546725216
mouse,722,320,1775546725244
mouse,723,320,1775546725251
mouse,724,319,1775546725258
mouse,726,318,1775546725272
mouse,727,318,1775546725279
mouse,728,316,1775546725287
mouse,731,315,1775546725292
mouse,732,314,1775546725300
mouse,735,313,1775546725307
mouse,736,311,1775546725314
mouse,740,310,1775546725320
mouse,741,307,1775546725327
mouse,744,306,1775546725334
mouse,744,305,1775546725341
mouse,746,303,1775546725348
mouse,748,302,1775546725355
mouse,750,299,1775546725362
mouse,752,298,1775546725369
mouse,753,295,1775546725376
mouse,754,294,1775546725383
mouse,756,291,1775546725390
mouse,758,288,1775546725397
mouse,760,286,1775546725404
mouse,762,283,1775546725410
mouse,764,281,1775546725418
mouse,764,278,1775546725424
mouse,766,276,1775546725431
mouse,768,274,1775546725438
mouse,768,270,1775546725445
mouse,770,268,1775546725452
mouse,772,266,1775546725459
mouse,772,262,1775546725466
mouse,773,260,1775546725473
mouse,775,257,1775546725480
mouse,776,254,1775546725488
mouse,777,250,1775546725494
mouse,778,246,1775546725502
mouse,780,244,1775546725508
mouse,780,240,1775546725515
mouse,781,236,1775546725523
mouse,782,233,1775546725529
mouse,784,230,1775546725536
mouse,784,226,1775546725544
mouse,784,223,1775546725549
mouse,785,220,1775546725558
mouse,785,218,1775546725563
mouse,785,215,1775546725570
mouse,785,213,1775546725577
mouse,785,210,1775546725584
mouse,785,207,1775546725592
mouse,785,205,1775546725598
mouse,786,203,1775546725605
mouse,786,202,1775546725612
mouse,786,200,1775546725619
mouse,786,197,1775546725626
mouse,785,196,1775546725633
mouse,784,194,1775546725640
mouse,783,193,1775546725654
mouse,783,192,1775546725668
mouse,782,192,1775546725744
mouse,780,192,1775546725758
mouse,778,192,1775546725770
mouse,776,192,1775546725779
mouse,775,192,1775546725786
mouse,772,194,1775546725793
mouse,771,194,1775546725799
mouse,768,194,1775546725806
mouse,767,195,1775546725810
mouse,764,195,1775546725820
mouse,760,196,1775546725827
mouse,756,198,1775546725834
mouse,752,199,1775546725841
mouse,750,199,1775546725848
mouse,746,201,1775546725855
mouse,741,202,1775546725862
mouse,740,203,1775546725865
mouse,730,206,1775546725876
mouse,724,208,1775546725883
mouse,717,212,1775546725890
mouse,709,217,1775546725897
mouse,701,221,1775546725904
mouse,693,226,1775546725911
mouse,685,232,1775546725918
mouse,676,237,1775546725924
mouse,667,242,1775546725931
mouse,660,246,1775546725938
mouse,651,251,1775546725945
mouse,644,257,1775546725952
mouse,635,262,1775546725959
mouse,627,267,1775546725966
mouse,619,272,1775546725973
mouse,611,279,1775546725980
mouse,602,284,1775546725987
mouse,594,290,1775546725994
mouse,587,294,1775546726001
mouse,580,299,1775546726008
mouse,572,303,1775546726015
mouse,565,307,1775546726022
mouse,558,311,1775546726029
mouse,549,315,1775546726036
mouse,540,322,1775546726043
mouse,531,326,1775546726050
mouse,524,330,1775546726056
mouse,520,331,1775546726061
mouse,508,337,1775546726070
mouse,500,341,1775546726077
mouse,493,343,1775546726084
mouse,491,344,1775546726086
mouse,480,348,1775546726098
mouse,476,350,1775546726105
mouse,471,350,1775546726112
mouse,467,350,1775546726119
mouse,463,351,1775546726127
mouse,459,351,1775546726134
mouse,457,351,1775546726140
mouse,456,352,1775546726143
mouse,452,352,1775546726154
mouse,450,352,1775546726161
mouse,448,352,1775546726168
mouse,446,352,1775546726175
mouse,444,352,1775546726181
mouse,442,352,1775546726188
mouse,439,352,1775546726195
mouse,436,352,1775546726202
mouse,432,350,1775546726209
mouse,428,350,1775546726216
mouse,422,350,1775546726223
mouse,416,349,1775546726230
mouse,410,348,1775546726237
mouse,404,346,1775546726244
mouse,399,346,1775546726251
mouse,394,345,1775546726258
mouse,390,344,1775546726265
mouse,386,343,1775546726272
mouse,384,342,1775546726279
mouse,381,342,1775546726286
mouse,380,342,1775546726293
mouse,379,342,1775546726299
mouse,377,342,1775546726306
mouse,376,341,1775546726313
mouse,374,341,1775546726320
mouse,372,340,1775546726327
mouse,371,340,1775546726334
mouse,369,339,1775546726341
mouse,368,339,1775546726343
mouse,364,338,1775546726356
mouse,362,338,1775546726362
mouse,360,337,1775546726369
mouse,357,336,1775546726376
mouse,354,336,1775546726383
mouse,352,335,1775546726390
mouse,349,334,1775546726397
mouse,346,333,1775546726404
mouse,343,332,1775546726410
mouse,341,331,1775546726415
mouse,338,330,1775546726425
mouse,335,329,1775546726432
mouse,332,328,1775546726438
mouse,330,326,1775546726445
mouse,328,326,1775546726452
mouse,326,324,1775546726460
mouse,324,322,1775546726466
mouse,320,321,1775546726475
mouse,316,318,1775546726483
mouse,315,317,1775546726488
mouse,312,314,1775546726495
mouse,310,312,1775546726508
mouse,307,308,1775546726515
mouse,304,304,1775546726522
mouse,301,301,1775546726529
mouse,298,297,1775546726536
mouse,295,291,1775546726543
mouse,292,284,1775546726550
mouse,288,278,1775546726557
mouse,284,270,1775546726563
mouse,280,263,1775546726570
mouse,276,255,1775546726577
mouse,273,249,1775546726585
mouse,268,238,1775546726592
mouse,265,233,1775546726598
mouse,261,226,1775546726605
mouse,257,218,1775546726612
mouse,254,211,1775546726619
mouse,250,204,1775546726626
mouse,247,198,1775546726633
mouse,244,191,1775546726640
mouse,240,185,1775546726647
mouse,236,178,1775546726654
mouse,234,173,1775546726661
mouse,231,166,1775546726668
mouse,228,161,1775546726674
mouse,227,157,1775546726682
mouse,223,150,1775546726689
mouse,219,143,1775546726696
mouse,216,139,1775546726702
mouse,212,134,1775546726709
mouse,207,128,1775546726716
mouse,202,123,1775546726723
mouse,201,122,1775546726726
mouse,192,115,1775546726737
mouse,188,112,1775546726744
mouse,184,108,1775546726751
mouse,182,106,1775546726758
mouse,179,104,1775546726765
mouse,178,102,1775546726767
mouse,174,99,1775546726779
mouse,172,97,1775546726786
mouse,169,95,1775546726793
mouse,167,93,1775546726801
mouse,165,91,1775546726806
mouse,164,90,1775546726813
mouse,162,88,1775546726820
mouse,160,86,1775546726827
mouse,157,84,1775546726842
mouse,156,82,1775546726848
mouse,155,81,1775546726862
mouse,153,80,1775546726869
mouse,153,79,1775546726876
mouse,152,78,1775546726884
mouse,151,78,1775546726890
mouse,151,77,1775546726897
mouse,150,76,1775546726904
mouse,149,75,1775546726918
mouse,149,74,1775546726925
mouse,148,74,1775546726932
mouse,148,73,1775546726939
mouse,147,72,1775546726960
mouse,147,71,1775546727127
mouse,146,71,1775546727332
mouse,145,71,1775546727334
mouse,144,71,1775546727341
mouse,140,71,1775546727348
mouse,137,70,1775546727355
mouse,135,70,1775546727362
mouse,131,70,1775546727369
mouse,127,69,1775546727376
mouse,124,69,1775546727383
mouse,120,69,1775546727390
mouse,116,68,1775546727397
mouse,112,68,1775546727404
mouse,108,67,1775546727411
mouse,104,67,1775546727418
mouse,102,67,1775546727425
mouse,99,67,1775546727432
mouse,96,66,1775546727438
mouse,94,66,1775546727445
mouse,92,66,1775546727452
mouse,88,65,1775546727459
mouse,85,65,1775546727466
mouse,84,65,1775546727473
mouse,80,65,1775546727480
mouse,77,64,1775546727487
mouse,76,64,1775546727494
mouse,73,63,1775546727501
mouse,72,63,1775546727508
mouse,71,63,1775546727515
mouse,69,63,1775546727522
mouse,68,63,1775546727533
mouse,68,63,1775546727538
mouse,67,63,1775546727560
mouse,66,63,1775546727565
mouse,65,63,1775546727572
mouse,64,63,1775546727582
mouse,64,63,1775546727588
mouse,63,63,1775546727597
mouse,62,63,1775546727602
mouse,61,63,1775546727606
mouse,60,63,1775546727626
click,60,63,1775546727734
mouse,60,63,1775546727738
mouse,61,63,1775546727876
mouse,63,63,1775546727883
mouse,65,62,1775546727890
mouse,67,62,1775546727897
mouse,71,62,1775546727905
mouse,75,62,1775546727911
mouse,81,62,1775546727918
mouse,86,62,1775546727925
mouse,93,62,1775546727932
mouse,99,62,1775546727938
mouse,106,62,1775546727945
mouse,114,62,1775546727952
mouse,121,62,1775546727959
mouse,128,62,1775546727966
mouse,136,62,1775546727973
mouse,141,62,1775546727980
mouse,148,62,1775546727987
mouse,155,62,1775546727994
mouse,163,62,1775546728002
mouse,168,62,1775546728008
mouse,177,62,1775546728015
mouse,183,62,1775546728022
mouse,191,62,1775546728029
mouse,198,62,1775546728035
mouse,206,63,1775546728042
mouse,214,64,1775546728049
mouse,221,64,1775546728056
mouse,228,64,1775546728063
mouse,233,65,1775546728070
mouse,239,65,1775546728077
mouse,243,65,1775546728084
mouse,248,65,1775546728091
mouse,251,65,1775546728098
mouse,254,65,1775546728105
mouse,256,66,1775546728112
mouse,259,66,1775546728119
mouse,260,66,1775546728126
mouse,263,66,1775546728133
mouse,265,66,1775546728140
mouse,268,66,1775546728147
mouse,269,67,1775546728154
mouse,272,67,1775546728161
mouse,273,67,1775546728168
mouse,276,68,1775546728175
mouse,277,68,1775546728182
mouse,280,69,1775546728189
mouse,282,69,1775546728195
mouse,283,69,1775546728202
mouse,284,69,1775546728209
mouse,284,70,1775546728216
mouse,285,70,1775546728223
mouse,286,70,1775546728230
mouse,288,70,1775546728237
mouse,288,71,1775546728245
mouse,290,71,1775546728251
mouse,291,71,1775546728261
mouse,292,71,1775546728265
mouse,293,71,1775546728276
mouse,294,71,1775546728280
mouse,294,72,1775546728286
mouse,295,72,1775546728297
mouse,295,73,1775546728495
mouse,294,73,1775546730690
mouse,292,73,1775546730697
mouse,290,73,1775546730702
mouse,287,72,1775546730709
mouse,284,72,1775546730716
mouse,278,73,1775546730723
mouse,272,74,1775546730730
mouse,263,76,1775546730737
mouse,253,77,1775546730744
mouse,244,77,1775546730751
mouse,234,77,1775546730758
mouse,224,77,1775546730765
mouse,216,78,1775546730772
mouse,210,78,1775546730779
mouse,204,79,1775546730786
mouse,200,80,1775546730793
mouse,196,80,1775546730800
mouse,194,81,1775546730806
mouse,192,82,1775546730813
mouse,190,82,1775546730820
mouse,188,82,1775546730827
mouse,187,82,1775546730834
mouse,186,82,1775546730843
mouse,186,83,1775546730848
mouse,185,83,1775546730855
mouse,185,84,1775546730862
mouse,184,84,1775546730883
mouse,184,85,1775546730890
mouse,184,86,1775546730897
mouse,183,88,1775546730918
mouse,183,89,1775546730925
mouse,182,90,1775546730932
mouse,181,91,1775546730939
mouse,181,93,1775546730945
mouse,180,94,1775546730953
mouse,179,95,1775546730960
mouse,179,96,1775546730966
mouse,178,97,1775546730973
mouse,177,98,1775546730980
mouse,177,99,1775546730987
mouse,176,102,1775546730994
mouse,176,103,1775546731001
mouse,176,105,1775546731008
mouse,176,106,1775546731015
mouse,176,108,1775546731022
mouse,176,110,1775546731029
mouse,175,111,1775546731036
mouse,175,112,1775546731043
mouse,175,114,1775546731049
mouse,175,115,1775546731071
click,175,115,1775546731337
mouse,176,115,1775546737782
mouse,180,115,1775546737793
mouse,184,115,1775546737801
mouse,187,116,1775546737807
mouse,188,117,1775546737815
mouse,189,117,1775546737821
mouse,189,118,1775546737842
mouse,189,119,1775546737870
mouse,190,120,1775546737876
mouse,191,121,1775546737884
mouse,192,122,1775546737890
mouse,193,122,1775546737897
mouse,196,123,1775546737904
mouse,198,125,1775546737911
mouse,200,126,1775546737918
mouse,204,127,1775546737925
mouse,206,128,1775546737932
mouse,208,130,1775546737938
mouse,212,131,1775546737945
mouse,214,131,1775546737952
mouse,218,134,1775546737959
mouse,220,134,1775546737966
mouse,222,136,1775546737973
mouse,224,137,1775546737980
mouse,226,138,1775546737987
mouse,228,138,1775546737994
mouse,229,138,1775546738091
mouse,230,138,1775546738114
mouse,231,138,1775546738124
mouse,232,138,1775546738128
mouse,233,138,1775546738147
mouse,234,138,1775546738154
mouse,236,137,1775546738161
mouse,236,136,1775546738172
mouse,237,136,1775546738175
mouse,238,136,1775546738185
mouse,239,136,1775546738193
mouse,240,136,1775546738202
mouse,240,135,1775546738217
mouse,241,135,1775546738225
mouse,241,134,1775546738231
mouse,242,134,1775546738237
mouse,243,134,1775546738245
mouse,244,134,1775546738251
mouse,244,133,1775546738259
mouse,245,133,1775546738265
mouse,245,132,1775546738274
mouse,246,132,1775546738279
mouse,247,132,1775546738286
mouse,248,132,1775546738293
mouse,249,132,1775546738306
mouse,249,131,1775546738321
mouse,250,131,1775546738330
mouse,251,130,1775546738352
mouse,252,130,1775546738360
mouse,253,130,1775546738381
mouse,255,130,1775546738397
mouse,255,129,1775546738404
mouse,256,129,1775546738412
mouse,256,128,1775546738419
mouse,257,127,1775546738439
mouse,257,126,1775546738447
mouse,258,126,1775546738474
mouse,258,125,1775546738485
mouse,258,124,1775546738492
mouse,258,123,1775546738513
mouse,258,122,1775546738519
mouse,257,122,1775546738544
mouse,256,121,1775546738550
mouse,256,120,1775546738557
mouse,255,120,1775546738568
mouse,254,120,1775546738571
mouse,254,119,1775546738579
mouse,253,119,1775546738585
mouse,252,118,1775546738592
mouse,251,118,1775546738602
mouse,250,118,1775546738606
mouse,249,118,1775546738614
mouse,248,118,1775546738619
mouse,246,118,1775546738640
mouse,246,117,1775546738647
mouse,245,117,1775546738654
mouse,244,117,1775546738661
mouse,243,117,1775546738670
mouse,242,117,1775546738675
mouse,241,117,1775546738687
mouse,240,117,1775546738695
mouse,240,116,1775546738711
click,240,116,1775546738871
mouse,239,116,1775546739125
mouse,238,116,1775546739133
mouse,237,116,1775546739141
mouse,236,116,1775546739148
click,236,116,1775546739336
click,236,116,1775546740688
mouse,237,116,1775546740719
mouse,238,116,1775546740724
mouse,240,116,1775546740730
mouse,240,117,1775546740737
mouse,241,118,1775546740744
mouse,244,118,1775546740751
mouse,245,118,1775546740758
mouse,248,119,1775546740765
mouse,249,119,1775546740772
mouse,250,119,1775546740779
mouse,254,121,1775546740786
mouse,257,122,1775546740793
mouse,260,123,1775546740800
mouse,265,126,1775546740807
mouse,271,128,1775546740813
mouse,276,130,1775546740820
mouse,282,134,1775546740827
mouse,288,137,1775546740834
mouse,292,138,1775546740841
mouse,297,142,1775546740848
mouse,302,144,1775546740855
mouse,308,147,1775546740862
mouse,312,150,1775546740869
mouse,318,153,1775546740876
mouse,324,156,1775546740883
mouse,329,158,1775546740890
mouse,336,163,1775546740897
mouse,340,166,1775546740904
mouse,346,169,1775546740911
mouse,352,172,1775546740918
mouse,358,175,1775546740925
mouse,363,178,1775546740932
mouse,368,182,1775546740938
mouse,373,184,1775546740945
mouse,379,187,1775546740952
mouse,384,190,1775546740959
mouse,388,193,1775546740966
mouse,392,195,1775546740973
mouse,397,198,1775546740980
mouse,401,201,1775546740987
mouse,406,204,1775546740994
mouse,409,207,1775546741001
mouse,413,210,1775546741008
mouse,416,213,1775546741015
mouse,420,215,1775546741022
mouse,423,218,1775546741029
mouse,425,220,1775546741036
mouse,428,223,1775546741043
mouse,430,225,1775546741050
mouse,432,227,1775546741057
mouse,435,229,1775546741064
mouse,437,231,1775546741070
mouse,439,233,1775546741077
mouse,440,235,1775546741084
mouse,443,237,1775546741091
mouse,445,239,1775546741098
mouse,448,242,1775546741105
mouse,450,245,1775546741112
mouse,452,247,1775546741119
mouse,454,250,1775546741126
mouse,456,252,1775546741133
mouse,459,254,1775546741140
mouse,461,258,1775546741147
mouse,464,260,1775546741154
mouse,466,262,1775546741161
mouse,469,265,1775546741168
mouse,472,268,1775546741175
mouse,476,272,1775546741182
mouse,480,275,1775546741189
mouse,485,280,1775546741195
mouse,492,286,1775546741202
mouse,497,290,1775546741209
mouse,504,294,1775546741216
mouse,511,299,1775546741223
mouse,519,305,1775546741230
mouse,527,310,1775546741237
mouse,535,315,1775546741244
mouse,542,319,1775546741251
mouse,550,323,1775546741258
mouse,556,327,1775546741265
mouse,564,330,1775546741272
mouse,570,333,1775546741279
mouse,577,336,1775546741286
mouse,584,338,1775546741293
mouse,592,341,1775546741300
mouse,599,343,1775546741307
mouse,608,346,1775546741314
mouse,616,348,1775546741320
mouse,623,350,1775546741328
mouse,629,351,1775546741334
mouse,637,352,1775546741341
mouse,642,353,1775546741348
mouse,648,354,1775546741355
mouse,653,354,1775546741362
mouse,657,355,1775546741369
mouse,661,356,1775546741376
mouse,664,357,1775546741383
mouse,666,357,1775546741390
mouse,668,357,1775546741397
mouse,670,357,1775546741405
mouse,671,358,1775546741411
mouse,672,358,1775546741418
mouse,672,358,1775546741516
mouse,673,358,1775546741523
mouse,674,358,1775546741529
mouse,675,358,1775546741533
click,675,358,1775546741533
mouse,676,358,1775546741537
mouse,677,358,1775546741543
mouse,679,358,1775546741550
mouse,682,358,1775546741557
mouse,685,358,1775546741564
mouse,687,358,1775546741571
mouse,691,357,1775546741577
mouse,695,356,1775546741584
mouse,700,355,1775546741591
mouse,705,354,1775546741598
mouse,711,351,1775546741605
mouse,716,349,1775546741613
mouse,723,346,1775546741619
mouse,728,344,1775546741626
mouse,734,339,1775546741633
mouse,738,335,1775546741640
mouse,743,330,1775546741647
mouse,747,325,1775546741654
mouse,750,321,1775546741661
mouse,753,316,1775546741668
mouse,756,312,1775546741675
mouse,758,308,1775546741682
mouse,760,303,1775546741689
mouse,761,300,1775546741695
mouse,763,297,1775546741702
mouse,764,293,1775546741709
mouse,765,289,1775546741716
mouse,766,285,1775546741723
mouse,768,280,1775546741730
mouse,769,275,1775546741737
mouse,770,271,1775546741744
mouse,771,266,1775546741751
mouse,772,262,1775546741758
mouse,772,258,1775546741765
mouse,772,254,1775546741772
mouse,772,252,1775546741779
mouse,772,249,1775546741786
mouse,772,246,1775546741793
mouse,773,245,1775546741800
mouse,773,242,1775546741807
mouse,773,240,1775546741813
mouse,774,237,1775546741820
mouse,774,235,1775546741827
mouse,774,233,1775546741834
mouse,774,231,1775546741841
mouse,775,229,1775546741848
mouse,775,227,1775546741855
mouse,775,225,1775546741862
mouse,775,222,1775546741869
mouse,775,220,1775546741876
mouse,775,218,1775546741883
mouse,775,216,1775546741890
mouse,775,214,1775546741897
mouse,774,211,1775546741904
mouse,773,209,1775546741911
mouse,771,206,1775546741918
mouse,769,203,1775546741925
mouse,768,201,1775546741932
mouse,765,198,1775546741939
mouse,763,194,1775546741945
mouse,759,191,1775546741952
mouse,755,189,1775546741959
mouse,751,185,1775546741966
mouse,745,182,1775546741973
mouse,737,177,1775546741980
mouse,728,172,1775546741987
mouse,718,167,1775546741994
mouse,708,163,1775546742001
mouse,698,160,1775546742008
mouse,688,157,1775546742015
mouse,676,153,1775546742022
mouse,662,148,1775546742029
mouse,648,144,1775546742036
mouse,632,139,1775546742043
mouse,615,134,1775546742050
mouse,596,130,1775546742057
mouse,576,125,1775546742064
mouse,554,120,1775546742070
mouse,528,115,1775546742077
mouse,498,110,1775546742084
mouse,470,105,1775546742091
mouse,434,98,1775546742098
mouse,395,91,1775546742105
mouse,354,82,1775546742112
mouse,311,74,1775546742119
mouse,262,66,1775546742128
mouse,216,58,1775546742134
mouse,189,53,1775546742140
mouse,153,46,1775546742147
mouse,128,42,1775546742154
mouse,112,41,1775546742161
mouse,85,38,1775546742169
mouse,74,36,1775546742175
mouse,64,35,1775546742182
mouse,56,34,1775546742189
mouse,52,34,1775546742195
mouse,50,34,1775546742202
mouse,49,34,1775546742209
mouse,48,34,1775546742283
mouse,47,34,1775546742300
mouse,46,34,1775546742307
mouse,44,34,1775546742314
mouse,43,34,1775546742322
mouse,42,34,1775546742328
mouse,41,34,1775546742335
mouse,40,34,1775546742342
mouse,39,34,1775546742351
mouse,38,34,1775546742355
mouse,37,34,1775546742363
mouse,36,34,1775546742369
mouse,34,34,1775546742376
mouse,32,34,1775546742384
mouse,31,34,1775546742390
mouse,29,34,1775546742397
mouse,28,34,1775546742404
mouse,27,34,1775546742426
mouse,28,34,1775546742494
mouse,28,35,1775546742501
mouse,28,37,1775546742508
mouse,29,37,1775546742515
mouse,29,38,1775546742522
mouse,30,38,1775546742529
mouse,32,41,1775546742536
mouse,32,42,1775546742544
mouse,32,43,1775546742556
mouse,32,44,1775546742562
mouse,32,45,1775546742568
mouse,33,45,1775546742574
mouse,33,46,1775546742591
mouse,33,47,1775546742605
mouse,33,48,1775546742609
mouse,33,49,1775546742615
mouse,33,50,1775546742619
mouse,34,53,1775546742626
mouse,36,54,1775546742633
mouse,36,58,1775546742641
mouse,37,61,1775546742647
mouse,40,63,1775546742654
mouse,40,66,1775546742661
mouse,40,69,1775546742668
mouse,41,70,1775546742675
mouse,41,71,1775546742682
mouse,41,73,1775546742689
mouse,41,74,1775546742696
mouse,41,77,1775546742703
mouse,40,78,1775546742710
mouse,40,82,1775546742717
mouse,39,85,1775546742723
mouse,38,89,1775546742730
mouse,36,94,1775546742737
mouse,34,100,1775546742744
mouse,31,105,1775546742751
mouse,28,110,1775546742758
mouse,25,114,1775546742765
mouse,24,118,1775546742772
mouse,23,119,1775546742779
mouse,22,122,1775546742786
mouse,22,123,1775546742807
mouse,22,124,1775546742815
mouse,23,125,1775546742822
mouse,24,126,1775546742827
mouse,26,127,1775546742834
mouse,28,129,1775546742842
mouse,31,130,1775546742848
mouse,34,131,1775546742855
mouse,37,134,1775546742862
mouse,40,135,1775546742869
mouse,44,136,1775546742876
mouse,48,138,1775546742883
mouse,52,139,1775546742891
mouse,56,141,1775546742897
mouse,60,142,1775546742904
mouse,65,144,1775546742911
mouse,69,146,1775546742918
mouse,72,148,1775546742925
mouse,76,148,1775546742931
mouse,77,150,1775546742939
mouse,80,150,1775546742946
mouse,81,151,1775546742952
mouse,81,152,1775546742979
mouse,82,152,1775546742983
mouse,83,152,1775546742989
mouse,83,153,1775546742994
mouse,84,154,1775546743001
mouse,85,155,1775546743008
mouse,88,156,1775546743015
mouse,89,158,1775546743022
mouse,91,158,1775546743029
mouse,93,160,1775546743036
mouse,95,160,1775546743043
mouse,96,161,1775546743050
mouse,97,162,1775546743057
mouse,96,162,1775546743226
mouse,94,162,1775546743244
mouse,92,162,1775546743252
mouse,91,162,1775546743258
mouse,88,162,1775546743266
mouse,88,163,1775546743272
mouse,86,163,1775546743279
mouse,85,163,1775546743286
mouse,84,163,1775546743294
mouse,83,163,1775546743307
mouse,83,164,1775546743309
mouse,82,164,1775546743315
mouse,81,164,1775546743321
mouse,80,164,1775546743328
mouse,78,164,1775546743334
mouse,76,164,1775546743342
mouse,75,164,1775546743348
mouse,73,164,1775546743355
mouse,71,164,1775546743362
mouse,68,164,1775546743370
mouse,67,164,1775546743376
mouse,65,164,1775546743383
mouse,64,164,1775546743390
mouse,62,164,1775546743397
mouse,61,164,1775546743405
mouse,60,164,1775546743411
mouse,59,164,1775546743440
mouse,58,164,1775546743460
mouse,56,164,1775546743481
mouse,56,165,1775546743490
mouse,55,165,1775546743495
mouse,54,165,1775546743501
mouse,52,165,1775546743508
mouse,51,165,1775546743522
mouse,50,165,1775546743544
mouse,49,165,1775546743584
mouse,48,165,1775546743596
mouse,47,165,1775546743631
mouse,46,165,1775546743648
mouse,45,165,1775546743658
mouse,44,165,1775546743667
mouse,43,165,1775546743690
mouse,42,165,1775546743713
mouse,41,165,1775546743719
mouse,40,165,1775546743737
mouse,40,164,1775546743749
mouse,39,163,1775546743783
mouse,39,162,1775546743804
mouse,38,162,1775546743821
mouse,37,162,1775546743829
mouse,36,162,1775546743836
mouse,60,0,1775546910649
mouse,62,3,1775546910656
mouse,66,8,1775546910662
mouse,69,13,1775546910669
mouse,72,18,1775546910676
mouse,76,22,1775546910683
mouse,79,27,1775546910690
mouse,82,32,1775546910697
mouse,86,36,1775546910704
mouse,89,40,1775546910711
mouse,92,44,1775546910718
mouse,95,48,1775546910725
mouse,98,52,1775546910733
mouse,100,54,1775546910739
mouse,104,59,1775546910746
mouse,107,62,1775546910753
mouse,109,65,1775546910760
mouse,111,66,1775546910767
mouse,112,69,1775546910774
mouse,115,70,1775546910781
mouse,117,73,1775546910788
mouse,119,74,1775546910794
mouse,120,77,1775546910801
mouse,121,78,1775546910808
mouse,123,80,1775546910815
mouse,124,81,1775546910822
mouse,125,82,1775546910829
mouse,126,84,1775546910836
mouse,128,86,1775546910844
mouse,129,87,1775546910853
mouse,129,88,1775546910857
mouse,131,90,1775546910864
mouse,132,91,1775546910871
mouse,133,92,1775546910878
mouse,134,94,1775546910885
mouse,135,94,1775546910892
mouse,136,95,1775546910899
mouse,136,96,1775546910905
mouse,137,96,1775546911047
mouse,137,95,1775546911053
mouse,137,94,1775546911060
mouse,137,93,1775546911070
mouse,138,93,1775546911073
mouse,139,92,1775546911079
mouse,140,90,1775546911086
mouse,140,89,1775546911101
mouse,141,88,1775546911107
mouse,141,87,1775546911114
mouse,141,86,1775546911121
mouse,142,86,1775546911128
mouse,143,85,1775546911135
mouse,143,84,1775546911142
mouse,144,82,1775546911149
mouse,144,81,1775546911158
mouse,144,80,1775546911162
mouse,145,78,1775546911169
mouse,146,78,1775546911176
mouse,146,77,1775546911183
mouse,147,76,1775546911190
mouse,147,75,1775546911197
mouse,147,74,1775546911209
mouse,148,74,1775546911460
mouse,149,74,1775546911476
mouse,150,74,1775546911483
mouse,151,74,1775546911490
mouse,154,76,1775546911497
mouse,156,77,1775546911503
mouse,159,78,1775546911510
mouse,163,79,1775546911517
mouse,168,80,1775546911524
mouse,175,82,1775546911530
mouse,184,85,1775546911537
mouse,196,87,1775546911544
mouse,210,90,1775546911552
mouse,221,94,1775546911558
mouse,234,94,1775546911565
mouse,248,98,1775546911572
mouse,259,99,1775546911579
mouse,268,101,1775546911586
mouse,279,102,1775546911593
mouse,288,104,1775546911600
mouse,294,105,1775546911607
mouse,301,106,1775546911614
mouse,308,108,1775546911621
mouse,313,110,1775546911628
mouse,319,112,1775546911635
mouse,324,114,1775546911642
mouse,329,115,1775546911649
mouse,334,117,1775546911655
mouse,338,118,1775546911662
mouse,344,120,1775546911669
mouse,349,122,1775546911676
mouse,356,125,1775546911683
mouse,363,127,1775546911690
mouse,371,130,1775546911697
mouse,380,134,1775546911704
mouse,390,138,1775546911711
mouse,401,142,1775546911718
mouse,413,146,1775546911725
mouse,426,150,1775546911732
mouse,440,154,1775546911739
mouse,450,158,1775546911746
mouse,463,160,1775546911753
mouse,473,162,1775546911760
mouse,484,165,1775546911767
mouse,495,166,1775546911774
mouse,504,168,1775546911781
mouse,513,170,1775546911787
mouse,524,170,1775546911794
mouse,532,170,1775546911801
mouse,540,170,1775546911808
mouse,548,170,1775546911815
mouse,556,170,1775546911822
mouse,562,170,1775546911829
mouse,568,170,1775546911836
mouse,575,169,1775546911843
mouse,580,167,1775546911850
mouse,584,166,1775546911857
mouse,588,165,1775546911864
mouse,591,163,1775546911871
mouse,591,162,1775546911878
mouse,592,162,1775546911885
click,592,162,1775546911996
mouse,591,162,1775546912132
mouse,590,162,1775546912135
mouse,588,162,1775546912142
mouse,587,163,1775546912149
mouse,585,164,1775546912156
mouse,582,164,1775546912163
mouse,579,166,1775546912169
mouse,576,166,1775546912176
mouse,571,168,1775546912183
mouse,565,169,1775546912190
mouse,560,171,1775546912197
mouse,553,173,1775546912204
mouse,544,175,1775546912211
mouse,534,178,1775546912218
mouse,524,181,1775546912225
mouse,515,184,1775546912232
mouse,504,188,1775546912239
mouse,496,190,1775546912246
mouse,487,195,1775546912253
mouse,480,198,1775546912260
mouse,472,200,1775546912267
mouse,467,203,1775546912273
mouse,462,206,1775546912280
mouse,456,208,1775546912287
mouse,452,211,1775546912294
mouse,447,214,1775546912301
mouse,443,217,1775546912308
mouse,438,221,1775546912316
mouse,435,223,1775546912322
mouse,432,227,1775546912329
mouse,428,232,1775546912336
mouse,423,236,1775546912343
mouse,420,240,1775546912350
mouse,417,244,1775546912357
mouse,414,248,1775546912364
mouse,412,252,1775546912371
mouse,411,254,1775546912378
mouse,409,257,1775546912385
mouse,408,259,1775546912392
mouse,407,262,1775546912399
mouse,405,265,1775546912406
mouse,404,266,1775546912412
mouse,403,269,1775546912419
mouse,402,270,1775546912426
mouse,401,274,1775546912433
mouse,400,277,1775546912440
mouse,399,279,1775546912447
mouse,398,283,1775546912455
mouse,397,286,1775546912461
mouse,396,290,1775546912468
mouse,396,294,1775546912475
mouse,396,295,1775546912482
mouse,395,298,1775546912490
mouse,395,300,1775546912496
mouse,394,302,1775546912504
mouse,394,303,1775546912510
mouse,393,305,1775546912517
mouse,393,307,1775546912524
mouse,392,309,1775546912531
mouse,392,310,1775546912538
mouse,392,312,1775546912544
mouse,391,314,1775546912551
mouse,391,316,1775546912558
mouse,392,318,1775546912565
mouse,392,320,1775546912572
mouse,394,322,1775546912579
mouse,396,323,1775546912587
mouse,397,323,1775546912593
mouse,398,326,1775546912600
mouse,400,326,1775546912607
mouse,400,327,1775546912614
mouse,402,327,1775546912621
mouse,403,329,1775546912628
mouse,404,330,1775546912635
mouse,404,331,1775546912644
mouse,405,331,1775546912649
mouse,406,332,1775546912656
mouse,406,334,1775546912663
mouse,407,334,1775546912670
mouse,408,335,1775546912677
mouse,408,337,1775546912684
mouse,409,338,1775546912690
mouse,410,339,1775546912697
mouse,412,340,1775546912704
mouse,413,342,1775546912711
mouse,415,343,1775546912718
mouse,417,344,1775546912725
mouse,420,346,1775546912732
mouse,423,347,1775546912739
mouse,427,349,1775546912746
mouse,431,351,1775546912753
mouse,437,354,1775546912760
mouse,444,355,1775546912767
mouse,452,358,1775546912774
mouse,459,361,1775546912781
mouse,467,363,1775546912788
mouse,475,366,1775546912795
mouse,483,368,1775546912801
mouse,491,370,1775546912808
mouse,500,374,1775546912815
mouse,507,376,1775546912822
mouse,514,378,1775546912829
mouse,521,380,1775546912836
mouse,528,382,1775546912843
mouse,534,384,1775546912850
mouse,540,386,1775546912857
mouse,544,386,1775546912864
mouse,549,387,1775546912871
mouse,552,388,1775546912878
mouse,554,388,1775546912885
mouse,555,388,1775546912892
mouse,556,388,1775546912899
mouse,558,388,1775546912919
mouse,559,388,1775546912926
mouse,560,388,1775546912933
mouse,562,387,1775546912940
mouse,564,387,1775546912947
mouse,568,387,1775546912954
mouse,573,387,1775546912961
mouse,580,387,1775546912968
mouse,588,387,1775546912975
mouse,596,387,1775546912982
mouse,604,387,1775546912989
mouse,614,387,1775546912996
mouse,623,386,1775546913003
mouse,634,386,1775546913010
mouse,645,386,1775546913017
mouse,658,384,1775546913024
mouse,669,382,1775546913031
mouse,682,380,1775546913038
mouse,694,378,1775546913044
mouse,708,376,1775546913051
mouse,721,374,1775546913058
mouse,735,373,1775546913065
mouse,748,371,1775546913072
mouse,762,369,1775546913079
mouse,775,367,1775546913086
mouse,788,366,1775546913093
mouse,801,364,1775546913100
mouse,813,362,1775546913107
mouse,824,361,1775546913114
mouse,832,360,1775546913121
mouse,842,359,1775546913128
mouse,851,358,1775546913135
mouse,858,358,1775546913142
mouse,864,358,1775546913149
mouse,871,358,1775546913156
mouse,877,357,1775546913163
mouse,884,357,1775546913171
mouse,888,357,1775546913176
mouse,895,357,1775546913183
mouse,900,357,1775546913190
mouse,906,357,1775546913197
mouse,912,357,1775546913204
mouse,916,358,1775546913211
mouse,921,358,1775546913218
mouse,925,358,1775546913225
mouse,930,358,1775546913233
mouse,934,359,1775546913239
mouse,939,359,1775546913246
mouse,942,359,1775546913253
mouse,945,360,1775546913260
mouse,948,360,1775546913267
mouse,952,360,1775546913274
mouse,955,360,1775546913280
mouse,957,360,1775546913287
mouse,959,360,1775546913294
mouse,960,360,1775546913301
mouse,962,360,1775546913308
mouse,964,360,1775546913315
mouse,964,361,1775546913322
mouse,965,361,1775546913329
mouse,966,361,1775546913336
click,966,361,1775546913468
mouse,966,362,1775546913491
mouse,965,362,1775546913497
mouse,964,362,1775546913504
mouse,964,363,1775546913510
mouse,962,364,1775546913517
mouse,960,364,1775546913524
mouse,958,366,1775546913531
mouse,956,366,1775546913537
mouse,954,368,1775546913544
mouse,952,368,1775546913552
mouse,950,370,1775546913558
mouse,948,371,1775546913565
mouse,946,372,1775546913572
mouse,943,374,1775546913579
mouse,940,374,1775546913586
mouse,938,376,1775546913593
mouse,936,377,1775546913600
mouse,932,379,1775546913607
mouse,928,380,1775546913614
mouse,924,382,1775546913621
mouse,920,385,1775546913628
mouse,915,387,1775546913635
mouse,909,390,1775546913642
mouse,903,392,1775546913649
mouse,896,395,1775546913656
mouse,888,398,1775546913662
mouse,881,401,1775546913669
mouse,872,403,1775546913676
mouse,864,406,1775546913683
mouse,856,409,1775546913690
mouse,850,411,1775546913697
mouse,843,412,1775546913704
mouse,836,414,1775546913711
mouse,832,415,1775546913718
mouse,826,417,1775546913725
mouse,821,418,1775546913732
mouse,818,418,1775546913739
mouse,815,420,1775546913746
mouse,812,420,1775546913753
mouse,808,421,1775546913760
mouse,804,422,1775546913768
mouse,800,422,1775546913774
mouse,797,424,1775546913780
mouse,792,425,1775546913787
mouse,788,426,1775546913794
mouse,784,426,1775546913801
mouse,779,428,1775546913808
mouse,774,429,1775546913815
mouse,768,430,1775546913822
mouse,762,431,1775546913829
mouse,756,433,1775546913836
mouse,749,434,1775546913843
mouse,744,436,1775546913850
mouse,738,436,1775546913857
mouse,732,437,1775546913864
mouse,727,438,1775546913871
mouse,724,438,1775546913878
mouse,720,438,1775546913885
mouse,717,439,1775546913892
mouse,715,440,1775546913899
mouse,712,440,1775546913906
mouse,710,440,1775546913913
mouse,709,441,1775546913919
mouse,708,441,1775546913926
mouse,706,441,1775546913933
mouse,705,441,1775546913941
mouse,704,441,1775546913947
mouse,702,441,1775546913954
mouse,700,441,1775546913961
mouse,699,441,1775546913969
mouse,697,441,1775546913976
mouse,696,441,1775546913982
mouse,695,441,1775546913990
mouse,693,440,1775546913996
mouse,692,439,1775546914003
mouse,691,439,1775546914010
mouse,689,438,1775546914017
mouse,688,438,1775546914024
mouse,688,437,1775546914032
mouse,686,436,1775546914038
mouse,685,435,1775546914044
mouse,684,434,1775546914051
mouse,682,432,1775546914058
mouse,680,430,1775546914065
mouse,676,427,1775546914073
mouse,674,425,1775546914079
mouse,672,422,1775546914086
mouse,670,420,1775546914093
mouse,667,418,1775546914100
mouse,665,416,1775546914107
mouse,662,414,1775546914114
mouse,660,411,1775546914121
mouse,658,409,1775546914128
mouse,656,406,1775546914135
mouse,654,404,1775546914142
mouse,652,401,1775546914149
mouse,649,398,1775546914156
mouse,647,396,1775546914162
mouse,644,393,1775546914169
mouse,641,390,1775546914176
mouse,639,386,1775546914183
mouse,636,383,1775546914191
mouse,634,382,1775546914197
mouse,632,378,1775546914204
mouse,631,377,1775546914211
mouse,629,375,1775546914218
mouse,628,374,1775546914225
mouse,627,372,1775546914232
mouse,626,370,1775546914239
mouse,624,370,1775546914246
mouse,623,368,1775546914254
mouse,622,366,1775546914260
mouse,621,365,1775546914267
mouse,620,363,1775546914274
mouse,620,362,1775546914280
mouse,618,360,1775546914287
mouse,617,358,1775546914294
mouse,616,356,1775546914301
mouse,616,354,1775546914308
mouse,614,352,1775546914316
mouse,613,350,1775546914322
mouse,612,350,1775546914329
mouse,612,348,1775546914336
mouse,612,346,1775546914343
mouse,612,345,1775546914350
mouse,611,344,1775546914357
mouse,611,342,1775546914365
mouse,610,341,1775546914371
mouse,610,339,1775546914378
mouse,610,338,1775546914385
mouse,610,336,1775546914392
mouse,610,334,1775546914399
mouse,610,333,1775546914406
mouse,610,331,1775546914413
mouse,610,329,1775546914419
mouse,610,326,1775546914426
mouse,610,325,1775546914434
mouse,610,322,1775546914440
mouse,610,320,1775546914447
mouse,610,318,1775546914454
mouse,610,315,1775546914461
mouse,610,313,1775546914468
mouse,610,310,1775546914475
mouse,610,306,1775546914482
mouse,610,305,1775546914489
mouse,610,302,1775546914496
mouse,609,300,1775546914503
mouse,609,298,1775546914510
mouse,608,297,1775546914517
mouse,608,294,1775546914524
mouse,607,291,1775546914531
mouse,604,287,1775546914537
mouse,602,282,1775546914544
mouse,598,277,1775546914551
mouse,594,270,1775546914558
mouse,589,262,1775546914565
mouse,584,255,1775546914572
mouse,579,250,1775546914580
mouse,576,246,1775546914586
mouse,571,241,1775546914594
mouse,567,238,1775546914600
mouse,563,234,1775546914607
mouse,560,232,1775546914614
mouse,555,229,1775546914621
mouse,552,227,1775546914628
mouse,546,224,1775546914635
mouse,540,222,1775546914642
mouse,535,218,1775546914649
mouse,528,215,1775546914656
mouse,520,212,1775546914662
mouse,511,208,1775546914669
mouse,500,204,1775546914676
mouse,489,200,1775546914683
mouse,478,196,1775546914690
mouse,469,194,1775546914697
mouse,460,191,1775546914704
mouse,452,190,1775546914711
mouse,444,189,1775546914718
mouse,437,187,1775546914725
mouse,431,186,1775546914732
mouse,425,185,1775546914739
mouse,420,183,1775546914746
mouse,417,183,1775546914753
mouse,414,183,1775546914760
mouse,412,182,1775546914767
mouse,409,182,1775546914774
mouse,408,181,1775546914781
mouse,407,181,1775546914791
click,407,181,1775546914911
mouse,406,181,1775546914949
mouse,404,181,1775546914955
mouse,404,180,1775546914961
mouse,401,179,1775546914968
mouse,400,179,1775546914975
mouse,397,178,1775546914982
mouse,395,177,1775546914989
mouse,392,176,1775546914997
mouse,390,175,1775546915003
mouse,386,174,1775546915010
mouse,383,173,1775546915017
mouse,379,171,1775546915024
mouse,374,169,1775546915030
mouse,369,167,1775546915037
mouse,364,165,1775546915045
mouse,356,162,1775546915052
mouse,352,161,1775546915058
mouse,344,158,1775546915066
mouse,338,155,1775546915072
mouse,332,153,1775546915079
mouse,326,151,1775546915086
mouse,319,148,1775546915093
mouse,312,146,1775546915100
mouse,304,143,1775546915107
mouse,299,141,1775546915114
mouse,291,138,1775546915121
mouse,284,135,1775546915128
mouse,279,133,1775546915135
mouse,271,130,1775546915142
mouse,264,127,1775546915149
mouse,259,125,1775546915156
mouse,253,122,1775546915162
mouse,248,120,1775546915169
mouse,243,118,1775546915176
mouse,240,116,1775546915183
mouse,235,114,1775546915190
mouse,232,113,1775546915197
mouse,228,110,1775546915205
mouse,226,109,1775546915212
mouse,224,107,1775546915218
mouse,221,106,1775546915225
mouse,220,105,1775546915232
mouse,217,103,1775546915239
mouse,215,102,1775546915246
mouse,212,101,1775546915253
mouse,210,99,1775546915260
mouse,208,98,1775546915267
mouse,205,97,1775546915274
mouse,203,95,1775546915281
mouse,201,94,1775546915288
mouse,199,93,1775546915295
mouse,197,92,1775546915301
mouse,196,90,1775546915308
mouse,194,90,1775546915316
mouse,192,89,1775546915322
mouse,191,88,1775546915329
mouse,189,87,1775546915336
mouse,188,86,1775546915343
mouse,187,85,1775546915350
mouse,185,83,1775546915357
mouse,184,83,1775546915364
mouse,182,82,1775546915371
mouse,181,81,1775546915378
mouse,180,80,1775546915385
mouse,179,79,1775546915392
mouse,177,79,1775546915399
mouse,176,78,1775546915406
mouse,176,77,1775546915413
mouse,175,77,1775546915420
mouse,174,76,1775546915427
mouse,173,76,1775546915433
mouse,173,75,1775546915440
mouse,172,75,1775546915447
mouse,172,74,1775546915457
mouse,171,74,1775546915476
mouse,170,73,1775546915483
mouse,169,73,1775546915489
mouse,168,73,1775546915510
mouse,168,72,1775546915517
click,168,72,1775546916039
mouse,167,72,1775546916253
mouse,166,72,1775546916260
mouse,165,72,1775546916269
mouse,164,72,1775546916293
mouse,163,72,1775546916319
mouse,163,73,1775546916326
mouse,162,73,1775546916329
mouse,162,74,1775546916338
mouse,161,74,1775546916343
mouse,160,74,1775546916356
mouse,159,74,1775546916374
mouse,158,75,1775546916378
mouse,157,76,1775546916385
mouse,156,76,1775546916395
mouse,156,77,1775546916400
mouse,156,78,1775546916406
mouse,154,78,1775546916413
mouse,153,78,1775546916420
mouse,152,79,1775546916427
mouse,151,80,1775546916435
mouse,150,81,1775546916440
mouse,149,82,1775546916447
mouse,148,82,1775546916454
mouse,147,83,1775546916461
mouse,146,84,1775546916468
mouse,144,86,1775546916476
mouse,144,87,1775546916482
mouse,141,88,1775546916489
mouse,140,90,1775546916496
mouse,138,92,1775546916503
mouse,136,93,1775546916510
mouse,134,94,1775546916517
mouse,132,96,1775546916524
mouse,130,98,1775546916530
mouse,128,99,1775546916538
mouse,126,101,1775546916545
mouse,124,102,1775546916553
mouse,123,104,1775546916558
mouse,122,105,1775546916565
mouse,120,106,1775546916572
mouse,120,107,1775546916579
mouse,119,108,1775546916586
mouse,118,108,1775546916593
mouse,117,110,1775546916601
mouse,116,110,1775546916607
mouse,116,111,1775546916614
mouse,114,112,1775546916621
mouse,114,113,1775546916628
mouse,112,114,1775546916635
mouse,112,115,1775546916642
mouse,112,116,1775546916651
mouse,111,116,1775546916656
mouse,110,118,1775546916663
mouse,109,119,1775546916688
mouse,108,119,1775546916706
click,108,119,1775546917023
mouse,109,119,1775546918051
mouse,112,120,1775546918059
mouse,112,121,1775546918067
mouse,113,121,1775546918073
mouse,116,122,1775546918080
mouse,117,122,1775546918087
mouse,118,122,1775546918096
mouse,120,122,1775546918100
mouse,121,123,1775546918107
mouse,122,123,1775546918114
mouse,124,123,1775546918121
mouse,125,124,1775546918128
mouse,126,124,1775546918135
mouse,128,125,1775546918143
mouse,129,125,1775546918149
mouse,131,126,1775546918156
mouse,132,126,1775546918163
mouse,134,127,1775546918170
mouse,136,127,1775546918178
mouse,137,129,1775546918183
mouse,140,130,1775546918190
mouse,143,131,1775546918197
mouse,145,132,1775546918204
mouse,149,134,1775546918212
mouse,152,136,1775546918218
mouse,155,138,1775546918225
mouse,159,139,1775546918232
mouse,164,142,1775546918239
mouse,168,143,1775546918246
mouse,172,146,1775546918253
mouse,178,148,1775546918260
mouse,183,150,1775546918267
mouse,187,152,1775546918274
mouse,192,154,1775546918281
mouse,196,156,1775546918289
mouse,199,157,1775546918294
mouse,202,158,1775546918301
mouse,206,160,1775546918308
mouse,208,161,1775546918315
mouse,212,162,1775546918323
mouse,214,163,1775546918329
mouse,216,164,1775546918336
mouse,220,165,1775546918343
mouse,222,166,1775546918350
mouse,225,167,1775546918358
mouse,227,168,1775546918364
mouse,231,170,1775546918372
mouse,232,171,1775546918378
mouse,236,173,1775546918386
mouse,238,174,1775546918392
mouse,240,175,1775546918399
mouse,244,176,1775546918406
mouse,244,178,1775546918412
mouse,247,178,1775546918420
mouse,248,180,1775546918427
mouse,250,180,1775546918434
mouse,251,182,1775546918440
mouse,252,182,1775546918447
mouse,252,183,1775546918454
mouse,254,184,1775546918461
mouse,255,185,1775546918470
mouse,256,185,1775546918476
mouse,256,186,1775546918482
mouse,257,186,1775546918489
mouse,258,188,1775546918496
mouse,260,188,1775546918503
mouse,261,189,1775546918510
mouse,262,190,1775546918517
mouse,263,190,1775546918526
mouse,264,190,1775546918531
mouse,264,191,1775546918538
mouse,263,190,1775546922653
mouse,262,190,1775546922656
mouse,258,190,1775546922663
mouse,255,189,1775546922670
mouse,250,187,1775546922676
mouse,244,186,1775546922683
mouse,238,185,1775546922690
mouse,232,184,1775546922697
mouse,227,183,1775546922704
mouse,221,183,1775546922711
mouse,218,182,1775546922718
mouse,215,182,1775546922725
mouse,213,182,1775546922732
mouse,214,182,1775546922809
mouse,216,182,1775546922816
mouse,217,181,1775546922822
mouse,219,181,1775546922829
mouse,220,180,1775546922836
mouse,221,180,1775546922843
mouse,222,179,1775546922850
mouse,224,178,1775546922857
mouse,225,178,1775546922864
mouse,228,178,1775546922871
mouse,232,176,1775546922879
mouse,234,176,1775546922885
mouse,238,174,1775546922892
mouse,242,173,1775546922899
mouse,246,172,1775546922906
mouse,252,169,1775546922913
mouse,255,167,1775546922919
mouse,258,165,1775546922927
mouse,260,162,1775546922933
mouse,262,160,1775546922940
mouse,264,158,1775546922947
mouse,266,156,1775546922954
mouse,267,153,1775546922961
mouse,269,151,1775546922968
mouse,271,149,1775546922975
mouse,272,146,1775546922982
mouse,273,144,1775546922989
mouse,273,142,1775546922996
mouse,274,141,1775546923004
mouse,274,140,1775546923010
mouse,274,138,1775546923017
mouse,274,137,1775546923038
mouse,273,136,1775546923045
mouse,272,136,1775546923054
mouse,272,135,1775546923059
mouse,272,134,1775546923065
mouse,271,134,1775546923074
mouse,270,134,1775546923080
mouse,269,134,1775546923086
mouse,268,134,1775546923095
mouse,268,133,1775546923101
mouse,267,132,1775546923112
mouse,266,132,1775546923118
mouse,265,132,1775546923121
mouse,264,132,1775546923129
mouse,263,131,1775546923135
mouse,261,131,1775546923142
mouse,259,130,1775546923150
mouse,257,130,1775546923156
mouse,255,130,1775546923163
mouse,252,130,1775546923170
mouse,249,129,1775546923177
mouse,248,129,1775546923183
mouse,247,129,1775546923190
mouse,245,128,1775546923197
mouse,244,127,1775546923204
mouse,242,127,1775546923211
mouse,241,126,1775546923218
mouse,240,126,1775546923225
mouse,239,125,1775546923265
mouse,237,125,1775546923272
mouse,236,124,1775546923288
mouse,236,123,1775546923299
mouse,235,122,1775546923328
mouse,234,122,1775546923353
mouse,234,121,1775546923358
click,234,121,1775546923511
click,234,121,1775546924987
mouse,234,122,1775546925229
mouse,235,122,1775546925246
mouse,233,121,1775546925485
mouse,232,120,1775546925492
mouse,231,119,1775546925496
mouse,227,118,1775546925503
mouse,224,115,1775546925510
mouse,219,113,1775546925517
mouse,214,110,1775546925524
mouse,208,107,1775546925531
mouse,201,104,1775546925538
mouse,195,100,1775546925545
mouse,187,97,1775546925551
mouse,180,94,1775546925558
mouse,173,90,1775546925565
mouse,168,88,1775546925572
mouse,162,86,1775546925579
mouse,157,85,1775546925586
mouse,153,83,1775546925593
mouse,150,81,1775546925600
mouse,147,80,1775546925607
mouse,145,79,1775546925614
mouse,143,78,1775546925621
mouse,141,77,1775546925628
mouse,140,76,1775546925635
mouse,139,75,1775546925642
mouse,137,74,1775546925649
mouse,136,74,1775546925657
mouse,136,73,1775546925668
mouse,135,73,1775546925670
mouse,134,72,1775546925678
mouse,133,72,1775546925683
mouse,133,71,1775546925693
mouse,133,70,1775546925789
mouse,133,68,1775546925808
mouse,133,67,1775546925815
mouse,133,66,1775546925823
mouse,133,63,1775546925829
mouse,133,61,1775546925836
mouse,134,58,1775546925843
mouse,134,57,1775546925850
mouse,135,54,1775546925857
mouse,135,52,1775546925864
mouse,135,50,1775546925871
mouse,136,48,1775546925878
mouse,136,46,1775546925885
mouse,136,44,1775546925892
mouse,136,43,1775546925899
mouse,136,42,1775546925906
mouse,136,39,1775546925913
mouse,136,38,1775546925921
mouse,136,37,1775546925931
mouse,136,36,1775546925936
mouse,136,35,1775546925940
mouse,136,34,1775546925947
mouse,136,33,1775546925959
mouse,137,32,1775546925963
mouse,137,31,1775546925970
mouse,137,30,1775546925976
mouse,137,29,1775546925982
mouse,137,28,1775546925989
mouse,137,27,1775546926000
mouse,137,26,1775546926007
mouse,136,26,1775546926045
mouse,136,26,1775546926052
mouse,134,26,1775546926059
mouse,133,25,1775546926066
mouse,132,24,1775546926072
mouse,129,24,1775546926079
mouse,127,23,1775546926087
mouse,124,23,1775546926093
mouse,120,22,1775546926100
mouse,117,22,1775546926107
mouse,112,22,1775546926114
mouse,108,21,1775546926121
mouse,102,20,1775546926128
mouse,96,19,1775546926135
mouse,92,19,1775546926142
mouse,84,19,1775546926149
mouse,79,18,1775546926156
mouse,74,18,1775546926163
mouse,68,18,1775546926170
mouse,64,18,1775546926176
mouse,58,18,1775546926183
mouse,54,18,1775546926190
mouse,50,18,1775546926197
mouse,46,18,1775546926204
mouse,43,18,1775546926211
mouse,40,18,1775546926218
mouse,37,18,1775546926225
mouse,36,18,1775546926232
mouse,33,18,1775546926240
mouse,32,18,1775546926246
mouse,30,18,1775546926253
mouse,28,18,1775546926260
mouse,27,18,1775546926267
mouse,25,18,1775546926275
mouse,23,18,1775546926281
mouse,20,18,1775546926288
mouse,17,18,1775546926295
mouse,16,18,1775546926302
mouse,13,19,1775546926308
mouse,12,19,1775546926315
mouse,9,20,1775546926322
mouse,7,20,1775546926329
mouse,5,20,1775546926336
mouse,4,21,1775546926343
mouse,1,21,1775546926351
mouse,0,21,1775546926357
mouse,0,21,1775546926365
mouse,-1,21,1775546926372
mouse,-3,22,1775546926379
mouse,-4,22,1775546926400
mouse,-4,22,1775546926408
mouse,-4,22,1775546926413
mouse,-5,22,1775546926437
mouse,-6,22,1775546926462
click,-6,22,1775546926482
mouse,296,62,1775546927011
click,296,62,1775546927242
mouse,296,62,1775546927248
mouse,295,62,1775546927493
mouse,295,63,1775546927499
mouse,294,63,1775546927503
mouse,293,63,1775546927510
mouse,292,64,1775546927517
mouse,291,65,1775546927525
mouse,290,65,1775546927531
mouse,288,66,1775546927538
mouse,288,67,1775546927546
mouse,287,67,1775546927552
mouse,285,69,1775546927559
mouse,283,70,1775546927565
mouse,281,71,1775546927572
mouse,279,72,1775546927580
mouse,277,74,1775546927587
mouse,274,75,1775546927593
mouse,271,78,1775546927600
mouse,268,79,1775546927607
mouse,265,81,1775546927614
mouse,261,83,1775546927621
mouse,257,86,1775546927628
mouse,253,87,1775546927635
mouse,250,90,1775546927642
mouse,247,92,1775546927649
mouse,244,94,1775546927656
mouse,240,96,1775546927663
mouse,236,98,1775546927670
mouse,233,101,1775546927677
mouse,230,104,1775546927684
mouse,228,106,1775546927691
mouse,225,108,1775546927697
mouse,222,110,1775546927704
mouse,220,112,1775546927711
mouse,218,114,1775546927718
mouse,216,116,1775546927725
mouse,214,118,1775546927732
mouse,212,120,1775546927739
mouse,209,123,1775546927746
mouse,207,126,1775546927753
mouse,204,128,1775546927760
mouse,202,130,1775546927767
mouse,200,134,1775546927774
mouse,197,136,1775546927781
mouse,195,139,1775546927788
mouse,192,142,1775546927796
mouse,190,145,1775546927801
mouse,188,147,1775546927808
mouse,184,150,1775546927815
mouse,182,153,1775546927822
mouse,180,156,1775546927829
mouse,176,158,1775546927836
mouse,175,161,1775546927843
mouse,172,162,1775546927850
mouse,169,165,1775546927857
mouse,167,167,1775546927864
mouse,164,170,1775546927871
mouse,160,171,1775546927878
mouse,156,174,1775546927886
mouse,154,175,1775546927892
mouse,151,177,1775546927899
mouse,148,178,1775546927906
mouse,144,179,1775546927913
mouse,141,181,1775546927920
mouse,138,182,1775546927926
mouse,134,183,1775546927933
mouse,131,183,1775546927940
mouse,128,183,1775546927947
mouse,124,184,1775546927954
mouse,120,184,1775546927961
mouse,116,184,1775546927968
mouse,112,184,1775546927975
mouse,108,184,1775546927982
mouse,104,184,1775546927989
mouse,100,184,1775546927996
mouse,96,184,1775546928003
mouse,93,183,1775546928010
mouse,89,182,1775546928017
mouse,85,182,1775546928025
mouse,83,182,1775546928031
mouse,80,181,1775546928038
mouse,78,180,1775546928045
mouse,75,179,1775546928052
mouse,72,178,1775546928059
mouse,69,178,1775546928066
mouse,68,177,1775546928072
mouse,64,176,1775546928080
mouse,62,175,1775546928086
mouse,60,174,1775546928094
mouse,59,174,1775546928100
mouse,57,172,1775546928107
mouse,56,172,1775546928114
mouse,55,170,1775546928121
mouse,54,170,1775546928128
mouse,52,169,1775546928135
mouse,52,168,1775546928143
mouse,51,168,1775546928149
mouse,51,167,1775546928156
mouse,50,166,1775546928164
mouse,49,166,1775546928171
mouse,48,166,1775546928177
mouse,48,165,1775546928184
mouse,47,164,1775546928191
mouse,46,164,1775546928212
mouse,45,163,1775546928218
mouse,45,162,1775546928248
mouse,44,162,1775546928283
mouse,44,161,1775546928291
mouse,44,160,1775546928310
mouse,43,159,1775546928333
mouse,43,158,1775546928405
mouse,15,0,1775546934073
mouse,16,1,1775546934080
mouse,16,2,1775546934091
mouse,16,3,1775546934110
mouse,16,4,1775546934117
mouse,17,5,1775546934123
mouse,17,6,1775546934129
mouse,18,6,1775546934135
mouse,18,7,1775546934142
mouse,18,8,1775546934149
mouse,19,9,1775546934156
mouse,20,10,1775546934165
mouse,21,11,1775546934170
mouse,22,14,1775546934177
mouse,23,14,1775546934184
mouse,24,16,1775546934190
mouse,25,18,1775546934198
mouse,26,20,1775546934205
mouse,28,21,1775546934211
mouse,30,22,1775546934219
mouse,30,24,1775546934225
mouse,32,26,1775546934232
mouse,33,26,1775546934239
mouse,36,29,1775546934247
mouse,37,30,1775546934253
mouse,38,33,1775546934260
mouse,40,34,1775546934267
mouse,43,37,1775546934274
mouse,44,38,1775546934281
mouse,46,40,1775546934288
mouse,48,42,1775546934295
mouse,50,45,1775546934302
mouse,52,46,1775546934309
mouse,53,49,1775546934316
mouse,56,51,1775546934323
mouse,57,53,1775546934329
mouse,60,55,1775546934336
mouse,62,58,1775546934343
mouse,64,60,1775546934350
mouse,66,62,1775546934357
mouse,68,64,1775546934364
mouse,71,66,1775546934371
mouse,73,68,1775546934378
mouse,75,70,1775546934385
mouse,76,71,1775546934392
mouse,79,74,1775546934399
mouse,81,74,1775546934406
mouse,83,76,1775546934413
mouse,85,78,1775546934420
mouse,88,79,1775546934427
mouse,89,81,1775546934433
mouse,92,82,1775546934440
mouse,95,83,1775546934447
mouse,97,86,1775546934455
mouse,99,86,1775546934461
mouse,100,87,1775546934468
mouse,102,87,1775546934475
mouse,104,89,1775546934482
mouse,105,90,1775546934489
mouse,107,90,1775546934496
mouse,109,91,1775546934504
mouse,110,91,1775546934510
mouse,112,92,1775546934518
mouse,112,93,1775546934524
mouse,114,93,1775546934531
mouse,116,93,1775546934538
mouse,117,94,1775546934546
mouse,119,94,1775546934552
mouse,120,94,1775546934560
mouse,121,94,1775546934565
mouse,123,94,1775546934572
mouse,124,94,1775546934579
mouse,125,94,1775546934586
mouse,127,94,1775546934593
mouse,128,94,1775546934600
mouse,129,94,1775546934607
mouse,131,94,1775546934614
mouse,132,94,1775546934622
mouse,133,94,1775546934628
mouse,135,94,1775546934635
mouse,136,94,1775546934642
mouse,137,94,1775546934652
mouse,138,94,1775546934657
mouse,139,94,1775546934663
mouse,140,93,1775546934670
mouse,142,92,1775546934678
mouse,143,92,1775546934686
mouse,144,91,1775546934691
mouse,144,90,1775546934698
mouse,145,90,1775546934705
mouse,146,90,1775546934711
mouse,147,89,1775546934718
mouse,148,88,1775546934725
mouse,149,88,1775546934739
mouse,149,87,1775546934740
mouse,150,86,1775546934746
mouse,151,86,1775546934759
mouse,152,86,1775546934774
mouse,152,85,1775546934795
mouse,152,84,1775546934802
mouse,153,84,1775546934809
mouse,154,84,1775546934816
mouse,154,83,1775546934825
mouse,155,83,1775546934832
mouse,155,82,1775546934838
mouse,156,82,1775546934845
mouse,157,82,1775546934970
mouse,157,81,1775546934975
mouse,157,80,1775546934996
mouse,158,80,1775546935010
mouse,159,80,1775546935162
mouse,159,79,1775546935189
mouse,160,79,1775546935223
mouse,160,78,1775546935242
click,160,78,1775546935777
mouse,160,79,1775546936134
mouse,160,80,1775546936156
mouse,159,80,1775546936164
mouse,159,81,1775546936170
mouse,159,82,1775546936177
mouse,159,83,1775546936184
mouse,158,83,1775546936191
mouse,158,85,1775546936197
mouse,158,86,1775546936204
mouse,157,87,1775546936211
mouse,157,88,1775546936218
mouse,157,90,1775546936225
mouse,157,91,1775546936232
mouse,157,94,1775546936239
mouse,157,95,1775546936246
mouse,157,97,1775546936254
mouse,157,98,1775546936261
mouse,157,100,1775546936267
mouse,157,102,1775546936274
mouse,157,104,1775546936282
mouse,158,105,1775546936288
mouse,158,107,1775546936295
mouse,158,109,1775546936302
mouse,159,111,1775546936309
mouse,160,113,1775546936316
mouse,160,115,1775546936323
mouse,161,118,1775546936329
mouse,162,120,1775546936336
mouse,163,123,1775546936343
mouse,164,126,1775546936350
mouse,165,130,1775546936357
mouse,167,134,1775546936364
mouse,168,138,1775546936371
mouse,171,142,1775546936378
mouse,172,146,1775546936385
mouse,175,151,1775546936392
mouse,178,157,1775546936400
mouse,180,162,1775546936406
mouse,184,166,1775546936413
mouse,186,171,1775546936420
mouse,188,175,1775546936427
mouse,190,180,1775546936434
mouse,193,184,1775546936440
mouse,196,189,1775546936447
mouse,198,193,1775546936454
mouse,201,198,1775546936461
mouse,204,204,1775546936468
mouse,208,207,1775546936475
mouse,212,212,1775546936482
mouse,214,216,1775546936489
mouse,217,220,1775546936496
mouse,220,223,1775546936503
mouse,222,227,1775546936510
mouse,224,230,1775546936517
mouse,227,233,1775546936524
mouse,228,236,1775546936531
mouse,231,238,1775546936538
mouse,233,241,1775546936545
mouse,235,243,1775546936552
mouse,236,246,1775546936559
mouse,239,248,1775546936566
mouse,242,250,1775546936573
mouse,244,253,1775546936580
mouse,247,256,1775546936586
mouse,250,258,1775546936593
mouse,253,261,1775546936600
mouse,256,263,1775546936607
mouse,259,266,1775546936614
mouse,263,268,1775546936621
mouse,264,270,1775546936628
mouse,267,272,1775546936635
mouse,271,274,1775546936642
mouse,272,276,1775546936649
mouse,275,277,1775546936656
mouse,276,278,1775546936663
mouse,278,280,1775546936677
mouse,279,280,1775546936684
mouse,280,281,1775546936691
mouse,280,282,1775546936697
mouse,281,282,1775546936704
mouse,282,282,1775546936718
mouse,283,282,1775546936898
mouse,284,282,1775546936932
mouse,285,282,1775546936952
mouse,286,282,1775546936958
mouse,287,282,1775546936963
mouse,288,282,1775546936970
mouse,288,283,1775546936975
mouse,289,283,1775546936983
mouse,291,284,1775546936990
mouse,292,285,1775546936996
mouse,295,285,1775546937003
mouse,296,286,1775546937010
mouse,299,286,1775546937019
mouse,303,288,1775546937026
mouse,305,288,1775546937031
mouse,308,290,1775546937038
mouse,310,290,1775546937046
mouse,312,290,1775546937053
mouse,315,291,1775546937059
mouse,317,292,1775546937066
mouse,320,292,1775546937073
mouse,321,293,1775546937080
mouse,324,294,1775546937086
mouse,325,294,1775546937093
mouse,328,294,1775546937100
mouse,330,295,1775546937107
mouse,332,297,1775546937114
mouse,336,298,1775546937121
mouse,340,299,1775546937128
mouse,342,300,1775546937135
mouse,345,300,1775546937142
mouse,348,302,1775546937149
mouse,351,302,1775546937156
mouse,354,303,1775546937163
mouse,356,303,1775546937170
mouse,359,304,1775546937177
mouse,361,304,1775546937184
mouse,364,305,1775546937191
mouse,367,306,1775546937198
mouse,369,306,1775546937204
mouse,371,306,1775546937212
mouse,375,307,1775546937219
mouse,377,308,1775546937225
mouse,380,308,1775546937232
mouse,383,308,1775546937239
mouse,385,308,1775546937246
mouse,388,309,1775546937253
mouse,390,309,1775546937260
mouse,392,309,1775546937267
mouse,393,309,1775546937274
mouse,395,310,1775546937282
mouse,396,310,1775546937288
mouse,398,310,1775546937295
mouse,400,310,1775546937302
mouse,402,310,1775546937309
mouse,404,310,1775546937316
mouse,407,310,1775546937322
mouse,409,310,1775546937329
mouse,412,310,1775546937336
mouse,416,311,1775546937343
mouse,419,311,1775546937350
mouse,423,312,1775546937358
mouse,425,312,1775546937364
mouse,429,312,1775546937371
mouse,433,312,1775546937378
mouse,436,313,1775546937385
mouse,440,314,1775546937392
mouse,444,314,1775546937399
mouse,448,314,1775546937406
mouse,452,316,1775546937413
mouse,457,316,1775546937420
mouse,460,316,1775546937427
mouse,465,318,1775546937433
mouse,470,318,1775546937440
mouse,474,318,1775546937447
mouse,478,319,1775546937454
mouse,484,320,1775546937461
mouse,488,321,1775546937469
mouse,491,321,1775546937475
mouse,495,322,1775546937483
mouse,497,322,1775546937489
mouse,500,322,1775546937496
mouse,502,322,1775546937503
mouse,504,322,1775546937510
mouse,505,322,1775546937517
mouse,507,322,1775546937524
mouse,508,322,1775546937531
mouse,509,322,1775546937538
mouse,510,322,1775546937545
mouse,511,322,1775546937553
mouse,512,322,1775546937559
mouse,513,322,1775546937566
mouse,514,322,1775546937573
mouse,516,322,1775546937579
mouse,517,322,1775546937593
mouse,518,322,1775546937594
mouse,519,322,1775546937603
mouse,520,322,1775546937609
mouse,521,322,1775546937633
mouse,522,322,1775546937636
mouse,523,322,1775546937647
mouse,524,322,1775546937651
mouse,525,322,1775546937670
mouse,526,322,1775546937678
mouse,527,322,1775546937684
mouse,528,322,1775546937691
mouse,528,321,1775546937698
mouse,530,320,1775546937706
mouse,530,319,1775546937711
mouse,531,319,1775546937718
mouse,532,318,1775546937726
mouse,532,317,1775546937739
mouse,533,316,1775546937746
mouse,534,315,1775546937753
mouse,534,314,1775546937760
mouse,534,312,1775546937767
mouse,535,311,1775546937774
mouse,535,310,1775546937781
mouse,535,308,1775546937788
mouse,535,307,1775546937795
mouse,535,303,1775546937802
mouse,535,302,1775546937809
mouse,535,298,1775546937816
mouse,535,295,1775546937822
mouse,533,292,1775546937829
mouse,532,289,1775546937836
mouse,532,286,1775546937843
mouse,531,283,1775546937850
mouse,530,282,1775546937857
mouse,529,279,1775546937864
mouse,528,277,1775546937871
mouse,528,274,1775546937878
mouse,527,271,1775546937885
mouse,525,269,1775546937893
mouse,524,266,1775546937899
mouse,524,265,1775546937906
mouse,523,263,1775546937913
mouse,521,260,1775546937920
mouse,520,258,1775546937927
mouse,520,256,1775546937934
mouse,519,254,1775546937940
mouse,517,251,1775546937948
mouse,516,249,1775546937954
mouse,515,246,1775546937961
mouse,513,244,1775546937968
mouse,512,242,1775546937975
mouse,511,241,1775546937982
mouse,511,239,1775546937989
mouse,509,238,1775546937996
mouse,509,237,1775546938003
mouse,508,236,1775546938010
mouse,508,235,1775546938017
mouse,507,234,1775546938024
mouse,506,234,1775546938033
mouse,506,233,1775546938038
mouse,505,233,1775546938045
mouse,505,232,1775546938052
mouse,503,230,1775546938060
mouse,502,230,1775546938068
mouse,501,229,1775546938073
mouse,500,228,1775546938080
mouse,497,227,1775546938086
mouse,496,226,1775546938093
mouse,493,225,1775546938100
mouse,491,224,1775546938107
mouse,487,224,1775546938115
mouse,485,223,1775546938121
mouse,484,223,1775546938128
mouse,483,223,1775546938135
mouse,480,223,1775546938143
mouse,476,225,1775546938149
mouse,471,227,1775546938156
mouse,466,230,1775546938163
mouse,461,234,1775546938170
mouse,456,238,1775546938177
mouse,451,243,1775546938184
mouse,447,249,1775546938191
mouse,443,254,1775546938198
mouse,440,262,1775546938205
mouse,438,270,1775546938211
mouse,438,278,1775546938218
mouse,438,287,1775546938225
mouse,440,297,1775546938232
mouse,444,309,1775546938239
mouse,444,320,1775546938246
mouse,444,328,1775546938253
mouse,443,327,1775546938376
mouse,442,327,1775546938378
mouse,440,327,1775546938385
mouse,437,326,1775546938393
mouse,436,326,1775546938399
mouse,433,325,1775546938406
mouse,430,323,1775546938413
mouse,426,319,1775546938420
mouse,421,317,1775546938427
mouse,417,313,1775546938434
mouse,414,310,1775546938441
mouse,411,309,1775546938447
mouse,408,306,1775546938454
mouse,402,303,1775546938461
mouse,394,298,1775546938468
mouse,385,294,1775546938475
mouse,375,287,1775546938483
mouse,368,282,1775546938489
mouse,357,274,1775546938497
mouse,349,268,1775546938503
mouse,339,260,1775546938510
mouse,328,251,1775546938517
mouse,317,242,1775546938524
mouse,305,234,1775546938531
mouse,296,226,1775546938538
mouse,284,217,1775546938545
mouse,272,208,1775546938552
mouse,260,199,1775546938559
mouse,246,190,1775546938565
mouse,234,182,1775546938572
mouse,222,175,1775546938579
mouse,209,168,1775546938586
mouse,199,162,1775546938593
mouse,188,155,1775546938600
mouse,179,149,1775546938607
mouse,171,143,1775546938614
mouse,163,138,1775546938621
mouse,157,132,1775546938628
mouse,152,128,1775546938635
mouse,148,123,1775546938642
mouse,144,120,1775546938649
mouse,141,116,1775546938656
mouse,139,113,1775546938663
mouse,137,110,1775546938670
mouse,136,106,1775546938677
mouse,134,103,1775546938684
mouse,132,101,1775546938690
mouse,131,98,1775546938697
mouse,129,96,1775546938704
mouse,128,94,1775546938711
mouse,127,93,1775546938718
mouse,125,92,1775546938725
mouse,124,91,1775546938732
mouse,123,91,1775546938759
mouse,120,90,1775546938774
mouse,119,90,1775546938781
mouse,117,89,1775546938788
mouse,115,88,1775546938795
mouse,112,86,1775546938802
mouse,108,85,1775546938809
mouse,105,83,1775546938816
mouse,104,83,1775546938822
mouse,101,82,1775546938830
mouse,100,81,1775546938838
mouse,99,81,1775546938843
mouse,99,80,1775546938850
mouse,100,79,1775546938890
mouse,101,79,1775546938897
mouse,102,78,1775546938901
mouse,105,77,1775546938907
mouse,107,76,1775546938913
mouse,110,75,1775546938920
mouse,114,74,1775546938927
mouse,116,72,1775546938933
mouse,121,71,1775546938940
mouse,124,70,1775546938947
mouse,129,69,1775546938954
mouse,132,68,1775546938961
mouse,135,67,1775546938968
mouse,139,66,1775546938976
mouse,140,66,1775546938982
mouse,141,66,1775546938989
mouse,142,66,1775546938996
mouse,143,66,1775546939038
mouse,144,66,1775546939046
mouse,145,66,1775546939055
mouse,146,66,1775546939060
mouse,147,66,1775546939066
mouse,148,66,1775546939073
mouse,149,66,1775546939083
mouse,150,66,1775546939088
mouse,151,66,1775546939093
mouse,151,67,1775546939158
mouse,152,67,1775546939164
mouse,152,68,1775546939257
mouse,152,69,1775546939293
mouse,152,70,1775546939309
mouse,152,71,1775546939322
mouse,152,72,1775546939324
mouse,152,73,1775546939333
mouse,152,74,1775546939341
mouse,152,74,1775546939465
mouse,151,74,1775546939470
mouse,150,75,1775546939475
mouse,149,75,1775546939482
mouse,148,76,1775546939490
mouse,145,76,1775546939496
mouse,144,76,1775546939503
mouse,140,76,1775546939510
mouse,138,76,1775546939517
mouse,135,76,1775546939524
mouse,132,76,1775546939531
mouse,128,76,1775546939539
mouse,124,76,1775546939545
mouse,120,77,1775546939552
mouse,117,77,1775546939559
mouse,114,78,1775546939565
mouse,110,78,1775546939572
mouse,106,78,1775546939579
mouse,103,78,1775546939586
mouse,100,78,1775546939593
mouse,96,78,1775546939600
mouse,93,78,1775546939607
mouse,91,78,1775546939614
mouse,87,78,1775546939621
mouse,84,78,1775546939628
mouse,83,78,1775546939635
mouse,80,77,1775546939642
mouse,79,77,1775546939650
mouse,78,77,1775546939656
mouse,76,77,1775546939663
mouse,76,77,1775546939670
mouse,75,77,1775546939677
mouse,74,77,1775546939684
mouse,73,77,1775546939691
mouse,72,77,1775546939699
click,72,77,1775546939868
mouse,72,77,1775546939872
mouse,73,77,1775546939979
mouse,74,77,1775546939982
mouse,77,77,1775546939990
mouse,81,77,1775546939996
mouse,88,77,1775546940003
mouse,94,77,1775546940010
mouse,102,77,1775546940017
mouse,113,77,1775546940025
mouse,124,77,1775546940031
mouse,138,78,1775546940038
mouse,152,78,1775546940045
mouse,168,79,1775546940052
mouse,181,81,1775546940059
mouse,196,82,1775546940065
mouse,211,84,1775546940072
mouse,224,85,1775546940080
mouse,237,86,1775546940087
mouse,246,86,1775546940093
mouse,255,86,1775546940100
mouse,262,86,1775546940107
mouse,268,86,1775546940114
mouse,274,86,1775546940121
mouse,280,86,1775546940128
mouse,284,86,1775546940135
mouse,287,86,1775546940142
mouse,289,86,1775546940149
mouse,290,86,1775546940156
mouse,291,86,1775546942233
mouse,290,86,1775546942588
mouse,289,86,1775546942594
mouse,284,86,1775546942602
mouse,283,86,1775546942608
mouse,276,85,1775546942615
mouse,263,85,1775546942622
mouse,255,85,1775546942628
mouse,246,84,1775546942635
mouse,236,84,1775546942642
mouse,228,84,1775546942649
mouse,221,84,1775546942656
mouse,216,84,1775546942663
mouse,214,85,1775546942670
mouse,214,86,1775546942677
mouse,213,86,1775546942684
mouse,212,87,1775546942704
mouse,212,88,1775546942711
mouse,212,90,1775546942718
mouse,212,91,1775546942726
mouse,212,93,1775546942732
mouse,212,94,1775546942739
mouse,209,95,1775546942746
mouse,208,97,1775546942753
mouse,206,98,1775546942760
mouse,204,98,1775546942767
mouse,203,99,1775546942774
mouse,200,100,1775546942781
mouse,197,102,1775546942789
mouse,196,103,1775546942795
mouse,195,104,1775546942802
mouse,192,106,1775546942809
mouse,192,107,1775546942816
mouse,190,109,1775546942823
mouse,188,111,1775546942829
mouse,188,113,1775546942836
mouse,186,114,1775546942843
mouse,185,116,1775546942851
mouse,184,117,1775546942857
mouse,183,118,1775546942865
mouse,182,119,1775546942871
mouse,180,121,1775546942878
mouse,180,122,1775546942885
mouse,178,123,1775546942892
mouse,177,123,1775546942899
mouse,176,124,1775546942906
mouse,175,125,1775546942913
mouse,174,125,1775546942921
mouse,173,125,1775546942952
click,173,125,1775546943216
mouse,174,125,1775546943382
mouse,175,125,1775546943385
mouse,176,125,1775546943393
mouse,177,124,1775546943399
mouse,179,124,1775546943406
mouse,181,124,1775546943413
mouse,183,123,1775546943420
mouse,185,122,1775546943427
mouse,187,122,1775546943435
mouse,188,122,1775546943441
mouse,189,121,1775546943447
mouse,191,120,1775546943454
mouse,192,120,1775546943461
mouse,192,119,1775546943469
mouse,193,119,1775546943477
mouse,193,118,1775546943482
mouse,192,118,1775546943587
mouse,191,118,1775546946943
mouse,190,118,1775546946948
mouse,187,118,1775546946955
mouse,184,118,1775546946961
mouse,179,118,1775546946968
mouse,172,118,1775546946975
mouse,164,119,1775546946982
mouse,153,120,1775546946989
mouse,140,122,1775546946996
mouse,129,123,1775546947003
mouse,121,125,1775546947010
mouse,119,125,1775546947017
mouse,120,125,1775546947054
mouse,121,125,1775546947060
mouse,123,125,1775546947066
mouse,124,125,1775546947073
mouse,125,125,1775546947081
mouse,126,125,1775546947135
mouse,127,124,1775546947143
mouse,128,124,1775546947151
mouse,129,124,1775546947157
mouse,130,123,1775546947163
mouse,132,123,1775546947170
mouse,133,123,1775546947182
mouse,134,123,1775546947185
mouse,136,122,1775546947191
mouse,139,122,1775546947198
mouse,142,122,1775546947204
mouse,146,122,1775546947211
mouse,149,122,1775546947218
mouse,152,121,1775546947225
mouse,156,121,1775546947232
mouse,159,119,1775546947239
mouse,162,119,1775546947246
mouse,164,119,1775546947253
mouse,168,119,1775546947260
mouse,172,118,1775546947267
mouse,176,118,1775546947274
mouse,180,118,1775546947281
mouse,185,118,1775546947288
mouse,190,118,1775546947295
mouse,196,117,1775546947302
mouse,201,117,1775546947309
mouse,208,117,1775546947316
mouse,215,117,1775546947323
mouse,220,117,1775546947329
mouse,225,117,1775546947336
mouse,230,117,1775546947343
mouse,233,117,1775546947350
mouse,236,117,1775546947357
mouse,237,117,1775546947364
mouse,238,117,1775546947371
click,238,117,1775546947680
mouse,237,117,1775546948575
mouse,236,117,1775546948580
mouse,234,118,1775546948586
mouse,232,118,1775546948593
mouse,229,119,1775546948600
mouse,225,120,1775546948607
mouse,223,121,1775546948614
mouse,220,122,1775546948621
mouse,216,122,1775546948628
mouse,212,122,1775546948635
mouse,209,122,1775546948642
mouse,207,122,1775546948649
mouse,205,123,1775546948656
mouse,204,123,1775546948663
mouse,202,123,1775546948670
mouse,201,124,1775546948677
mouse,200,124,1775546948721
mouse,199,124,1775546948746
mouse,198,124,1775546948754
mouse,197,124,1775546948762
click,197,124,1775546948947
mouse,197,125,1775546949737
mouse,196,126,1775546952387
mouse,195,126,1775546952407
mouse,195,127,1775546952414
mouse,192,130,1775546952420
mouse,191,130,1775546952428
mouse,190,132,1775546952434
mouse,189,133,1775546952441
mouse,188,134,1775546952448
mouse,187,136,1775546952455
mouse,186,136,1775546952461
mouse,185,138,1775546952469
mouse,184,138,1775546952476
mouse,183,141,1775546952483
mouse,180,144,1775546952490
mouse,180,145,1775546952497
mouse,178,147,1775546952503
mouse,175,149,1775546952511
mouse,173,150,1775546952518
mouse,172,151,1775546952524
mouse,169,153,1775546952531
mouse,168,154,1775546952538
mouse,165,154,1775546952545
mouse,164,155,1775546952552
mouse,162,156,1775546952559
mouse,160,157,1775546952566
mouse,160,158,1775546952573
mouse,158,158,1775546952580
mouse,156,158,1775546952588
mouse,155,158,1775546952598
mouse,154,158,1775546952602
mouse,154,159,1775546952607
mouse,152,159,1775546952614
mouse,151,159,1775546952622
mouse,150,159,1775546952628
mouse,149,159,1775546952635
mouse,148,159,1775546952642
mouse,147,159,1775546952650
mouse,146,160,1775546952656
mouse,145,160,1775546952663
mouse,143,160,1775546952670
mouse,141,160,1775546952677
mouse,139,160,1775546952684
mouse,136,160,1775546952691
mouse,133,160,1775546952698
mouse,130,160,1775546952705
mouse,128,160,1775546952712
mouse,124,160,1775546952718
mouse,120,160,1775546952725
mouse,116,160,1775546952732
mouse,113,160,1775546952739
mouse,109,160,1775546952746
mouse,106,160,1775546952753
mouse,103,160,1775546952760
mouse,100,160,1775546952767
mouse,98,160,1775546952774
mouse,96,160,1775546952781
mouse,95,160,1775546952788
mouse,93,160,1775546952796
mouse,92,160,1775546952802
mouse,89,160,1775546952810
mouse,88,160,1775546952816
mouse,85,160,1775546952823
mouse,83,160,1775546952831
mouse,80,160,1775546952836
mouse,79,160,1775546952843
mouse,76,160,1775546952850
mouse,75,159,1775546952857
mouse,72,159,1775546952864
mouse,71,159,1775546952871
mouse,69,159,1775546952878
mouse,68,159,1775546952885
mouse,67,158,1775546952893
mouse,66,158,1775546952899
mouse,64,158,1775546952907
mouse,63,158,1775546952913
mouse,60,158,1775546952920
mouse,59,157,1775546952927
mouse,56,157,1775546952935
mouse,55,157,1775546952943
mouse,54,157,1775546952948
mouse,52,157,1775546952955
mouse,51,157,1775546952961
mouse,49,156,1775546952969
mouse,48,155,1775546952975
mouse,47,155,1775546952982
mouse,45,155,1775546952989
mouse,44,155,1775546952996
mouse,43,155,1775546953003
mouse,42,155,1775546953013
mouse,948,84,1775546957135
mouse,949,85,1775546957135
mouse,948,85,1775546957383
mouse,946,85,1775546957400
mouse,944,85,1775546957406
mouse,941,85,1775546957414
mouse,939,85,1775546957420
mouse,936,85,1775546957427
mouse,932,85,1775546957435
mouse,928,85,1775546957441
mouse,920,86,1775546957449
mouse,916,86,1775546957455
mouse,908,86,1775546957462
mouse,898,87,1775546957468
mouse,888,87,1775546957475
mouse,876,87,1775546957482
mouse,863,87,1775546957489
mouse,849,87,1775546957496
mouse,833,88,1775546957503
mouse,819,88,1775546957510
mouse,804,89,1775546957517
mouse,791,90,1775546957524
mouse,776,91,1775546957531
mouse,764,93,1775546957538
mouse,751,94,1775546957545
mouse,739,95,1775546957552
mouse,727,97,1775546957559
mouse,716,99,1775546957566
mouse,706,100,1775546957573
mouse,696,102,1775546957580
mouse,685,104,1775546957587
mouse,676,106,1775546957593
mouse,665,107,1775546957601
mouse,656,110,1775546957608
mouse,647,111,1775546957614
mouse,636,114,1775546957621
mouse,628,115,1775546957628
mouse,617,118,1775546957635
mouse,608,119,1775546957642
mouse,597,122,1775546957649
mouse,588,124,1775546957656
mouse,578,126,1775546957663
mouse,568,129,1775546957670
mouse,559,130,1775546957677
mouse,550,133,1775546957684
mouse,543,134,1775546957691
mouse,535,135,1775546957698
mouse,526,137,1775546957705
mouse,517,138,1775546957712
mouse,509,140,1775546957718
mouse,501,141,1775546957725
mouse,493,142,1775546957732
mouse,485,143,1775546957739
mouse,479,146,1775546957746
mouse,471,147,1775546957753
mouse,464,149,1775546957760
mouse,456,150,1775546957767
mouse,450,152,1775546957775
mouse,444,152,1775546957781
mouse,439,154,1775546957788
mouse,434,154,1775546957795
mouse,430,154,1775546957802
mouse,426,155,1775546957809
mouse,422,156,1775546957817
mouse,418,156,1775546957823
mouse,414,157,1775546957830
mouse,410,158,1775546957837
mouse,407,158,1775546957844
mouse,402,158,1775546957850
mouse,396,159,1775546957857
mouse,391,160,1775546957864
mouse,386,161,1775546957871
mouse,380,162,1775546957878
mouse,376,162,1775546957886
mouse,372,162,1775546957892
mouse,367,162,1775546957899
mouse,362,163,1775546957906
mouse,357,164,1775546957913
mouse,352,164,1775546957920
mouse,348,164,1775546957927
mouse,342,164,1775546957934
mouse,336,164,1775546957941
mouse,330,163,1775546957948
mouse,324,163,1775546957955
mouse,316,162,1775546957962
mouse,308,161,1775546957968
mouse,301,160,1775546957975
mouse,294,159,1775546957982
mouse,288,158,1775546957989
mouse,283,158,1775546957996
mouse,278,158,1775546958003
mouse,275,156,1775546958010
mouse,271,155,1775546958018
mouse,268,154,1775546958024
mouse,266,154,1775546958032
mouse,264,153,1775546958038
mouse,262,152,1775546958045
mouse,260,150,1775546958052
mouse,257,148,1775546958060
mouse,256,146,1775546958066
mouse,252,144,1775546958073
mouse,249,142,1775546958080
mouse,247,140,1775546958087
mouse,244,138,1775546958094
mouse,241,136,1775546958100
mouse,239,133,1775546958107
mouse,236,130,1775546958114
mouse,234,128,1775546958121
mouse,232,126,1775546958128
mouse,229,124,1775546958135
mouse,228,122,1775546958142
mouse,225,120,1775546958149
mouse,224,118,1775546958156
mouse,221,116,1775546958163
mouse,220,114,1775546958170
mouse,217,111,1775546958178
mouse,216,110,1775546958184
mouse,214,108,1775546958191
mouse,212,106,1775546958198
mouse,211,105,1775546958205
mouse,209,103,1775546958212
mouse,208,102,1775546958218
mouse,206,100,1775546958225
mouse,204,98,1775546958232
mouse,204,97,1775546958240
mouse,202,96,1775546958246
mouse,201,94,1775546958253
mouse,200,93,1775546958260
mouse,198,91,1775546958268
mouse,196,90,1775546958274
mouse,194,88,1775546958281
mouse,192,87,1775546958288
mouse,191,86,1775546958295
mouse,190,86,1775546958302
mouse,188,85,1775546958309
mouse,187,85,1775546958318
mouse,186,85,1775546958323
mouse,186,84,1775546958330
mouse,185,84,1775546958338
mouse,185,83,1775546958344
mouse,184,83,1775546958351
mouse,184,82,1775546958372
mouse,183,82,1775546958382
mouse,182,82,1775546958405
mouse,181,82,1775546958479
mouse,180,82,1775546958533
click,180,82,1775546959623
mouse,179,82,1775546959747
mouse,178,82,1775546959754
mouse,176,83,1775546959760
mouse,172,84,1775546959767
mouse,169,85,1775546959774
mouse,166,86,1775546959781
mouse,163,86,1775546959788
mouse,158,87,1775546959795
mouse,153,89,1775546959802
mouse,148,90,1775546959809
mouse,145,91,1775546959816
mouse,141,91,1775546959823
mouse,139,92,1775546959830
mouse,136,92,1775546959837
mouse,135,92,1775546959844
mouse,134,92,1775546959851
mouse,133,92,1775546959857
mouse,132,92,1775546959868
mouse,131,92,1775546959877
mouse,129,92,1775546959892
mouse,128,92,1775546959899
mouse,127,92,1775546959906
mouse,126,92,1775546959913
mouse,125,91,1775546959920
mouse,124,91,1775546959927
mouse,123,91,1775546959948
mouse,121,91,1775546959969
mouse,120,91,1775546959978
mouse,120,92,1775546959989
mouse,119,92,1775546960005
mouse,118,92,1775546960015
mouse,118,93,1775546960017
mouse,117,93,1775546960028
mouse,117,94,1775546960032
mouse,116,95,1775546960137
mouse,116,96,1775546960147
mouse,116,97,1775546960150
mouse,116,98,1775546960157
mouse,115,98,1775546960163
mouse,114,99,1775546960171
mouse,113,99,1775546960177
mouse,113,101,1775546960184
mouse,113,102,1775546960191
mouse,112,103,1775546960198
mouse,112,107,1775546960206
mouse,112,110,1775546960212
mouse,112,113,1775546960218
mouse,112,118,1775546960225
mouse,112,122,1775546960232
mouse,114,127,1775546960239
mouse,116,134,1775546960246
mouse,120,139,1775546960253
mouse,124,145,1775546960260
mouse,130,150,1775546960267
mouse,136,158,1775546960275
mouse,142,162,1775546960281
mouse,147,167,1775546960288
mouse,154,171,1775546960295
mouse,159,174,1775546960302
mouse,164,177,1775546960310
mouse,168,178,1775546960316
mouse,171,179,1775546960323
mouse,174,180,1775546960330
mouse,176,181,1775546960337
mouse,179,181,1775546960344
mouse,182,182,1775546960351
mouse,184,182,1775546960357
mouse,187,182,1775546960364
mouse,189,183,1775546960371
mouse,191,183,1775546960378
mouse,193,183,1775546960386
mouse,195,183,1775546960392
mouse,197,183,1775546960399
mouse,199,182,1775546960407
mouse,200,182,1775546960413
mouse,201,181,1775546960420
mouse,203,180,1775546960427
mouse,204,179,1775546960435
mouse,204,178,1775546960441
mouse,204,177,1775546960448
mouse,204,176,1775546960455
mouse,204,175,1775546960462
mouse,205,174,1775546960469
mouse,205,173,1775546960482
mouse,205,172,1775546960487
mouse,206,172,1775546960491
mouse,206,171,1775546960503
mouse,207,170,1775546960510
mouse,208,169,1775546960521
mouse,208,168,1775546960524
mouse,208,167,1775546960532
mouse,210,166,1775546960538
mouse,212,164,1775546960545
mouse,214,162,1775546960552
mouse,216,160,1775546960559
mouse,220,158,1775546960567
mouse,223,156,1775546960573
mouse,227,154,1775546960580
mouse,231,152,1775546960587
mouse,235,150,1775546960594
mouse,239,149,1775546960601
mouse,243,148,1775546960607
mouse,248,146,1775546960615
mouse,252,144,1775546960621
mouse,256,144,1775546960628
mouse,260,142,1775546960635
mouse,263,141,1775546960642
mouse,267,139,1775546960649
mouse,271,139,1775546960656
mouse,274,138,1775546960663
mouse,277,138,1775546960670
mouse,280,138,1775546960677
mouse,284,138,1775546960684
mouse,286,138,1775546960691
mouse,290,137,1775546960699
mouse,292,137,1775546960705
mouse,296,137,1775546960713
mouse,299,137,1775546960719
mouse,303,137,1775546960725
mouse,307,137,1775546960732
mouse,312,137,1775546960739
mouse,317,137,1775546960746
mouse,322,138,1775546960753
mouse,328,138,1775546960760
mouse,334,139,1775546960767
mouse,342,139,1775546960775
mouse,348,140,1775546960781
mouse,354,141,1775546960788
mouse,361,141,1775546960795
mouse,368,142,1775546960802
mouse,375,143,1775546960809
mouse,382,144,1775546960816
mouse,388,146,1775546960823
mouse,395,146,1775546960830
mouse,400,146,1775546960837
mouse,406,148,1775546960844
mouse,412,149,1775546960850
mouse,420,150,1775546960857
mouse,426,151,1775546960864
mouse,433,153,1775546960871
mouse,440,154,1775546960878
mouse,448,156,1775546960885
mouse,456,158,1775546960893
mouse,461,159,1775546960899
mouse,467,162,1775546960906
mouse,473,162,1775546960913
mouse,478,164,1775546960920
mouse,482,164,1775546960927
mouse,485,165,1775546960934
mouse,488,166,1775546960941
mouse,491,166,1775546960948
mouse,493,166,1775546960956
mouse,495,166,1775546960962
mouse,497,168,1775546960969
mouse,500,169,1775546960976
mouse,503,169,1775546960982
mouse,505,170,1775546960989
mouse,508,172,1775546960996
mouse,512,173,1775546961004
mouse,514,174,1775546961010
mouse,517,176,1775546961017
mouse,520,177,1775546961024
mouse,522,178,1775546961031
mouse,524,179,1775546961038
mouse,525,180,1775546961045
mouse,526,181,1775546961052
mouse,527,182,1775546961059
mouse,528,183,1775546961066
mouse,529,184,1775546961073
mouse,530,186,1775546961080
mouse,531,186,1775546961087
mouse,532,188,1775546961095
mouse,532,189,1775546961100
mouse,532,190,1775546961107
mouse,533,191,1775546961115
mouse,534,193,1775546961122
mouse,534,194,1775546961128
mouse,534,195,1775546961135
mouse,534,198,1775546961143
mouse,534,199,1775546961151
mouse,534,200,1775546961160
mouse,534,201,1775546961165
mouse,533,202,1775546961171
mouse,532,202,1775546961191
mouse,531,202,1775546961212
mouse,531,203,1775546961220
mouse,530,203,1775546961226
mouse,529,203,1775546961233
mouse,528,203,1775546961240
mouse,526,203,1775546961246
mouse,524,203,1775546961253
mouse,521,203,1775546961261
mouse,519,203,1775546961267
mouse,516,203,1775546961274
mouse,514,203,1775546961282
mouse,508,202,1775546961290
mouse,505,202,1775546961296
mouse,500,200,1775546961303
mouse,497,199,1775546961309
mouse,495,198,1775546961317
mouse,488,196,1775546961323
mouse,483,194,1775546961330
mouse,479,191,1775546961337
mouse,473,190,1775546961344
mouse,467,186,1775546961351
mouse,461,184,1775546961358
mouse,456,182,1775546961365
mouse,450,178,1775546961371
mouse,444,175,1775546961378
mouse,439,172,1775546961385
mouse,432,169,1775546961392
mouse,428,166,1775546961399
mouse,422,164,1775546961406
mouse,418,162,1775546961413
mouse,415,159,1775546961420
mouse,412,157,1775546961427
mouse,409,155,1775546961434
mouse,407,153,1775546961441
mouse,404,150,1775546961448
mouse,401,147,1775546961455
mouse,399,145,1775546961462
mouse,396,143,1775546961469
mouse,393,141,1775546961476
mouse,390,138,1775546961483
mouse,388,135,1775546961489
mouse,385,133,1775546961496
mouse,382,130,1775546961503
mouse,379,129,1775546961510
mouse,376,126,1775546961517
mouse,373,124,1775546961524
mouse,371,122,1775546961531
mouse,368,120,1775546961538
mouse,365,117,1775546961546
mouse,363,115,1775546961553
mouse,361,114,1775546961559
mouse,358,111,1775546961567
mouse,356,110,1775546961573
mouse,354,108,1775546961580
mouse,352,107,1775546961587
mouse,351,106,1775546961595
mouse,349,105,1775546961601
mouse,348,104,1775546961608
mouse,346,103,1775546961616
mouse,345,102,1775546961621
mouse,344,102,1775546961628
mouse,343,101,1775546961635
mouse,342,100,1775546961642
mouse,341,99,1775546961649
mouse,339,98,1775546961657
mouse,338,98,1775546961663
mouse,336,96,1775546961670
mouse,335,95,1775546961678
mouse,333,94,1775546961684
mouse,331,92,1775546961691
mouse,329,91,1775546961698
mouse,328,90,1775546961705
mouse,325,88,1775546961712
mouse,324,87,1775546961719
mouse,322,86,1775546961726
mouse,321,84,1775546961732
mouse,320,83,1775546961740
mouse,318,83,1775546961746
mouse,317,82,1775546961753
mouse,316,81,1775546961760
mouse,315,80,1775546961767
mouse,313,79,1775546961774
mouse,312,78,1775546961781
mouse,311,78,1775546961788
mouse,309,77,1775546961795
mouse,308,76,1775546961802
mouse,305,74,1775546961809
mouse,302,74,1775546961817
mouse,300,72,1775546961823
mouse,298,71,1775546961830
mouse,294,70,1775546961837
mouse,292,69,1775546961843
mouse,288,68,1775546961850
mouse,284,66,1775546961857
mouse,280,66,1775546961864
mouse,274,65,1775546961871
mouse,268,64,1775546961878
mouse,262,62,1775546961885
mouse,253,62,1775546961893
mouse,248,61,1775546961899
mouse,240,61,1775546961906
mouse,234,60,1775546961913
mouse,227,60,1775546961920
mouse,220,60,1775546961927
mouse,215,59,1775546961934
mouse,208,59,1775546961941
mouse,204,59,1775546961948
mouse,199,59,1775546961956
mouse,195,59,1775546961962
mouse,191,59,1775546961969
mouse,188,59,1775546961976
mouse,184,59,1775546961982
mouse,182,59,1775546961989
mouse,179,59,1775546961997
mouse,177,60,1775546962003
mouse,175,60,1775546962010
mouse,173,61,1775546962017
mouse,171,62,1775546962025
mouse,169,62,1775546962031
mouse,167,62,1775546962038
mouse,165,63,1775546962045
mouse,162,64,1775546962053
mouse,160,65,1775546962059
mouse,157,66,1775546962066
mouse,155,66,1775546962073
mouse,153,67,1775546962080
mouse,151,67,1775546962087
mouse,148,68,1775546962094
mouse,146,69,1775546962101
mouse,144,70,1775546962107
mouse,143,70,1775546962115
mouse,141,71,1775546962121
mouse,140,71,1775546962128
mouse,139,71,1775546962135
mouse,137,71,1775546962143
mouse,137,72,1775546962149
mouse,136,72,1775546962156
mouse,135,72,1775546962165
mouse,135,73,1775546962170
mouse,133,73,1775546962178
mouse,133,74,1775546962184
mouse,132,74,1775546962199
mouse,131,74,1775546963624
mouse,130,74,1775546963634
mouse,129,74,1775546963857
mouse,128,74,1775546963866
mouse,126,74,1775546963873
mouse,125,74,1775546963878
mouse,124,74,1775546963885
mouse,120,74,1775546963893
mouse,117,74,1775546963900
mouse,114,74,1775546963907
mouse,112,74,1775546963913
mouse,108,75,1775546963920
mouse,105,75,1775546963928
mouse,101,75,1775546963934
mouse,97,75,1775546963941
mouse,94,75,1775546963948
mouse,91,75,1775546963955
mouse,88,75,1775546963962
mouse,85,75,1775546963968
mouse,84,75,1775546963975
mouse,80,75,1775546963982
mouse,79,75,1775546963989
mouse,78,75,1775546963996
mouse,76,75,1775546964003
mouse,75,75,1775546964010
mouse,74,75,1775546964017
mouse,73,75,1775546964024
mouse,72,75,1775546964031
mouse,72,75,1775546964038
mouse,71,75,1775546964045
mouse,70,75,1775546964053
mouse,69,75,1775546964073
mouse,68,75,1775546964080
mouse,68,75,1775546964087
mouse,67,75,1775546964118
click,67,75,1775546964231
mouse,67,75,1775546964241
mouse,68,75,1775546964754
mouse,69,75,1775546964774
mouse,70,75,1775546964781
mouse,71,75,1775546964788
mouse,72,75,1775546964795
mouse,73,75,1775546964803
mouse,74,74,1775546964813
mouse,75,74,1775546964818
mouse,76,74,1775546964825
mouse,77,74,1775546964835
mouse,78,74,1775546964843
mouse,79,74,1775546964846
mouse,80,74,1775546964856
mouse,81,74,1775546964874
mouse,82,74,1775546964881
mouse,83,74,1775546964887
mouse,84,74,1775546964906
mouse,84,73,1775546964913
mouse,85,73,1775546964926
mouse,86,73,1775546964941
mouse,87,72,1775546964948
mouse,88,72,1775546964960
mouse,89,71,1775546964981
mouse,90,70,1775546964997
mouse,91,70,1775546965003
mouse,92,70,1775546965011
mouse,93,70,1775546965031
mouse,94,69,1775546965038
mouse,95,69,1775546965045
mouse,96,69,1775546965053
mouse,96,68,1775546965059
mouse,97,68,1775546965080
mouse,98,68,1775546965087
mouse,99,67,1775546965094
mouse,99,66,1775546965102
mouse,100,66,1775546965109
mouse,101,66,1775546965139
mouse,101,65,1775546965146
mouse,102,65,1775546965150
mouse,103,65,1775546965162
mouse,103,64,1775546965163
mouse,104,64,1775546965186
mouse,104,63,1775546965257
mouse,105,63,1775546965261
mouse,106,62,1775546965439
mouse,108,62,1775546965460
mouse,110,62,1775546965464
mouse,112,62,1775546965470
mouse,114,61,1775546965476
mouse,116,61,1775546965483
mouse,118,60,1775546965489
mouse,120,60,1775546965496
mouse,122,59,1775546965503
mouse,124,59,1775546965511
mouse,126,59,1775546965517
mouse,128,59,1775546965524
mouse,128,58,1775546965533
mouse,130,58,1775546965539
mouse,131,58,1775546965546
mouse,132,58,1775546965552
mouse,134,58,1775546965560
mouse,136,58,1775546965566
mouse,138,58,1775546965573
mouse,142,58,1775546965581
mouse,145,58,1775546965587
mouse,149,58,1775546965594
mouse,153,57,1775546965600
mouse,157,56,1775546965608
mouse,160,56,1775546965615
mouse,163,56,1775546965621
mouse,164,56,1775546965629
mouse,164,55,1775546967153
mouse,165,55,1775546967303
mouse,164,55,1775546967538
mouse,163,55,1775546967545
mouse,160,55,1775546967553
mouse,158,55,1775546967559
mouse,155,55,1775546967566
mouse,152,56,1775546967573
mouse,149,56,1775546967580
mouse,148,56,1775546967587
mouse,148,57,1775546967662
mouse,149,58,1775546967710
mouse,152,60,1775546967718
mouse,152,62,1775546967724
mouse,156,63,1775546967726
mouse,157,66,1775546967733
mouse,160,70,1775546967740
mouse,161,72,1775546967746
mouse,164,75,1775546967753
mouse,168,78,1775546967760
mouse,170,81,1775546967767
mouse,172,83,1775546967774
mouse,176,86,1775546967781
mouse,179,87,1775546967789
mouse,180,90,1775546967795
mouse,183,91,1775546967802
mouse,184,92,1775546967809
mouse,187,94,1775546967816
mouse,188,95,1775546967823
mouse,190,97,1775546967830
mouse,192,98,1775546967837
mouse,193,99,1775546967844
mouse,194,99,1775546967851
mouse,196,101,1775546967858
mouse,196,102,1775546967909
mouse,196,103,1775546967918
mouse,196,104,1775546967935
mouse,196,106,1775546967941
mouse,197,106,1775546967948
mouse,197,107,1775546967955
mouse,197,108,1775546967966
mouse,197,109,1775546967969
mouse,198,110,1775546967990
mouse,198,111,1775546968015
mouse,198,113,1775546968031
mouse,198,114,1775546968043
mouse,198,115,1775546968049
mouse,198,116,1775546968055
mouse,198,117,1775546968059
mouse,198,118,1775546968067
mouse,198,120,1775546968073
mouse,198,121,1775546968080
mouse,198,122,1775546968087
mouse,198,123,1775546968095
mouse,198,124,1775546968120
mouse,198,125,1775546968189
click,198,125,1775546968382
mouse,198,124,1775546968646
mouse,198,123,1775546968663
mouse,197,123,1775546968684
mouse,196,123,1775546968695
mouse,196,123,1775546968720
mouse,195,123,1775546968729
mouse,194,123,1775546968736
mouse,193,123,1775546968740
mouse,192,123,1775546968747
mouse,191,122,1775546968754
mouse,189,122,1775546968761
mouse,188,122,1775546968767
mouse,186,122,1775546968775
mouse,184,122,1775546968781
mouse,182,122,1775546968788
mouse,180,122,1775546968795
mouse,176,122,1775546968802
mouse,173,122,1775546968809
mouse,169,122,1775546968816
mouse,166,122,1775546968823
mouse,162,122,1775546968830
mouse,157,122,1775546968837
mouse,154,122,1775546968844
mouse,150,122,1775546968851
mouse,146,122,1775546968858
mouse,144,122,1775546968864
mouse,140,122,1775546968871
mouse,137,122,1775546968878
mouse,134,122,1775546968885
mouse,132,122,1775546968892
mouse,130,122,1775546968899
mouse,128,122,1775546968906
mouse,126,122,1775546968913
mouse,124,122,1775546968920
mouse,122,122,1775546968927
mouse,120,122,1775546968934
mouse,117,122,1775546968941
mouse,114,122,1775546968949
mouse,112,122,1775546968955
mouse,108,122,1775546968962
mouse,106,122,1775546968968
mouse,104,122,1775546968976
mouse,103,122,1775546968983
mouse,101,122,1775546968990
mouse,100,122,1775546968996
mouse,100,122,1775546969003
mouse,98,122,1775546969010
mouse,97,122,1775546969018
mouse,96,122,1775546969024
mouse,96,122,1775546969031
mouse,95,122,1775546969038
mouse,94,122,1775546969045
mouse,92,122,1775546969052
mouse,92,122,1775546969073
mouse,91,122,1775546969083
click,91,122,1775546969111
mouse,91,122,1775546969115
mouse,92,122,1775546969263
mouse,93,122,1775546969267
mouse,96,122,1775546969274
mouse,100,121,1775546969281
mouse,105,119,1775546969289
mouse,112,119,1775546969295
mouse,118,117,1775546969302
mouse,124,117,1775546969309
mouse,132,116,1775546969316
mouse,140,116,1775546969323
mouse,148,115,1775546969330
mouse,157,115,1775546969337
mouse,164,115,1775546969344
mouse,171,115,1775546969351
mouse,176,115,1775546969357
mouse,177,115,1775546969365
mouse,177,114,1775546969373
mouse,176,114,1775546977465
mouse,175,114,1775546977471
mouse,172,114,1775546977477
mouse,171,114,1775546977483
mouse,168,114,1775546977490
mouse,164,114,1775546977496
mouse,161,114,1775546977503
mouse,157,114,1775546977510
mouse,153,113,1775546977517
mouse,151,113,1775546977524
mouse,151,114,1775546977591
mouse,152,114,1775546977596
mouse,152,116,1775546977601
mouse,152,118,1775546977608
mouse,154,121,1775546977615
mouse,155,124,1775546977621
mouse,156,126,1775546977629
mouse,158,129,1775546977635
mouse,160,131,1775546977642
mouse,162,134,1775546977649
mouse,164,137,1775546977656
mouse,166,140,1775546977663
mouse,168,142,1775546977670
mouse,172,146,1775546977677
mouse,173,150,1775546977684
mouse,176,154,1775546977691
mouse,179,161,1775546977698
mouse,182,166,1775546977705
mouse,187,176,1775546977712
mouse,191,184,1775546977719
mouse,196,191,1775546977726
mouse,199,197,1775546977733
mouse,202,203,1775546977740
mouse,204,206,1775546977746
mouse,207,210,1775546977753
mouse,209,214,1775546977760
mouse,212,218,1775546977768
mouse,213,220,1775546977774
mouse,216,223,1775546977781
mouse,218,226,1775546977788
mouse,220,229,1775546977795
mouse,222,231,1775546977802
mouse,225,234,1775546977810
mouse,228,236,1775546977816
mouse,232,238,1775546977823
mouse,235,241,1775546977830
mouse,238,242,1775546977837
mouse,241,243,1775546977844
mouse,243,244,1775546977851
mouse,244,245,1775546977858
mouse,245,245,1775546977865
mouse,246,245,1775546977873
mouse,247,245,1775546977878
mouse,248,245,1775546977885
mouse,250,245,1775546977892
mouse,252,245,1775546977899
mouse,254,245,1775546977906
mouse,256,245,1775546977913
mouse,260,245,1775546977921
mouse,263,245,1775546977927
mouse,267,245,1775546977934
mouse,272,245,1775546977941
mouse,276,245,1775546977948
mouse,280,245,1775546977955
mouse,285,243,1775546977962
mouse,290,243,1775546977969
mouse,296,242,1775546977976
mouse,299,241,1775546977982
mouse,303,239,1775546977990
mouse,307,238,1775546977997
mouse,310,238,1775546978003
mouse,314,237,1775546978010
mouse,317,236,1775546978017
mouse,320,235,1775546978024
mouse,324,235,1775546978031
mouse,327,234,1775546978038
mouse,330,234,1775546978045
mouse,334,233,1775546978053
mouse,337,232,1775546978059
mouse,340,230,1775546978066
mouse,344,230,1775546978073
mouse,348,229,1775546978080
mouse,352,226,1775546978087
mouse,357,226,1775546978094
mouse,362,224,1775546978101
mouse,366,223,1775546978108
mouse,370,222,1775546978115
mouse,374,220,1775546978122
mouse,379,218,1775546978128
mouse,383,216,1775546978135
mouse,388,214,1775546978142
mouse,392,212,1775546978149
mouse,396,210,1775546978156
mouse,399,209,1775546978163
mouse,403,206,1775546978170
mouse,405,205,1775546978177
mouse,408,203,1775546978184
mouse,409,202,1775546978191
mouse,411,202,1775546978198
mouse,412,201,1775546978205
mouse,412,200,1775546978212
mouse,413,199,1775546978219
mouse,414,198,1775546978226
mouse,413,198,1775546978334
mouse,412,198,1775546978337
mouse,411,198,1775546978344
mouse,409,198,1775546978351
mouse,407,198,1775546978358
mouse,404,198,1775546978365
mouse,402,198,1775546978371
mouse,400,198,1775546978378
mouse,398,198,1775546978385
mouse,395,198,1775546978392
mouse,392,198,1775546978399
mouse,388,198,1775546978406
mouse,383,198,1775546978413
mouse,377,197,1775546978420
mouse,369,196,1775546978427
mouse,360,196,1775546978434
mouse,352,196,1775546978441
mouse,341,196,1775546978448
mouse,332,196,1775546978455
mouse,323,196,1775546978462
mouse,314,196,1775546978469
mouse,305,196,1775546978476
mouse,295,196,1775546978483
mouse,285,196,1775546978490
mouse,276,196,1775546978496
mouse,266,196,1775546978503
mouse,256,196,1775546978510
mouse,245,196,1775546978517
mouse,236,196,1775546978524
mouse,227,196,1775546978531
mouse,220,196,1775546978538
mouse,215,196,1775546978545
mouse,211,196,1775546978552
mouse,208,195,1775546978559
mouse,205,194,1775546978566
mouse,204,194,1775546978573
mouse,201,194,1775546978580
mouse,200,194,1775546978587
mouse,200,194,1775546978662
click,200,194,1775546978745
mouse,199,194,1775546978781
mouse,197,194,1775546978788
mouse,196,194,1775546978796
mouse,195,194,1775546978805
mouse,194,194,1775546978809
mouse,192,194,1775546978817
mouse,189,194,1775546978823
mouse,188,193,1775546978830
mouse,185,193,1775546978837
mouse,182,193,1775546978844
mouse,177,191,1775546978851
mouse,173,190,1775546978858
mouse,171,190,1775546978865
mouse,167,189,1775546978872
mouse,163,188,1775546978878
mouse,159,186,1775546978886
mouse,155,186,1775546978892
mouse,151,185,1775546978900
mouse,148,185,1775546978906
mouse,144,183,1775546978913
mouse,140,182,1775546978920
mouse,136,181,1775546978927
mouse,132,180,1775546978934
mouse,128,178,1775546978941
mouse,125,178,1775546978948
mouse,121,178,1775546978955
mouse,117,176,1775546978962
mouse,113,175,1775546978969
mouse,110,174,1775546978976
mouse,107,173,1775546978983
mouse,103,172,1775546978990
mouse,100,171,1775546978997
mouse,97,170,1775546979003
mouse,95,170,1775546979010
mouse,92,169,1775546979017
mouse,91,168,1775546979024
mouse,89,168,1775546979031
mouse,88,168,1775546979038
mouse,87,167,1775546979045
mouse,86,167,1775546979052
mouse,85,166,1775546979059
mouse,84,166,1775546979066
mouse,83,166,1775546979073
mouse,82,166,1775546979080
mouse,81,166,1775546979087
mouse,80,166,1775546979096
mouse,80,165,1775546979103
mouse,79,165,1775546979109
mouse,79,164,1775546979129
mouse,77,164,1775546979136
mouse,76,164,1775546979156
mouse,75,163,1775546979163
mouse,74,163,1775546979170
mouse,72,162,1775546979177
mouse,71,162,1775546979186
mouse,70,162,1775546979191
mouse,69,162,1775546979198
mouse,68,162,1775546979206
mouse,67,161,1775546979212
mouse,65,161,1775546979219
mouse,64,161,1775546979226
mouse,63,160,1775546979233
mouse,62,160,1775546979240
mouse,61,160,1775546979247
mouse,60,160,1775546979255
mouse,59,160,1775546979260
mouse,58,160,1775546979269
mouse,57,159,1775546979275
mouse,56,159,1775546979281
mouse,55,159,1775546979290
mouse,55,158,1775546979300
mouse,54,158,1775546979302
mouse,53,158,1775546979311
mouse,52,158,1775546979320
mouse,51,158,1775546979341
mouse,50,158,1775546979363
mouse,49,158,1775546979379
mouse,48,158,1775546979399
mouse,47,158,1775546979421
mouse,46,158,1775546979433
mouse,45,158,1775546979438
mouse,45,159,1775546979447
mouse,44,159,1775546979451
mouse,43,159,1775546979469
mouse,41,160,1775546979476
mouse,41,161,1775546979483
mouse,40,162,1775546979490
mouse,39,162,1775546979511
mouse,38,162,1775546979521
mouse,940,82,1775546982984
mouse,939,82,1775546983085
mouse,938,82,1775546983101
mouse,937,82,1775546983112
mouse,936,82,1775546983118
mouse,935,82,1775546983136
mouse,934,82,1775546983142
mouse,932,82,1775546983149
mouse,931,82,1775546983156
mouse,929,82,1775546983163
mouse,926,82,1775546983170
mouse,923,82,1775546983177
mouse,919,82,1775546983184
mouse,914,82,1775546983191
mouse,911,82,1775546983198
mouse,906,82,1775546983205
mouse,902,82,1775546983212
mouse,897,82,1775546983219
mouse,892,82,1775546983226
mouse,888,82,1775546983233
mouse,882,82,1775546983240
mouse,876,82,1775546983246
mouse,870,82,1775546983254
mouse,862,81,1775546983260
mouse,852,80,1775546983267
mouse,842,79,1775546983274
mouse,830,78,1775546983281
mouse,818,78,1775546983288
mouse,806,77,1775546983295
mouse,792,76,1775546983302
mouse,778,76,1775546983309
mouse,764,76,1775546983316
mouse,751,76,1775546983323
mouse,738,76,1775546983330
mouse,725,76,1775546983337
mouse,712,76,1775546983344
mouse,700,76,1775546983351
mouse,689,76,1775546983358
mouse,678,76,1775546983364
mouse,668,76,1775546983371
mouse,660,76,1775546983378
mouse,651,76,1775546983385
mouse,642,76,1775546983392
mouse,635,76,1775546983399
mouse,628,77,1775546983406
mouse,621,77,1775546983413
mouse,616,78,1775546983420
mouse,610,78,1775546983427
mouse,604,79,1775546983434
mouse,597,80,1775546983441
mouse,590,81,1775546983448
mouse,581,81,1775546983455
mouse,573,82,1775546983462
mouse,563,83,1775546983469
mouse,552,84,1775546983476
mouse,542,85,1775546983483
mouse,531,86,1775546983490
mouse,523,86,1775546983496
mouse,513,88,1775546983503
mouse,504,90,1775546983510
mouse,492,90,1775546983517
mouse,481,91,1775546983524
mouse,470,93,1775546983531
mouse,457,94,1775546983538
mouse,447,94,1775546983545
mouse,435,95,1775546983552
mouse,422,96,1775546983559
mouse,405,97,1775546983566
mouse,392,97,1775546983573
mouse,374,97,1775546983580
mouse,356,97,1775546983587
mouse,336,96,1775546983594
mouse,317,94,1775546983601
mouse,298,92,1775546983608
mouse,281,91,1775546983615
mouse,264,90,1775546983622
mouse,247,87,1775546983629
mouse,232,86,1775546983635
mouse,216,83,1775546983642
mouse,202,82,1775546983649
mouse,189,80,1775546983656
mouse,176,78,1775546983663
mouse,164,77,1775546983670
mouse,154,75,1775546983677
mouse,144,74,1775546983684
mouse,136,73,1775546983691
mouse,126,70,1775546983698
mouse,120,70,1775546983705
mouse,114,69,1775546983712
mouse,110,68,1775546983719
mouse,106,67,1775546983726
mouse,104,66,1775546983733
mouse,102,66,1775546983740
mouse,100,66,1775546983747
mouse,100,65,1775546983767
mouse,99,65,1775546983780
mouse,99,64,1775546983782
mouse,98,63,1775546983802
mouse,98,62,1775546983809
mouse,97,61,1775546983816
mouse,96,60,1775546983823
mouse,96,59,1775546983830
mouse,96,58,1775546983837
mouse,96,57,1775546983849
mouse,96,56,1775546983865
mouse,95,56,1775546983872
mouse,94,54,1775546983879
mouse,94,53,1775546983889
mouse,94,52,1775546983896
mouse,94,51,1775546983900
mouse,94,50,1775546983907
mouse,94,49,1775546983913
mouse,94,48,1775546983920
mouse,94,46,1775546983927
mouse,94,45,1775546983934
mouse,94,44,1775546983942
mouse,95,42,1775546983948
mouse,95,41,1775546983958
mouse,96,40,1775546983976
mouse,96,39,1775546983983
mouse,96,38,1775546983990
mouse,97,38,1775546983997
mouse,98,37,1775546984005
mouse,99,37,1775546984011
mouse,99,36,1775546984018
mouse,100,36,1775546984025
mouse,101,35,1775546984031
mouse,101,34,1775546984038
mouse,103,34,1775546984045
mouse,103,33,1775546984057
mouse,104,33,1775546984059
mouse,104,32,1775546984080
mouse,105,31,1775546984087
mouse,106,31,1775546984094
mouse,107,31,1775546984101
mouse,107,30,1775546984108
mouse,108,30,1775546984117
mouse,108,29,1775546984137
mouse,109,29,1775546984156
mouse,109,28,1775546984164
mouse,110,28,1775546984184
mouse,111,28,1775546984206
mouse,111,27,1775546984213
mouse,112,27,1775546984264
mouse,112,26,1775546984281
mouse,112,27,1775546984786
mouse,113,27,1775546984802
mouse,113,28,1775546984810
mouse,114,28,1775546984831
mouse,114,29,1775546984838
mouse,115,29,1775546984847
mouse,115,30,1775546984851
mouse,115,31,1775546984888
mouse,116,31,1775546984906
mouse,116,32,1775546984943
mouse,119,32,1775547049307
mouse,120,32,1775547049313
mouse,126,31,1775547049318
mouse,132,30,1775547049324
mouse,140,30,1775547049330
mouse,151,27,1775547049337
mouse,166,26,1775547049344
mouse,185,25,1775547049351
mouse,209,22,1775547049358
mouse,232,21,1775547049365
mouse,261,18,1775547049372
mouse,290,15,1775547049379
mouse,319,12,1775547049386
mouse,347,10,1775547049393
mouse,372,6,1775547049400
mouse,396,5,1775547049407
mouse,418,2,1775547049414
mouse,442,0,1775547049421
mouse,488,0,1775547049815
mouse,480,3,1775547049817
mouse,457,10,1775547049824
mouse,434,18,1775547049831
mouse,410,26,1775547049838
mouse,388,34,1775547049844
mouse,370,41,1775547049851
mouse,356,46,1775547049858
mouse,341,51,1775547049865
mouse,330,56,1775547049872
mouse,321,59,1775547049879
mouse,314,62,1775547049886
mouse,308,64,1775547049893
mouse,304,66,1775547049900
mouse,300,67,1775547049907
mouse,296,68,1775547049914
mouse,293,70,1775547049921
mouse,290,70,1775547049928
mouse,286,70,1775547049935
mouse,283,70,1775547049942
mouse,279,71,1775547049949
mouse,273,71,1775547049956
mouse,268,71,1775547049962
mouse,260,71,1775547049969
mouse,252,71,1775547049976
mouse,245,71,1775547049983
mouse,237,71,1775547049990
mouse,229,71,1775547049997
mouse,221,71,1775547050004
mouse,214,70,1775547050011
mouse,205,70,1775547050018
mouse,196,69,1775547050025
mouse,187,67,1775547050032
mouse,175,66,1775547050039
mouse,163,64,1775547050046
mouse,152,64,1775547050053
mouse,140,64,1775547050060
mouse,131,64,1775547050067
mouse,122,64,1775547050074
mouse,115,64,1775547050081
mouse,108,64,1775547050088
mouse,102,66,1775547050095
mouse,96,66,1775547050101
mouse,92,68,1775547050108
mouse,88,70,1775547050115
mouse,84,71,1775547050122
mouse,81,74,1775547050129
mouse,78,78,1775547050136
mouse,76,81,1775547050143
mouse,74,85,1775547050150
mouse,72,88,1775547050157
mouse,70,93,1775547050164
mouse,68,98,1775547050171
mouse,68,101,1775547050178
mouse,67,105,1775547050185
mouse,65,109,1775547050192
mouse,64,114,1775547050199
mouse,64,117,1775547050206
mouse,64,121,1775547050212
mouse,64,126,1775547050219
mouse,64,130,1775547050226
mouse,66,136,1775547050233
mouse,68,141,1775547050240
mouse,71,147,1775547050247
mouse,74,153,1775547050254
mouse,78,160,1775547050261
mouse,83,168,1775547050268
mouse,88,174,1775547050275
mouse,93,180,1775547050282
mouse,97,186,1775547050289
mouse,102,191,1775547050296
mouse,106,195,1775547050303
mouse,109,199,1775547050310
mouse,112,202,1775547050317
mouse,116,205,1775547050323
mouse,121,208,1775547050330
mouse,126,210,1775547050337
mouse,132,214,1775547050344
mouse,137,216,1775547050351
mouse,144,218,1775547050358
mouse,151,221,1775547050365
mouse,157,223,1775547050372
mouse,164,224,1775547050379
mouse,172,225,1775547050386
mouse,179,226,1775547050393
mouse,184,226,1775547050400
mouse,190,226,1775547050407
mouse,195,226,1775547050414
mouse,199,226,1775547050421
mouse,203,226,1775547050428
mouse,207,226,1775547050436
mouse,211,226,1775547050442
mouse,216,226,1775547050448
mouse,221,226,1775547050455
mouse,227,226,1775547050463
mouse,233,226,1775547050469
mouse,243,227,1775547050477
mouse,248,227,1775547050483
mouse,257,227,1775547050490
mouse,265,227,1775547050497
mouse,273,227,1775547050504
mouse,281,227,1775547050511
mouse,288,226,1775547050518
mouse,296,225,1775547050525
mouse,303,224,1775547050532
mouse,310,222,1775547050539
mouse,316,222,1775547050546
mouse,324,221,1775547050553
mouse,332,219,1775547050560
mouse,337,218,1775547050567
mouse,344,218,1775547050573
mouse,349,218,1775547050580
mouse,354,217,1775547050587
mouse,359,216,1775547050594
mouse,364,214,1775547050601
mouse,368,214,1775547050608
mouse,371,213,1775547050615
mouse,375,211,1775547050622
mouse,379,210,1775547050629
mouse,384,208,1775547050636
mouse,390,207,1775547050643
mouse,396,206,1775547050650
mouse,404,204,1775547050657
mouse,412,202,1775547050664
mouse,421,200,1775547050671
mouse,431,198,1775547050678
mouse,440,197,1775547050685
mouse,449,195,1775547050692
mouse,456,194,1775547050698
mouse,462,193,1775547050705
mouse,467,192,1775547050712
mouse,469,191,1775547050719
mouse,471,190,1775547050726
mouse,472,190,1775547050733
mouse,472,190,1775547050801
mouse,472,190,1775547050818
mouse,473,189,1775547050838
click,473,189,1775547050870
mouse,473,189,1775547050874
mouse,473,190,1775547051015
mouse,472,190,1775547051019
mouse,472,191,1775547051026
mouse,469,193,1775547051033
mouse,468,194,1775547051041
mouse,466,197,1775547051047
mouse,465,198,1775547051053
mouse,463,201,1775547051060
mouse,460,202,1775547051067
mouse,457,206,1775547051074
mouse,453,209,1775547051081
mouse,448,212,1775547051087
mouse,443,215,1775547051094
mouse,438,220,1775547051101
mouse,433,222,1775547051108
mouse,428,226,1775547051115
mouse,423,229,1775547051122
mouse,417,231,1775547051129
mouse,412,234,1775547051136
mouse,408,236,1775547051143
mouse,405,238,1775547051150
mouse,402,239,1775547051157
mouse,399,241,1775547051164
mouse,396,242,1775547051171
mouse,394,242,1775547051178
mouse,392,242,1775547051185
mouse,389,244,1775547051193
mouse,388,244,1775547051199
mouse,386,245,1775547051206
mouse,385,245,1775547051213
mouse,384,245,1775547051220
mouse,383,245,1775547051227
mouse,382,245,1775547051233
mouse,380,245,1775547051240
mouse,379,246,1775547051248
mouse,377,246,1775547051254
mouse,376,246,1775547051261
mouse,373,246,1775547051268
mouse,372,246,1775547051275
mouse,369,246,1775547051282
mouse,367,247,1775547051289
mouse,364,248,1775547051296
mouse,360,249,1775547051303
mouse,356,250,1775547051310
mouse,352,250,1775547051317
mouse,348,252,1775547051324
mouse,344,253,1775547051331
mouse,338,254,1775547051338
mouse,333,256,1775547051344
mouse,328,258,1775547051351
mouse,324,258,1775547051358
mouse,319,259,1775547051365
mouse,315,262,1775547051372
mouse,312,263,1775547051379
mouse,308,264,1775547051386
mouse,305,266,1775547051394
mouse,304,267,1775547051400
mouse,302,268,1775547051407
mouse,300,269,1775547051414
mouse,298,270,1775547051422
mouse,297,271,1775547051428
mouse,296,272,1775547051436
mouse,295,273,1775547051442
mouse,293,274,1775547051450
mouse,293,275,1775547051456
mouse,292,277,1775547051463
mouse,291,278,1775547051470
mouse,291,279,1775547051476
mouse,290,281,1775547051483
mouse,289,282,1775547051490
mouse,289,284,1775547051497
mouse,289,285,1775547051504
mouse,289,287,1775547051511
mouse,288,289,1775547051518
mouse,288,291,1775547051525
mouse,288,293,1775547051533
mouse,288,295,1775547051539
mouse,288,298,1775547051546
mouse,289,302,1775547051553
mouse,290,305,1775547051560
mouse,292,308,1775547051567
mouse,296,312,1775547051574
mouse,299,317,1775547051580
mouse,303,322,1775547051587
mouse,308,326,1775547051594
mouse,313,330,1775547051601
mouse,319,333,1775547051608
mouse,324,336,1775547051615
mouse,329,339,1775547051622
mouse,335,342,1775547051629
mouse,342,345,1775547051636
mouse,348,347,1775547051643
mouse,356,349,1775547051650
mouse,364,352,1775547051657
mouse,373,354,1775547051664
mouse,383,357,1775547051671
mouse,395,360,1775547051678
mouse,408,363,1775547051685
mouse,422,366,1775547051692
mouse,437,370,1775547051699
mouse,452,372,1775547051705
mouse,466,374,1775547051712
mouse,480,377,1775547051719
mouse,492,378,1775547051726
mouse,503,378,1775547051733
mouse,513,378,1775547051740
mouse,521,378,1775547051747
mouse,530,378,1775547051754
mouse,537,378,1775547051761
mouse,544,378,1775547051768
mouse,552,378,1775547051775
mouse,558,377,1775547051782
mouse,564,377,1775547051789
mouse,570,375,1775547051796
mouse,579,374,1775547051803
mouse,584,374,1775547051810
mouse,592,374,1775547051817
mouse,599,372,1775547051823
mouse,606,371,1775547051830
mouse,613,370,1775547051837
mouse,620,369,1775547051844
mouse,628,369,1775547051851
mouse,636,366,1775547051858
mouse,643,365,1775547051865
mouse,650,362,1775547051872
mouse,658,360,1775547051879
mouse,665,358,1775547051886
mouse,672,354,1775547051893
mouse,680,351,1775547051900
mouse,687,349,1775547051907
mouse,696,344,1775547051914
mouse,705,338,1775547051921
mouse,715,333,1775547051928
mouse,724,327,1775547051935
mouse,732,322,1775547051942
mouse,739,318,1775547051949
mouse,744,314,1775547051955
mouse,750,311,1775547051962
mouse,756,308,1775547051969
mouse,760,305,1775547051976
mouse,764,302,1775547051983
mouse,766,299,1775547051990
mouse,769,296,1775547051997
mouse,771,293,1775547052004
mouse,773,290,1775547052011
mouse,776,286,1775547052018
mouse,777,283,1775547052025
mouse,778,280,1775547052032
mouse,778,277,1775547052039
mouse,779,274,1775547052046
mouse,779,272,1775547052053
mouse,779,270,1775547052060
mouse,778,266,1775547052067
mouse,777,263,1775547052074
mouse,776,261,1775547052081
mouse,772,257,1775547052088
mouse,770,254,1775547052095
mouse,765,250,1775547052102
mouse,759,246,1775547052108
mouse,751,242,1775547052116
mouse,742,237,1775547052122
mouse,732,233,1775547052129
mouse,723,229,1775547052136
mouse,713,226,1775547052143
mouse,702,223,1775547052150
mouse,692,220,1775547052157
mouse,681,218,1775547052164
mouse,669,217,1775547052171
mouse,658,215,1775547052178
mouse,647,214,1775547052185
mouse,634,213,1775547052192
mouse,624,211,1775547052199
mouse,612,210,1775547052206
mouse,604,210,1775547052213
mouse,594,209,1775547052219
mouse,585,209,1775547052226
mouse,577,208,1775547052233
mouse,570,208,1775547052240
mouse,564,208,1775547052247
mouse,557,208,1775547052254
mouse,551,210,1775547052261
mouse,544,210,1775547052268
mouse,536,210,1775547052275
mouse,529,210,1775547052282
mouse,522,210,1775547052289
mouse,516,210,1775547052296
mouse,508,210,1775547052303
mouse,501,210,1775547052310
mouse,494,210,1775547052317
mouse,486,209,1775547052324
mouse,478,208,1775547052331
mouse,471,208,1775547052337
mouse,464,208,1775547052344
mouse,457,208,1775547052351
mouse,451,208,1775547052358
mouse,445,209,1775547052365
mouse,439,210,1775547052372
mouse,433,210,1775547052379
mouse,428,212,1775547052386
mouse,422,214,1775547052393
mouse,417,214,1775547052400
mouse,412,215,1775547052407
mouse,407,216,1775547052414
mouse,403,216,1775547052421
mouse,399,216,1775547052428
mouse,393,216,1775547052435
mouse,388,216,1775547052442
mouse,384,216,1775547052449
mouse,381,216,1775547052456
mouse,378,216,1775547052463
mouse,376,216,1775547052469
mouse,373,216,1775547052476
mouse,371,216,1775547052483
mouse,367,216,1775547052490
mouse,364,216,1775547052497
mouse,361,218,1775547052504
mouse,356,218,1775547052511
mouse,352,219,1775547052518
mouse,347,222,1775547052525
mouse,343,223,1775547052532
mouse,337,225,1775547052539
mouse,333,226,1775547052546
mouse,329,228,1775547052553
mouse,326,228,1775547052560
mouse,324,230,1775547052567
mouse,322,230,1775547052574
mouse,320,230,1775547052581
mouse,319,230,1775547052635
mouse,318,230,1775547052642
mouse,317,230,1775547052657
mouse,316,230,1775547052664
mouse,316,229,1775547052672
mouse,314,229,1775547052678
mouse,312,229,1775547052685
mouse,312,228,1775547052692
mouse,311,228,1775547052699
mouse,310,227,1775547052706
mouse,309,226,1775547052713
mouse,308,226,1775547052719
mouse,308,226,1775547052726
mouse,307,226,1775547052741
mouse,306,226,1775547052752
mouse,306,226,1775547052772
mouse,305,225,1775547052778
click,305,225,1775547052785
mouse,304,224,1775547052796
mouse,304,223,1775547052803
mouse,304,222,1775547052810
mouse,304,221,1775547052818
mouse,304,220,1775547052824
mouse,303,219,1775547052832
mouse,302,218,1775547052838
mouse,300,217,1775547052846
mouse,300,215,1775547052851
mouse,298,214,1775547052859
mouse,297,213,1775547052865
mouse,296,211,1775547052872
mouse,293,210,1775547052879
mouse,290,209,1775547052886
mouse,287,207,1775547052893
mouse,284,206,1775547052900
mouse,279,206,1775547052907
mouse,273,204,1775547052914
mouse,266,203,1775547052921
mouse,258,201,1775547052928
mouse,248,200,1775547052935
mouse,240,199,1775547052942
mouse,231,198,1775547052949
mouse,221,197,1775547052955
mouse,212,197,1775547052962
mouse,202,195,1775547052969
mouse,192,194,1775547052976
mouse,184,194,1775547052983
mouse,174,193,1775547052990
mouse,167,192,1775547052997
mouse,158,192,1775547053004
mouse,152,190,1775547053011
mouse,147,190,1775547053018
mouse,142,190,1775547053025
mouse,138,190,1775547053032
mouse,135,189,1775547053040
mouse,132,188,1775547053046
mouse,131,188,1775547053054
mouse,130,188,1775547053064
mouse,130,187,1775547053067
mouse,129,187,1775547053164
mouse,128,187,1775547053185
mouse,128,186,1775547053192
mouse,127,186,1775547053216
mouse,126,186,1775547053250
mouse,125,185,1775547053254
mouse,124,185,1775547053261
mouse,123,185,1775547053268
mouse,120,184,1775547053275
mouse,119,183,1775547053282
mouse,116,182,1775547053289
mouse,114,182,1775547053296
mouse,111,181,1775547053303
mouse,109,180,1775547053310
mouse,107,179,1775547053317
mouse,105,178,1775547053324
mouse,103,178,1775547053331
mouse,101,177,1775547053338
mouse,99,176,1775547053344
mouse,97,175,1775547053351
mouse,95,174,1775547053358
mouse,93,174,1775547053365
mouse,92,172,1775547053373
mouse,89,171,1775547053380
mouse,87,170,1775547053386
mouse,85,170,1775547053393
mouse,83,168,1775547053400
mouse,81,168,1775547053407
mouse,80,166,1775547053414
mouse,77,166,1775547053421
mouse,76,166,1775547053428
mouse,75,165,1775547053435
mouse,74,165,1775547053442
mouse,73,164,1775547053449
mouse,72,164,1775547053456
mouse,71,164,1775547053501
mouse,70,164,1775547053504
mouse,69,164,1775547053511
mouse,68,164,1775547053518
mouse,67,164,1775547053531
mouse,66,164,1775547053538
mouse,65,163,1775547053553
mouse,64,163,1775547053561
mouse,64,162,1775547053567
mouse,63,162,1775547053574
mouse,61,162,1775547053581
mouse,60,162,1775547053602
mouse,60,161,1775547053608
mouse,58,161,1775547053616
mouse,57,160,1775547053622
mouse,56,160,1775547053631
mouse,55,160,1775547053656
mouse,54,159,1775547053685
mouse,53,159,1775547053696
mouse,52,159,1775547053716
mouse,51,158,1775547053733
mouse,50,158,1775547053740
mouse,48,158,1775547053747
mouse,47,158,1775547053758
mouse,46,158,1775547053763
mouse,46,157,1775547053768
mouse,45,157,1775547053779
mouse,45,156,1775547053878
mouse,45,155,1775547053887
mouse,47,154,1775547053893
mouse,48,154,1775547053900
mouse,50,152,1775547053907
mouse,52,150,1775547053914
mouse,55,148,1775547053921
mouse,58,146,1775547053929
mouse,61,144,1775547053935
mouse,64,142,1775547053942
mouse,68,138,1775547053949
mouse,72,136,1775547053957
mouse,74,134,1775547053962
mouse,78,131,1775547053969
mouse,80,129,1775547053976
mouse,84,126,1775547053983
mouse,86,125,1775547053990
mouse,88,122,1775547053997
mouse,92,120,1775547054004
mouse,94,118,1775547054011
mouse,98,115,1775547054018
mouse,101,113,1775547054025
mouse,104,110,1775547054032
mouse,108,106,1775547054039
mouse,112,104,1775547054046
mouse,116,100,1775547054053
mouse,119,98,1775547054060
mouse,121,96,1775547054067
mouse,124,94,1775547054074
mouse,128,91,1775547054081
mouse,129,90,1775547054087
mouse,130,88,1775547054094
mouse,132,87,1775547054101
mouse,133,86,1775547054108
mouse,134,85,1775547054115
mouse,136,84,1775547054122
mouse,136,83,1775547054130
mouse,137,82,1775547054136
mouse,138,82,1775547054143
mouse,140,81,1775547054150
mouse,140,80,1775547054158
mouse,141,79,1775547054165
mouse,143,78,1775547054172
mouse,144,78,1775547054180
mouse,144,77,1775547054187
mouse,145,77,1775547054193
mouse,146,77,1775547054201
mouse,147,77,1775547054208
mouse,147,76,1775547054215
mouse,148,76,1775547054448
mouse,149,76,1775547054470
click,149,76,1775547054592
mouse,150,76,1775547054826
mouse,151,76,1775547054835
mouse,152,76,1775547054853
mouse,152,77,1775547054859
mouse,153,77,1775547054866
mouse,155,78,1775547054873
mouse,156,78,1775547054879
mouse,157,78,1775547054886
mouse,159,79,1775547054893
mouse,160,80,1775547054900
mouse,161,81,1775547054907
mouse,163,82,1775547054914
mouse,164,82,1775547054921
mouse,165,83,1775547054928
mouse,166,83,1775547054935
mouse,168,84,1775547054942
mouse,169,86,1775547054950
mouse,171,86,1775547054956
mouse,173,87,1775547054963
mouse,176,90,1775547054971
mouse,178,90,1775547054976
mouse,180,92,1775547054985
mouse,182,94,1775547054990
mouse,185,94,1775547054997
mouse,188,96,1775547055004
mouse,189,98,1775547055011
mouse,192,98,1775547055018
mouse,193,100,1775547055025
mouse,196,102,1775547055032
mouse,197,102,1775547055039
mouse,199,104,1775547055046
mouse,200,106,1775547055054
mouse,201,106,1775547055060
mouse,203,107,1775547055067
mouse,205,109,1775547055074
mouse,207,110,1775547055081
mouse,208,111,1775547055088
mouse,209,113,1775547055095
mouse,211,114,1775547055102
mouse,213,115,1775547055108
mouse,215,118,1775547055115
mouse,217,118,1775547055122
mouse,218,119,1775547055129
mouse,220,122,1775547055136
mouse,223,123,1775547055144
mouse,224,124,1775547055150
mouse,226,126,1775547055157
mouse,228,126,1775547055164
mouse,230,127,1775547055171
mouse,232,128,1775547055178
mouse,233,130,1775547055185
mouse,235,130,1775547055192
mouse,236,131,1775547055199
mouse,239,132,1775547055206
mouse,240,133,1775547055213
mouse,241,134,1775547055220
mouse,243,134,1775547055226
mouse,244,135,1775547055233
mouse,246,135,1775547055241
mouse,248,137,1775547055247
mouse,249,137,1775547055254
mouse,252,138,1775547055261
mouse,255,139,1775547055268
mouse,257,139,1775547055275
mouse,260,140,1775547055282
mouse,263,142,1775547055289
mouse,264,142,1775547055296
mouse,267,142,1775547055303
mouse,268,143,1775547055310
mouse,270,143,1775547055317
mouse,272,143,1775547055324
mouse,273,143,1775547055331
mouse,275,144,1775547055338
mouse,276,145,1775547055345
mouse,279,145,1775547055351
mouse,280,145,1775547055358
mouse,283,145,1775547055365
mouse,284,145,1775547055372
mouse,287,145,1775547055379
mouse,289,146,1775547055386
mouse,292,146,1775547055393
mouse,294,146,1775547055400
mouse,296,146,1775547055407
mouse,298,146,1775547055414
mouse,300,146,1775547055421
mouse,303,145,1775547055428
mouse,306,144,1775547055436
mouse,308,143,1775547055442
mouse,310,143,1775547055449
mouse,312,142,1775547055456
mouse,315,141,1775547055463
mouse,318,140,1775547055471
mouse,320,139,1775547055476
mouse,321,138,1775547055483
mouse,323,138,1775547055491
mouse,324,137,1775547055498
mouse,325,136,1775547055504
mouse,327,136,1775547055512
mouse,328,136,1775547055518
mouse,329,134,1775547055525
mouse,331,134,1775547055532
mouse,333,132,1775547055540
mouse,335,131,1775547055546
mouse,336,130,1775547055553
mouse,338,128,1775547055560
mouse,340,127,1775547055567
mouse,340,126,1775547055575
mouse,341,125,1775547055581
mouse,341,124,1775547055588
mouse,342,124,1775547055595
mouse,343,124,1775547055650
mouse,343,123,1775547055694
mouse,343,122,1775547055703
mouse,342,122,1775547055720
mouse,341,121,1775547055728
mouse,340,120,1775547055734
mouse,340,119,1775547055744
mouse,339,119,1775547055748
mouse,338,118,1775547055754
mouse,336,118,1775547055761
mouse,335,117,1775547055768
mouse,332,117,1775547055775
mouse,331,116,1775547055782
mouse,328,114,1775547055789
mouse,324,114,1775547055796
mouse,320,114,1775547055803
mouse,316,113,1775547055811
mouse,312,112,1775547055817
mouse,308,112,1775547055824
mouse,303,112,1775547055830
mouse,298,112,1775547055838
mouse,292,112,1775547055844
mouse,288,112,1775547055851
mouse,282,112,1775547055859
mouse,278,112,1775547055865
mouse,273,112,1775547055872
mouse,268,113,1775547055879
mouse,262,114,1775547055886
mouse,258,114,1775547055893
mouse,253,114,1775547055900
mouse,249,116,1775547055907
mouse,246,116,1775547055914
mouse,244,116,1775547055921
mouse,242,117,1775547055928
mouse,240,118,1775547055935
mouse,239,118,1775547055943
mouse,237,118,1775547055949
mouse,236,118,1775547055956
mouse,236,119,1775547055963
mouse,234,120,1775547055971
mouse,233,120,1775547055983
mouse,233,121,1775547055984
mouse,233,122,1775547055995
mouse,232,122,1775547055998
mouse,232,123,1775547056009
mouse,231,124,1775547056016
mouse,230,124,1775547056020
mouse,230,126,1775547056025
mouse,229,127,1775547056034
mouse,228,128,1775547056039
mouse,228,130,1775547056046
mouse,228,131,1775547056053
mouse,228,133,1775547056060
mouse,227,134,1775547056067
mouse,227,135,1775547056074
mouse,227,138,1775547056081
mouse,226,140,1775547056088
mouse,226,142,1775547056094
mouse,226,145,1775547056101
mouse,226,146,1775547056110
mouse,226,149,1775547056115
mouse,226,151,1775547056122
mouse,226,153,1775547056129
mouse,226,156,1775547056136
mouse,226,158,1775547056143
mouse,227,161,1775547056150
mouse,227,163,1775547056157
mouse,227,166,1775547056164
mouse,227,167,1775547056171
mouse,228,170,1775547056178
mouse,228,173,1775547056185
mouse,229,174,1775547056192
mouse,229,176,1775547056199
mouse,229,178,1775547056207
mouse,229,179,1775547056213
mouse,229,181,1775547056220
mouse,229,182,1775547056226
mouse,229,183,1775547056234
mouse,228,184,1775547056242
mouse,228,185,1775547056247
mouse,228,186,1775547056254
mouse,227,187,1775547056263
mouse,226,187,1775547056269
mouse,225,189,1775547056275
mouse,224,190,1775547056283
mouse,222,191,1775547056289
mouse,220,191,1775547056296
mouse,218,193,1775547056303
mouse,215,193,1775547056310
mouse,211,194,1775547056317
mouse,207,194,1775547056324
mouse,203,195,1775547056331
mouse,199,195,1775547056337
mouse,196,196,1775547056345
mouse,192,196,1775547056351
mouse,188,196,1775547056358
mouse,184,196,1775547056366
mouse,181,196,1775547056372
mouse,177,196,1775547056379
mouse,175,196,1775547056386
mouse,171,196,1775547056393
mouse,168,196,1775547056400
mouse,165,195,1775547056407
mouse,162,194,1775547056414
mouse,159,194,1775547056421
mouse,155,193,1775547056428
mouse,152,192,1775547056435
mouse,148,190,1775547056442
mouse,144,190,1775547056449
mouse,141,189,1775547056456
mouse,137,188,1775547056464
mouse,134,186,1775547056469
mouse,131,186,1775547056476
mouse,127,186,1775547056483
mouse,124,184,1775547056490
mouse,120,183,1775547056497
mouse,117,182,1775547056504
mouse,114,182,1775547056511
mouse,111,181,1775547056518
mouse,108,180,1775547056525
mouse,106,180,1775547056532
mouse,104,179,1775547056539
mouse,103,178,1775547056546
mouse,100,178,1775547056553
mouse,99,178,1775547056561
mouse,98,177,1775547056568
mouse,96,176,1775547056574
mouse,95,176,1775547056581
mouse,92,175,1775547056589
mouse,91,174,1775547056595
mouse,88,174,1775547056601
mouse,87,174,1775547056608
mouse,85,173,1775547056615
mouse,83,172,1775547056622
mouse,80,171,1775547056629
mouse,77,170,1775547056636
mouse,75,170,1775547056643
mouse,73,169,1775547056650
mouse,72,168,1775547056658
mouse,70,168,1775547056664
mouse,69,168,1775547056672
mouse,68,167,1775547056678
mouse,66,166,1775547056686
mouse,65,166,1775547056692
mouse,64,166,1775547056699
mouse,63,166,1775547056707
mouse,62,166,1775547056717
mouse,62,165,1775547056720
mouse,61,165,1775547056727
mouse,60,164,1775547056734
mouse,59,164,1775547056742
mouse,58,164,1775547056747
mouse,57,164,1775547056756
mouse,56,163,1775547056763
mouse,56,162,1775547056769
mouse,55,162,1775547056775
mouse,53,162,1775547056782
mouse,52,162,1775547056793
mouse,52,161,1775547056810
mouse,50,161,1775547056817
mouse,49,160,1775547056824
mouse,48,160,1775547056831
mouse,48,159,1775547056843
mouse,47,159,1775547056852
mouse,46,158,1775547056858
mouse,45,158,1775547056866
mouse,44,158,1775547056878
mouse,43,158,1775547056897
mouse,42,158,1775547056901
mouse,41,157,1775547056907
mouse,41,156,1775547056919
mouse,40,156,1775547056935
mouse,968,79,1775547060595
mouse,968,80,1775547060601
mouse,967,80,1775547060636
mouse,966,80,1775547060650
mouse,964,80,1775547060658
mouse,963,80,1775547060678
mouse,961,80,1775547060686
mouse,960,81,1775547060693
mouse,959,81,1775547060700
mouse,958,81,1775547060706
mouse,956,81,1775547060713
mouse,955,81,1775547060720
mouse,953,81,1775547060727
mouse,952,81,1775547060733
mouse,951,81,1775547060740
mouse,949,81,1775547060747
mouse,947,81,1775547060754
mouse,945,81,1775547060761
mouse,943,81,1775547060768
mouse,941,81,1775547060775
mouse,939,81,1775547060782
mouse,936,81,1775547060789
mouse,934,81,1775547060796
mouse,931,81,1775547060803
mouse,928,81,1775547060810
mouse,924,81,1775547060817
mouse,920,81,1775547060824
mouse,914,81,1775547060831
mouse,909,81,1775547060838
mouse,903,81,1775547060844
mouse,896,81,1775547060851
mouse,887,81,1775547060858
mouse,879,82,1775547060865
mouse,869,82,1775547060872
mouse,856,83,1775547060879
mouse,847,84,1775547060886
mouse,836,85,1775547060893
mouse,822,86,1775547060900
mouse,810,87,1775547060907
mouse,796,87,1775547060914
mouse,782,89,1775547060921
mouse,768,90,1775547060928
mouse,754,91,1775547060935
mouse,739,92,1775547060942
mouse,723,94,1775547060949
mouse,707,94,1775547060956
mouse,690,96,1775547060963
mouse,672,96,1775547060970
mouse,653,96,1775547060976
mouse,633,97,1775547060983
mouse,613,97,1775547060990
mouse,595,98,1775547060997
mouse,572,98,1775547061004
mouse,556,99,1775547061011
mouse,540,101,1775547061019
mouse,524,102,1775547061026
mouse,508,102,1775547061033
mouse,497,104,1775547061039
mouse,485,105,1775547061046
mouse,476,105,1775547061053
mouse,466,106,1775547061060
mouse,457,106,1775547061067
mouse,452,107,1775547061076
mouse,443,107,1775547061083
mouse,438,108,1775547061088
mouse,432,108,1775547061094
mouse,426,108,1775547061101
mouse,420,109,1775547061108
mouse,416,109,1775547061115
mouse,410,110,1775547061123
mouse,406,110,1775547061129
mouse,403,110,1775547061136
mouse,400,111,1775547061144
mouse,396,112,1775547061150
mouse,392,112,1775547061157
mouse,391,112,1775547061164
mouse,388,112,1775547061171
mouse,386,113,1775547061178
mouse,383,113,1775547061185
mouse,381,114,1775547061192
mouse,378,114,1775547061200
mouse,376,114,1775547061206
mouse,373,114,1775547061212
mouse,371,114,1775547061220
mouse,368,115,1775547061227
mouse,366,115,1775547061233
mouse,363,115,1775547061241
mouse,361,115,1775547061247
mouse,359,115,1775547061254
mouse,356,116,1775547061262
mouse,353,116,1775547061268
mouse,351,116,1775547061275
mouse,347,116,1775547061283
mouse,344,116,1775547061289
mouse,340,116,1775547061296
mouse,336,116,1775547061303
mouse,332,116,1775547061310
mouse,328,116,1775547061317
mouse,325,115,1775547061324
mouse,320,115,1775547061331
mouse,317,115,1775547061337
mouse,313,115,1775547061344
mouse,310,114,1775547061351
mouse,305,114,1775547061358
mouse,300,113,1775547061365
mouse,296,113,1775547061372
mouse,292,111,1775547061379
mouse,286,110,1775547061386
mouse,281,109,1775547061393
mouse,276,108,1775547061400
mouse,270,106,1775547061407
mouse,264,104,1775547061414
mouse,260,103,1775547061421
mouse,256,102,1775547061428
mouse,252,101,1775547061435
mouse,248,99,1775547061442
mouse,244,98,1775547061449
mouse,242,98,1775547061456
mouse,240,97,1775547061463
mouse,236,95,1775547061469
mouse,234,95,1775547061476
mouse,232,94,1775547061483
mouse,230,93,1775547061490
mouse,227,92,1775547061497
mouse,224,91,1775547061504
mouse,222,90,1775547061511
mouse,220,90,1775547061518
mouse,217,89,1775547061525
mouse,216,89,1775547061532
mouse,213,88,1775547061539
mouse,212,87,1775547061546
mouse,210,87,1775547061553
mouse,208,86,1775547061560
mouse,206,86,1775547061567
mouse,204,86,1775547061575
mouse,203,85,1775547061581
mouse,201,84,1775547061588
mouse,200,83,1775547061595
mouse,198,83,1775547061602
mouse,196,83,1775547061608
mouse,194,82,1775547061616
mouse,193,82,1775547061623
mouse,192,82,1775547061629
mouse,191,82,1775547061636
mouse,189,81,1775547061643
mouse,188,80,1775547061650
mouse,187,80,1775547061821
mouse,185,80,1775547061829
mouse,184,80,1775547061832
mouse,183,80,1775547061838
mouse,180,80,1775547061844
mouse,176,80,1775547061852
mouse,172,79,1775547061860
mouse,168,79,1775547061866
mouse,164,79,1775547061872
mouse,157,79,1775547061880
mouse,154,79,1775547061886
mouse,148,78,1775547061893
mouse,143,78,1775547061900
mouse,138,78,1775547061907
mouse,133,78,1775547061914
mouse,129,78,1775547061921
mouse,125,77,1775547061928
mouse,121,77,1775547061935
mouse,118,77,1775547061942
mouse,114,77,1775547061949
mouse,112,77,1775547061956
mouse,109,77,1775547061963
mouse,107,77,1775547061970
mouse,104,76,1775547061976
mouse,103,76,1775547061984
mouse,100,76,1775547061991
mouse,98,75,1775547061997
mouse,96,75,1775547062004
mouse,95,75,1775547062011
mouse,93,75,1775547062018
mouse,92,75,1775547062025
mouse,90,75,1775547062032
mouse,88,74,1775547062040
mouse,86,74,1775547062046
mouse,84,74,1775547062053
mouse,82,74,1775547062060
mouse,80,74,1775547062067
mouse,79,74,1775547062074
mouse,76,74,1775547062081
mouse,75,74,1775547062088
mouse,72,74,1775547062096
mouse,71,74,1775547062101
mouse,69,74,1775547062108
mouse,68,74,1775547062115
mouse,66,74,1775547062122
mouse,64,74,1775547062130
mouse,63,74,1775547062136
mouse,61,74,1775547062143
mouse,60,74,1775547062150
mouse,59,74,1775547062157
mouse,57,74,1775547062164
mouse,56,74,1775547062171
mouse,56,74,1775547062178
mouse,55,74,1775547062185
click,55,74,1775547062253
mouse,55,74,1775547062262
mouse,54,74,1775547062282
mouse,56,74,1775547062423
mouse,58,74,1775547062430
mouse,64,74,1775547062435
mouse,68,74,1775547062442
mouse,73,75,1775547062449
mouse,81,76,1775547062456
mouse,86,77,1775547062463
mouse,92,78,1775547062469
mouse,100,79,1775547062476
mouse,108,80,1775547062483
mouse,116,82,1775547062490
mouse,127,83,1775547062497
mouse,136,85,1775547062504
mouse,150,88,1775547062511
mouse,164,90,1775547062518
mouse,178,93,1775547062525
mouse,193,96,1775547062532
mouse,208,98,1775547062539
mouse,222,100,1775547062546
mouse,236,102,1775547062553
mouse,248,103,1775547062560
mouse,259,104,1775547062567
mouse,268,105,1775547062574
mouse,274,106,1775547062582
mouse,282,106,1775547062589
mouse,284,107,1775547062595
mouse,288,107,1775547062602
mouse,290,107,1775547062609
mouse,291,107,1775547062616
mouse,292,107,1775547062623
mouse,291,107,1775547062708
mouse,290,107,1775547062727
mouse,291,107,1775547065105
mouse,292,107,1775547065109
mouse,295,107,1775547065116
mouse,303,106,1775547065123
mouse,308,105,1775547065129
mouse,313,104,1775547065136
mouse,320,103,1775547065143
mouse,322,103,1775547065150
mouse,323,103,1775547065157
mouse,322,103,1775547065201
mouse,321,103,1775547065207
mouse,317,104,1775547065214
mouse,315,105,1775547065220
mouse,313,105,1775547065227
mouse,310,105,1775547065235
mouse,309,105,1775547065240
mouse,307,105,1775547065247
mouse,305,106,1775547065254
mouse,302,106,1775547065261
mouse,299,106,1775547065268
mouse,294,106,1775547065275
mouse,288,107,1775547065282
mouse,284,108,1775547065289
mouse,277,109,1775547065296
mouse,272,109,1775547065303
mouse,266,110,1775547065310
mouse,261,111,1775547065317
mouse,256,111,1775547065324
mouse,252,113,1775547065331
mouse,248,113,1775547065338
mouse,244,114,1775547065345
mouse,240,114,1775547065352
mouse,236,116,1775547065359
mouse,235,116,1775547065365
mouse,232,117,1775547065373
mouse,229,118,1775547065379
mouse,228,118,1775547065386
mouse,227,119,1775547065393
mouse,225,119,1775547065401
mouse,224,119,1775547065407
mouse,224,120,1775547065414
mouse,223,120,1775547065421
mouse,223,121,1775547065510
mouse,222,121,1775547065531
mouse,221,121,1775547065601
mouse,220,121,1775547065657
mouse,220,121,1775547065665
mouse,219,121,1775547065672
mouse,216,121,1775547065678
mouse,213,121,1775547065685
mouse,211,121,1775547065692
mouse,208,121,1775547065699
mouse,204,121,1775547065706
mouse,199,121,1775547065713
mouse,195,121,1775547065720
mouse,190,121,1775547065726
mouse,184,121,1775547065733
mouse,179,121,1775547065740
mouse,172,120,1775547065747
mouse,167,120,1775547065754
mouse,161,120,1775547065761
mouse,155,119,1775547065768
mouse,148,118,1775547065775
mouse,143,118,1775547065782
mouse,136,118,1775547065789
mouse,130,118,1775547065796
mouse,124,118,1775547065803
mouse,118,117,1775547065810
mouse,112,116,1775547065817
mouse,108,116,1775547065824
mouse,103,115,1775547065831
mouse,97,115,1775547065838
mouse,92,115,1775547065845
mouse,87,114,1775547065851
mouse,83,114,1775547065858
mouse,78,114,1775547065865
mouse,73,113,1775547065872
mouse,68,113,1775547065879
mouse,65,113,1775547065886
mouse,60,112,1775547065894
mouse,58,112,1775547065900
mouse,55,112,1775547065907
mouse,51,111,1775547065914
mouse,48,111,1775547065921
mouse,45,111,1775547065928
mouse,43,111,1775547065935
mouse,41,111,1775547065942
mouse,40,111,1775547065949
mouse,38,111,1775547065957
mouse,37,111,1775547065963
mouse,36,110,1775547065970
mouse,36,110,1775547065977
mouse,35,110,1775547065984
click,35,110,1775547066132
mouse,35,110,1775547066138
mouse,36,110,1775547066496
mouse,37,110,1775547066518
mouse,38,110,1775547066527
mouse,39,110,1775547066547
mouse,40,110,1775547066554
mouse,41,110,1775547066574
mouse,42,110,1775547066581
mouse,43,110,1775547066591
mouse,44,110,1775547066597
mouse,45,110,1775547066619
mouse,46,110,1775547066626
mouse,47,110,1775547066663
mouse,48,110,1775547066679
mouse,50,110,1775547066699
mouse,52,110,1775547066720
mouse,53,110,1775547066727
mouse,54,110,1775547066734
mouse,55,110,1775547066741
mouse,56,110,1775547066747
mouse,57,110,1775547066760
mouse,58,110,1775547066764
mouse,59,110,1775547066772
mouse,60,110,1775547066776
mouse,60,109,1775547066782
mouse,62,109,1775547066789
mouse,64,109,1775547066796
mouse,65,109,1775547066804
mouse,66,109,1775547066810
mouse,68,109,1775547066818
mouse,69,109,1775547066824
mouse,70,109,1775547066831
mouse,72,109,1775547066838
mouse,74,109,1775547066846
mouse,75,109,1775547066852
mouse,76,109,1775547066860
mouse,77,109,1775547066866
mouse,80,109,1775547066872
mouse,81,109,1775547066879
mouse,82,109,1775547066886
mouse,84,109,1775547066893
mouse,85,109,1775547066900
mouse,88,109,1775547066907
mouse,90,109,1775547066914
mouse,93,109,1775547066921
mouse,96,109,1775547066928
mouse,100,109,1775547066935
mouse,103,109,1775547066942
mouse,105,109,1775547066949
mouse,109,110,1775547066956
mouse,112,110,1775547066963
mouse,115,110,1775547066969
mouse,117,110,1775547066976
mouse,120,110,1775547066983
mouse,121,110,1775547066990
mouse,124,110,1775547066999
mouse,125,110,1775547067005
mouse,126,110,1775547067011
mouse,128,110,1775547067018
mouse,129,111,1775547067025
mouse,132,111,1775547067032
mouse,132,112,1775547067039
mouse,135,112,1775547067046
mouse,136,112,1775547067053
mouse,139,113,1775547067060
mouse,141,114,1775547067068
mouse,143,114,1775547067074
mouse,147,114,1775547067082
mouse,150,115,1775547067088
mouse,153,116,1775547067095
mouse,157,117,1775547067102
mouse,161,118,1775547067109
mouse,166,118,1775547067115
mouse,172,119,1775547067123
mouse,175,120,1775547067129
mouse,180,121,1775547067136
mouse,185,121,1775547067143
mouse,190,122,1775547067150
mouse,195,122,1775547067157
mouse,199,122,1775547067164
mouse,202,122,1775547067171
mouse,206,123,1775547067178
mouse,210,123,1775547067185
mouse,214,125,1775547067192
mouse,218,125,1775547067199
mouse,224,126,1775547067206
mouse,228,126,1775547067214
mouse,232,127,1775547067220
mouse,239,127,1775547067227
mouse,244,128,1775547067233
mouse,248,130,1775547067240
mouse,253,130,1775547067247
mouse,258,130,1775547067254
mouse,262,131,1775547067261
mouse,264,131,1775547067268
mouse,269,131,1775547067275
mouse,272,132,1775547067282
mouse,275,133,1775547067289
mouse,278,133,1775547067296
mouse,280,133,1775547067303
mouse,284,133,1775547067310
mouse,287,134,1775547067317
mouse,290,134,1775547067324
mouse,296,134,1775547067332
mouse,301,134,1775547067338
mouse,307,135,1775547067345
mouse,314,135,1775547067351
mouse,320,135,1775547067358
mouse,326,135,1775547067365
mouse,331,135,1775547067372
mouse,336,135,1775547067379
mouse,341,135,1775547067386
mouse,345,135,1775547067393
mouse,350,135,1775547067400
mouse,353,135,1775547067407
mouse,356,135,1775547067414
mouse,356,136,1775547067421
mouse,354,136,1775547072043
mouse,353,136,1775547072047
mouse,347,138,1775547072053
mouse,343,138,1775547072060
mouse,337,139,1775547072067
mouse,336,140,1775547072069
mouse,332,141,1775547072074
mouse,324,142,1775547072081
mouse,318,143,1775547072088
mouse,312,144,1775547072095
mouse,306,144,1775547072102
mouse,301,145,1775547072108
mouse,298,146,1775547072115
mouse,295,146,1775547072122
mouse,292,146,1775547072130
mouse,289,146,1775547072136
mouse,287,146,1775547072143
mouse,285,146,1775547072150
mouse,283,146,1775547072157
mouse,281,146,1775547072164
mouse,279,146,1775547072171
mouse,277,146,1775547072178
mouse,275,146,1775547072185
mouse,273,146,1775547072192
mouse,272,146,1775547072198
mouse,269,146,1775547072206
mouse,268,145,1775547072213
mouse,265,145,1775547072221
mouse,263,145,1775547072227
mouse,261,144,1775547072234
mouse,260,144,1775547072241
mouse,258,143,1775547072249
mouse,257,143,1775547072254
mouse,256,143,1775547072268
mouse,256,142,1775547072284
mouse,255,142,1775547072289
mouse,253,141,1775547072296
mouse,252,141,1775547072303
mouse,249,139,1775547072310
mouse,248,138,1775547072317
mouse,247,137,1775547072324
mouse,245,136,1775547072331
mouse,244,135,1775547072338
mouse,243,135,1775547072352
mouse,243,134,1775547072353
mouse,242,134,1775547072360
mouse,242,133,1775547072370
mouse,241,133,1775547072377
mouse,241,132,1775547072383
mouse,240,132,1775547072386
mouse,240,131,1775547072393
mouse,239,130,1775547072401
mouse,237,129,1775547072408
mouse,236,128,1775547072414
mouse,235,127,1775547072421
mouse,233,126,1775547072428
mouse,232,125,1775547072435
mouse,230,124,1775547072442
mouse,229,122,1775547072449
mouse,228,122,1775547072456
mouse,226,121,1775547072464
mouse,225,119,1775547072470
mouse,224,119,1775547072477
mouse,224,118,1775547072484
mouse,223,118,1775547072491
mouse,222,118,1775547072498
mouse,222,117,1775547072506
mouse,222,116,1775547072511
mouse,221,116,1775547072518
mouse,220,115,1775547072539
click,220,115,1775547072719
mouse,220,114,1775547072925
mouse,220,113,1775547072934
mouse,219,113,1775547072935
mouse,218,111,1775547072942
mouse,216,108,1775547072949
mouse,216,106,1775547072956
mouse,214,103,1775547072963
mouse,214,102,1775547072970
mouse,212,99,1775547072977
mouse,212,97,1775547072984
mouse,211,94,1775547072991
mouse,210,93,1775547072998
mouse,208,90,1775547073004
mouse,208,87,1775547073011
mouse,207,85,1775547073018
mouse,206,82,1775547073025
mouse,206,81,1775547073032
mouse,205,79,1775547073039
mouse,204,78,1775547073046
mouse,204,76,1775547073053
mouse,203,74,1775547073060
mouse,202,73,1775547073067
mouse,202,72,1775547073074
mouse,201,70,1775547073081
mouse,200,70,1775547073088
mouse,200,68,1775547073095
mouse,200,67,1775547073102
mouse,200,66,1775547073109
mouse,199,65,1775547073117
mouse,199,64,1775547073125
mouse,198,64,1775547073130
mouse,198,63,1775547073148
mouse,198,62,1775547073164
click,198,62,1775547073298
mouse,198,63,1775547073356
mouse,198,64,1775547073362
mouse,199,65,1775547073367
mouse,200,67,1775547073374
mouse,200,69,1775547073379
mouse,200,71,1775547073386
mouse,201,73,1775547073393
mouse,201,74,1775547073400
mouse,201,75,1775547073408
mouse,201,77,1775547073414
mouse,200,78,1775547073421
mouse,200,79,1775547073428
mouse,200,82,1775547073436
mouse,199,82,1775547073446
mouse,199,83,1775547073449
mouse,199,84,1775547073457
mouse,199,85,1775547073463
mouse,199,86,1775547073472
mouse,198,86,1775547073477
mouse,198,87,1775547073484
mouse,198,88,1775547073491
mouse,198,89,1775547073498
mouse,198,91,1775547073504
mouse,198,92,1775547073512
mouse,198,93,1775547073518
mouse,198,95,1775547073525
mouse,198,97,1775547073533
mouse,197,98,1775547073539
mouse,197,101,1775547073546
mouse,197,103,1775547073553
mouse,197,105,1775547073560
mouse,197,107,1775547073567
mouse,197,110,1775547073574
mouse,197,111,1775547073583
mouse,197,113,1775547073589
mouse,197,114,1775547073595
mouse,197,115,1775547073602
mouse,198,117,1775547073609
mouse,198,118,1775547073620
mouse,199,118,1775547073623
mouse,199,119,1775547073632
mouse,199,120,1775547073636
mouse,200,122,1775547073643
mouse,200,123,1775547073651
mouse,200,125,1775547073658
mouse,200,126,1775547073664
click,200,126,1775547073828
mouse,200,127,1775547074094
mouse,199,128,1775547074103
mouse,198,128,1775547074109
mouse,198,129,1775547074115
mouse,197,129,1775547074122
mouse,196,129,1775547074129
mouse,195,130,1775547074136
mouse,194,130,1775547074143
mouse,192,131,1775547074150
mouse,191,133,1775547074157
mouse,189,134,1775547074164
mouse,187,134,1775547074171
mouse,184,136,1775547074178
mouse,183,137,1775547074185
mouse,180,138,1775547074192
mouse,177,140,1775547074199
mouse,175,142,1775547074206
mouse,172,143,1775547074213
mouse,169,145,1775547074220
mouse,167,146,1775547074227
mouse,164,148,1775547074234
mouse,162,150,1775547074242
mouse,160,151,1775547074247
mouse,158,152,1775547074254
mouse,157,154,1775547074261
mouse,156,154,1775547074268
mouse,155,156,1775547074275
mouse,153,156,1775547074282
mouse,153,158,1775547074289
mouse,151,158,1775547074296
mouse,150,160,1775547074303
mouse,149,160,1775547074310
mouse,148,162,1775547074318
mouse,148,163,1775547074324
mouse,147,164,1775547074331
mouse,147,166,1775547074338
mouse,146,166,1775547074345
mouse,145,167,1775547074352
mouse,145,169,1775547074359
mouse,144,170,1775547074366
mouse,144,171,1775547074373
mouse,143,172,1775547074380
mouse,143,174,1775547074387
mouse,142,175,1775547074393
mouse,141,176,1775547074400
mouse,141,178,1775547074407
mouse,140,178,1775547074414
mouse,140,180,1775547074422
mouse,140,181,1775547074430
mouse,140,182,1775547074435
mouse,140,183,1775547074458
mouse,140,184,1775547074464
mouse,139,184,1775547074470
mouse,139,186,1775547074477
mouse,139,187,1775547074489
mouse,139,188,1775547074492
mouse,139,189,1775547074504
mouse,139,190,1775547074510
mouse,140,190,1775547074517
mouse,140,191,1775547074532
mouse,140,192,1775547074539
mouse,141,194,1775547074547
mouse,142,194,1775547074553
mouse,144,196,1775547074560
mouse,144,197,1775547074567
mouse,146,198,1775547074574
mouse,148,200,1775547074581
mouse,150,202,1775547074588
mouse,153,204,1775547074595
mouse,156,206,1775547074602
mouse,160,208,1775547074609
mouse,163,210,1775547074616
mouse,167,212,1775547074622
mouse,169,214,1775547074629
mouse,173,215,1775547074636
mouse,176,218,1775547074643
mouse,180,219,1775547074650
mouse,185,222,1775547074657
mouse,192,225,1775547074664
mouse,198,228,1775547074671
mouse,206,231,1775547074678
mouse,212,234,1775547074685
mouse,220,237,1775547074692
mouse,228,240,1775547074699
mouse,236,242,1775547074706
mouse,244,246,1775547074713
mouse,252,248,1775547074720
mouse,260,250,1775547074727
mouse,268,253,1775547074734
mouse,276,254,1775547074740
mouse,283,256,1775547074747
mouse,290,257,1775547074754
mouse,296,258,1775547074761
mouse,301,258,1775547074768
mouse,306,258,1775547074775
mouse,309,258,1775547074782
mouse,313,259,1775547074789
mouse,316,259,1775547074796
mouse,318,259,1775547074803
mouse,319,259,1775547074810
mouse,320,259,1775547074821
mouse,320,258,1775547074858
mouse,321,258,1775547074894
mouse,321,257,1775547075001
mouse,321,256,1775547075006
mouse,321,255,1775547075038
mouse,321,254,1775547075053
mouse,320,254,1775547075074
mouse,319,253,1775547075095
mouse,317,251,1775547075102
mouse,315,250,1775547075109
mouse,310,247,1775547075116
mouse,306,245,1775547075123
mouse,302,242,1775547075129
mouse,295,238,1775547075136
mouse,290,236,1775547075143
mouse,284,234,1775547075150
mouse,280,230,1775547075160
mouse,274,229,1775547075165
mouse,270,227,1775547075171
mouse,265,226,1775547075178
mouse,260,224,1775547075185
mouse,257,224,1775547075191
mouse,256,224,1775547075193
mouse,253,223,1775547075199
mouse,252,223,1775547075206
mouse,251,223,1775547075213
mouse,250,223,1775547075220
mouse,249,222,1775547075227
click,249,222,1775547075295
mouse,249,222,1775547075297
mouse,248,222,1775547075334
mouse,247,222,1775547075352
mouse,246,222,1775547075362
mouse,245,222,1775547075366
mouse,244,221,1775547075374
mouse,243,221,1775547075380
mouse,241,220,1775547075387
mouse,239,219,1775547075393
mouse,237,219,1775547075400
mouse,235,218,1775547075407
mouse,233,218,1775547075414
mouse,231,218,1775547075421
mouse,228,218,1775547075428
mouse,227,218,1775547075435
mouse,225,218,1775547075442
mouse,223,218,1775547075449
mouse,221,218,1775547075457
mouse,220,219,1775547075463
mouse,219,221,1775547075470
mouse,218,222,1775547075479
mouse,217,223,1775547075485
mouse,217,225,1775547075493
mouse,216,229,1775547075501
mouse,215,230,1775547075505
mouse,214,233,1775547075512
mouse,213,236,1775547075518
mouse,213,240,1775547075525
mouse,213,246,1775547075532
mouse,213,250,1775547075539
mouse,213,257,1775547075546
mouse,214,262,1775547075553
mouse,216,269,1775547075560
mouse,218,274,1775547075567
mouse,220,278,1775547075574
mouse,224,282,1775547075581
mouse,227,287,1775547075588
mouse,230,291,1775547075596
mouse,234,294,1775547075602
mouse,238,297,1775547075609
mouse,243,300,1775547075616
mouse,247,302,1775547075623
mouse,252,305,1775547075630
mouse,256,307,1775547075636
mouse,262,309,1775547075643
mouse,268,310,1775547075650
mouse,273,311,1775547075657
mouse,279,312,1775547075664
mouse,284,312,1775547075671
mouse,291,312,1775547075678
mouse,297,312,1775547075685
mouse,306,312,1775547075692
mouse,316,312,1775547075699
mouse,327,312,1775547075706
mouse,338,312,1775547075713
mouse,349,311,1775547075720
mouse,359,310,1775547075727
mouse,369,309,1775547075733
mouse,376,308,1775547075740
mouse,384,306,1775547075747
mouse,392,306,1775547075754
mouse,400,304,1775547075761
mouse,410,302,1775547075768
mouse,417,302,1775547075775
mouse,428,301,1775547075782
mouse,438,299,1775547075789
mouse,450,298,1775547075796
mouse,461,297,1775547075803
mouse,475,294,1775547075810
mouse,488,294,1775547075817
mouse,502,292,1775547075824
mouse,515,290,1775547075831
mouse,527,288,1775547075838
mouse,539,286,1775547075845
mouse,548,285,1775547075852
mouse,556,284,1775547075858
mouse,564,282,1775547075865
mouse,571,282,1775547075872
mouse,576,282,1775547075879
mouse,581,281,1775547075887
mouse,584,280,1775547075894
mouse,585,280,1775547075900
mouse,586,280,1775547075907
mouse,586,279,1775547075943
mouse,584,279,1775547075949
mouse,582,278,1775547075956
mouse,577,276,1775547075963
mouse,571,273,1775547075970
mouse,561,270,1775547075977
mouse,550,266,1775547075983
mouse,537,262,1775547075990
mouse,524,261,1775547075997
mouse,510,258,1775547076004
mouse,495,256,1775547076011
mouse,476,254,1775547076018
mouse,457,253,1775547076025
mouse,436,250,1775547076032
mouse,409,245,1775547076039
mouse,379,242,1775547076046
mouse,346,236,1775547076053
mouse,314,231,1775547076060
mouse,284,227,1775547076067
mouse,257,224,1775547076074
mouse,233,222,1775547076081
mouse,213,221,1775547076088
mouse,192,221,1775547076095
mouse,177,221,1775547076102
mouse,162,220,1775547076108
mouse,147,218,1775547076115
mouse,132,217,1775547076122
mouse,120,215,1775547076129
mouse,108,213,1775547076136
mouse,97,212,1775547076143
mouse,90,210,1775547076150
mouse,83,209,1775547076157
mouse,76,209,1775547076164
mouse,72,208,1775547076171
mouse,68,207,1775547076178
mouse,65,206,1775547076185
mouse,63,206,1775547076192
mouse,60,206,1775547076199
mouse,56,206,1775547076206
mouse,55,206,1775547076213
mouse,52,206,1775547076220
mouse,51,206,1775547076227
mouse,49,205,1775547076235
mouse,48,205,1775547076241
mouse,47,205,1775547076248
mouse,45,205,1775547076254
mouse,43,205,1775547076261
mouse,41,205,1775547076268
mouse,37,204,1775547076275
mouse,34,202,1775547076282
mouse,30,202,1775547076290
mouse,25,202,1775547076296
mouse,22,201,1775547076303
mouse,19,201,1775547076310
mouse,16,201,1775547076317
mouse,14,201,1775547076324
mouse,13,201,1775547076334
mouse,14,201,1775547076403
mouse,16,201,1775547076408
mouse,16,200,1775547076417
mouse,17,199,1775547076422
mouse,19,198,1775547076428
mouse,20,198,1775547076435
mouse,20,197,1775547076443
mouse,21,197,1775547076449
mouse,21,196,1775547076456
mouse,22,195,1775547076463
mouse,23,195,1775547076472
mouse,23,194,1775547076477
mouse,24,194,1775547076484
mouse,24,193,1775547076492
mouse,25,193,1775547076504
mouse,25,192,1775547076505
mouse,25,191,1775547076514
mouse,27,191,1775547076518
mouse,28,190,1775547076525
mouse,28,189,1775547076532
mouse,29,187,1775547076539
mouse,30,186,1775547076546
mouse,31,185,1775547076553
mouse,32,183,1775547076560
mouse,33,181,1775547076568
mouse,33,179,1775547076574
mouse,34,178,1775547076582
mouse,34,175,1775547076588
mouse,35,175,1775547076595
mouse,35,173,1775547076602
mouse,35,172,1775547076613
mouse,35,171,1775547076616
mouse,36,170,1775547076637
mouse,36,169,1775547076645
mouse,36,167,1775547076650
mouse,36,166,1775547076658
mouse,36,165,1775547076671
mouse,36,164,1775547076676
mouse,36,163,1775547076682
mouse,36,162,1775547076699
mouse,36,161,1775547076710
mouse,36,160,1775547076727
mouse,36,159,1775547076736
mouse,36,158,1775547076756
mouse,926,78,1775547080387
mouse,925,78,1775547080393
mouse,924,78,1775547080400
mouse,923,78,1775547080413
mouse,922,78,1775547080415
mouse,922,79,1775547080422
mouse,921,79,1775547080428
mouse,920,80,1775547080435
mouse,918,80,1775547080442
mouse,917,80,1775547080450
mouse,916,81,1775547080456
mouse,915,81,1775547080463
mouse,914,82,1775547080470
mouse,912,82,1775547080478
mouse,911,82,1775547080484
mouse,910,82,1775547080491
mouse,908,83,1775547080498
mouse,906,83,1775547080506
mouse,905,84,1775547080511
mouse,904,84,1775547080519
mouse,903,85,1775547080525
mouse,900,85,1775547080532
mouse,899,86,1775547080539
mouse,897,86,1775547080547
mouse,896,86,1775547080553
mouse,895,86,1775547080560
mouse,892,86,1775547080567
mouse,890,86,1775547080574
mouse,888,87,1775547080581
mouse,886,87,1775547080588
mouse,884,88,1775547080595
mouse,881,88,1775547080602
mouse,878,88,1775547080609
mouse,876,89,1775547080616
mouse,872,90,1775547080623
mouse,868,90,1775547080630
mouse,863,92,1775547080636
mouse,858,92,1775547080643
mouse,852,93,1775547080650
mouse,845,94,1775547080657
mouse,837,95,1775547080664
mouse,828,96,1775547080671
mouse,816,97,1775547080678
mouse,802,98,1775547080685
mouse,788,100,1775547080692
mouse,771,102,1775547080699
mouse,753,104,1775547080706
mouse,735,107,1775547080713
mouse,713,110,1775547080720
mouse,689,114,1775547080727
mouse,664,118,1775547080734
mouse,636,122,1775547080740
mouse,604,127,1775547080747
mouse,571,130,1775547080754
mouse,536,135,1775547080761
mouse,500,139,1775547080768
mouse,469,142,1775547080776
mouse,440,144,1775547080784
mouse,409,147,1775547080790
mouse,364,151,1775547080797
mouse,348,152,1775547080805
mouse,316,153,1775547080811
mouse,294,153,1775547080818
mouse,260,153,1775547080825
mouse,238,152,1775547080831
mouse,215,150,1775547080838
mouse,192,146,1775547080845
mouse,170,144,1775547080852
mouse,152,142,1775547080859
mouse,132,138,1775547080866
mouse,121,134,1775547080872
mouse,112,134,1775547080880
mouse,105,131,1775547080886
mouse,100,131,1775547080894
mouse,96,130,1775547080900
mouse,95,129,1775547080907
mouse,94,129,1775547080928
mouse,93,129,1775547080937
mouse,93,128,1775547080942
mouse,92,127,1775547080949
mouse,91,126,1775547080970
mouse,89,125,1775547080978
mouse,88,123,1775547080984
mouse,87,122,1775547080991
mouse,86,121,1775547080999
mouse,84,120,1775547081005
mouse,84,118,1775547081011
mouse,83,117,1775547081018
mouse,80,115,1775547081026
mouse,80,114,1775547081032
mouse,78,112,1775547081040
mouse,77,111,1775547081046
mouse,76,110,1775547081053
mouse,75,108,1775547081060
mouse,74,106,1775547081068
mouse,73,106,1775547081074
mouse,73,104,1775547081081
mouse,72,103,1775547081088
mouse,72,102,1775547081095
mouse,72,101,1775547081103
mouse,72,100,1775547081109
mouse,72,99,1775547081116
mouse,72,98,1775547081126
mouse,72,97,1775547081144
mouse,72,96,1775547081153
mouse,72,95,1775547081163
mouse,73,95,1775547081178
mouse,74,94,1775547081200
mouse,75,94,1775547081206
mouse,76,94,1775547081213
mouse,76,93,1775547081220
mouse,77,93,1775547081227
mouse,78,93,1775547081234
mouse,80,93,1775547081241
mouse,80,92,1775547081248
mouse,82,91,1775547081255
mouse,84,91,1775547081261
mouse,85,90,1775547081268
mouse,88,90,1775547081276
mouse,89,89,1775547081284
mouse,91,89,1775547081290
mouse,92,88,1775547081296
mouse,93,87,1775547081303
mouse,94,87,1775547081310
mouse,96,86,1775547081317
mouse,97,86,1775547081338
mouse,98,86,1775547081345
mouse,100,85,1775547081353
mouse,100,84,1775547081359
mouse,101,83,1775547081366
mouse,102,83,1775547081373
mouse,104,82,1775547081380
mouse,105,82,1775547081400
mouse,106,81,1775547081407
mouse,107,80,1775547081414
mouse,107,79,1775547081427
mouse,108,79,1775547081431
mouse,108,78,1775547081462
mouse,109,78,1775547081467
click,109,78,1775547082068
mouse,110,78,1775547082180
mouse,111,78,1775547082199
mouse,112,78,1775547082211
mouse,113,78,1775547082254
mouse,114,78,1775547082262
mouse,115,78,1775547082270
mouse,116,79,1775547082277
mouse,116,80,1775547082283
mouse,118,81,1775547082290
mouse,119,82,1775547082296
mouse,120,82,1775547082303
mouse,121,82,1775547082310
mouse,123,84,1775547082317
mouse,124,85,1775547082324
mouse,125,86,1775547082331
mouse,126,86,1775547082338
mouse,128,88,1775547082345
mouse,129,89,1775547082352
mouse,130,90,1775547082359
mouse,131,91,1775547082366
mouse,132,92,1775547082373
mouse,133,94,1775547082380
mouse,135,95,1775547082386
mouse,136,96,1775547082393
mouse,137,98,1775547082400
mouse,138,98,1775547082407
mouse,139,99,1775547082414
mouse,140,101,1775547082421
mouse,141,102,1775547082428
mouse,143,104,1775547082436
mouse,144,105,1775547082442
mouse,146,106,1775547082449
mouse,147,108,1775547082456
mouse,148,110,1775547082463
mouse,150,110,1775547082470
mouse,152,112,1775547082477
mouse,152,113,1775547082484
mouse,153,114,1775547082491
mouse,155,115,1775547082501
mouse,156,117,1775547082507
mouse,156,118,1775547082511
mouse,158,118,1775547082518
mouse,160,120,1775547082525
mouse,160,122,1775547082532
mouse,161,122,1775547082539
mouse,163,124,1775547082546
mouse,164,125,1775547082554
mouse,165,126,1775547082560
mouse,167,127,1775547082567
mouse,167,128,1775547082574
mouse,168,130,1775547082581
mouse,169,130,1775547082588
mouse,170,131,1775547082595
mouse,172,132,1775547082603
mouse,172,133,1775547082609
mouse,173,134,1775547082616
mouse,174,134,1775547082623
mouse,176,136,1775547082629
mouse,176,137,1775547082637
mouse,178,138,1775547082643
mouse,179,138,1775547082651
mouse,180,139,1775547082657
mouse,180,140,1775547082664
mouse,181,142,1775547082671
mouse,182,142,1775547082679
mouse,184,142,1775547082685
mouse,184,143,1775547082692
mouse,186,143,1775547082699
mouse,186,144,1775547082706
mouse,188,145,1775547082713
mouse,189,146,1775547082720
mouse,190,146,1775547082727
mouse,192,146,1775547082734
mouse,193,147,1775547082740
mouse,194,147,1775547082747
mouse,195,148,1775547082755
mouse,196,149,1775547082763
mouse,197,149,1775547082782
mouse,198,150,1775547082790
mouse,200,150,1775547082796
mouse,201,150,1775547082807
mouse,202,150,1775547082811
mouse,203,150,1775547082819
mouse,204,150,1775547082824
mouse,205,150,1775547082835
mouse,206,150,1775547082838
mouse,207,151,1775547082845
mouse,208,151,1775547082852
mouse,209,151,1775547082859
mouse,211,152,1775547082867
mouse,212,152,1775547082873
mouse,214,153,1775547082880
mouse,216,154,1775547082886
mouse,219,154,1775547082894
mouse,220,154,1775547082900
mouse,224,155,1775547082908
mouse,225,155,1775547082914
mouse,228,157,1775547082922
mouse,230,157,1775547082928
mouse,234,158,1775547082935
mouse,237,158,1775547082942
mouse,240,159,1775547082949
mouse,244,160,1775547082956
mouse,248,161,1775547082963
mouse,251,162,1775547082970
mouse,254,162,1775547082977
mouse,257,162,1775547082984
mouse,261,163,1775547082991
mouse,264,163,1775547082997
mouse,268,164,1775547083004
mouse,272,166,1775547083011
mouse,278,166,1775547083019
mouse,281,167,1775547083025
mouse,286,168,1775547083032
mouse,291,168,1775547083039
mouse,295,170,1775547083046
mouse,299,170,1775547083053
mouse,303,170,1775547083061
mouse,305,170,1775547083067
mouse,308,170,1775547083074
mouse,310,170,1775547083081
mouse,312,170,1775547083088
mouse,313,170,1775547083109
mouse,314,170,1775547083116
mouse,315,170,1775547083123
mouse,316,170,1775547083130
mouse,318,170,1775547083137
mouse,319,170,1775547083144
mouse,320,170,1775547083151
mouse,321,170,1775547083158
mouse,322,170,1775547083164
mouse,323,170,1775547083171
mouse,324,170,1775547083178
mouse,325,170,1775547083188
mouse,326,170,1775547083192
mouse,327,170,1775547083203
mouse,328,170,1775547083207
mouse,329,170,1775547083227
mouse,330,170,1775547083234
mouse,332,170,1775547083241
mouse,333,170,1775547083248
mouse,335,170,1775547083255
mouse,337,170,1775547083262
mouse,340,172,1775547083268
mouse,344,172,1775547083275
mouse,347,174,1775547083282
mouse,350,174,1775547083289
mouse,354,175,1775547083296
mouse,360,177,1775547083303
mouse,366,178,1775547083310
mouse,373,181,1775547083317
mouse,381,184,1775547083324
mouse,391,187,1775547083331
mouse,401,190,1775547083338
mouse,412,193,1775547083345
mouse,422,196,1775547083352
mouse,431,198,1775547083359
mouse,441,202,1775547083366
mouse,451,203,1775547083373
mouse,460,206,1775547083380
mouse,468,207,1775547083386
mouse,476,210,1775547083393
mouse,483,211,1775547083400
mouse,488,213,1775547083407
mouse,494,214,1775547083414
mouse,498,215,1775547083421
mouse,502,215,1775547083428
mouse,506,217,1775547083435
mouse,510,218,1775547083442
mouse,512,218,1775547083449
mouse,515,219,1775547083456
mouse,516,219,1775547083464
mouse,517,219,1775547083471
click,517,219,1775547083571
mouse,516,219,1775547083687
mouse,515,219,1775547083696
mouse,515,218,1775547083700
mouse,514,218,1775547083706
mouse,513,218,1775547083713
mouse,512,218,1775547083720
mouse,512,217,1775547083727
mouse,511,216,1775547083748
mouse,508,215,1775547083899
mouse,508,214,1775547083902
mouse,505,212,1775547083908
mouse,502,211,1775547083914
mouse,496,208,1775547083921
mouse,490,204,1775547083928
mouse,480,199,1775547083935
mouse,468,193,1775547083942
mouse,452,185,1775547083949
mouse,433,178,1775547083956
mouse,414,169,1775547083963
mouse,396,162,1775547083970
mouse,376,154,1775547083977
mouse,361,150,1775547083984
mouse,344,146,1775547083991
mouse,332,142,1775547083997
mouse,318,138,1775547084004
mouse,305,135,1775547084011
mouse,293,131,1775547084018
mouse,283,128,1775547084025
mouse,272,125,1775547084032
mouse,263,121,1775547084039
mouse,256,118,1775547084046
mouse,249,115,1775547084053
mouse,244,114,1775547084060
mouse,240,111,1775547084067
mouse,236,109,1775547084074
mouse,233,107,1775547084081
mouse,229,105,1775547084088
mouse,227,103,1775547084095
mouse,223,101,1775547084102
mouse,219,98,1775547084109
mouse,213,94,1775547084116
mouse,208,90,1775547084123
mouse,201,86,1775547084129
mouse,195,82,1775547084136
mouse,188,78,1775547084143
mouse,182,75,1775547084150
mouse,177,72,1775547084157
mouse,174,70,1775547084164
mouse,171,68,1775547084171
mouse,169,67,1775547084178
mouse,168,66,1775547084185
mouse,167,66,1775547084192
mouse,165,64,1775547084199
mouse,165,63,1775547084206
mouse,164,62,1775547084213
mouse,163,59,1775547084220
mouse,161,56,1775547084227
mouse,159,54,1775547084234
mouse,157,50,1775547084241
mouse,155,46,1775547084248
mouse,153,43,1775547084255
mouse,151,41,1775547084261
mouse,149,38,1775547084268
mouse,148,38,1775547084275
mouse,147,36,1775547084282
mouse,147,35,1775547084289
mouse,146,34,1775547084296
mouse,145,34,1775547084303
mouse,145,33,1775547084310
mouse,144,31,1775547084318
mouse,143,30,1775547084324
mouse,141,30,1775547084331
mouse,140,29,1775547084338
mouse,140,27,1775547084345
mouse,138,26,1775547084352
mouse,137,26,1775547084359
mouse,137,25,1775547084366
mouse,136,25,1775547084373
mouse,136,26,1775547084508
mouse,136,27,1775547084533
mouse,136,28,1775547084543
mouse,136,29,1775547084549
mouse,136,30,1775547084581
mouse,136,31,1775547084615
mouse,136,32,1775547084625
mouse,135,32,1775547084631
mouse,134,32,1775547084637
mouse,133,32,1775547084643
mouse,133,33,1775547084650
mouse,132,33,1775547084657
mouse,132,34,1775547084668
mouse,131,34,1775547084689
mouse,131,35,1775547084696
mouse,130,35,1775547084699
mouse,129,35,1775547084710
mouse,129,36,1775547084715
mouse,129,37,1775547084737
mouse,128,37,1775547084741
mouse,128,38,1775547084767
mouse,127,38,1775547084769
mouse,126,38,1775547084776
mouse,125,38,1775547084796
mouse,125,39,1775547084803
mouse,125,40,1775547084811
mouse,124,41,1775547084818
mouse,124,42,1775547084825
mouse,124,43,1775547084847
mouse,124,44,1775547084852
mouse,124,46,1775547084874
mouse,124,47,1775547084880
mouse,124,48,1775547084887
mouse,124,50,1775547084894
mouse,124,52,1775547084900
mouse,126,54,1775547084908
mouse,127,56,1775547084914
mouse,128,58,1775547084921
mouse,128,59,1775547084928
mouse,129,60,1775547084935
mouse,130,62,1775547084942
mouse,131,62,1775547084949
mouse,131,63,1775547084962
mouse,131,64,1775547084977
mouse,131,65,1775547085002
mouse,131,66,1775547085013
mouse,131,67,1775547085110
mouse,131,68,1775547085165
mouse,132,68,1775547085195
mouse,132,69,1775547085213
mouse,132,70,1775547085305
click,132,70,1775547085307
mouse,132,70,1775547085317
mouse,133,70,1775547085407
mouse,134,70,1775547085416
mouse,136,71,1775547085423
mouse,137,71,1775547085430
mouse,139,72,1775547085435
mouse,141,72,1775547085442
mouse,144,73,1775547085449
mouse,149,74,1775547085456
mouse,153,75,1775547085463
mouse,158,76,1775547085470
mouse,163,77,1775547085477
mouse,168,77,1775547085484
mouse,172,77,1775547085491
mouse,176,78,1775547085498
mouse,178,78,1775547085504
mouse,180,78,1775547085511
mouse,182,78,1775547085518
mouse,184,78,1775547085526
mouse,186,78,1775547085532
mouse,188,78,1775547085539
mouse,190,78,1775547085546
mouse,192,78,1775547085553
mouse,193,78,1775547085560
mouse,194,78,1775547085567
mouse,195,78,1775547085574
mouse,196,78,1775547085581
mouse,197,78,1775547085590
mouse,197,77,1775547087448
mouse,198,77,1775547087555
mouse,198,76,1775547087774
mouse,197,76,1775547087776
mouse,195,76,1775547087782
mouse,191,75,1775547087790
mouse,188,75,1775547087796
mouse,182,75,1775547087803
mouse,176,75,1775547087810
mouse,167,78,1775547087817
mouse,156,80,1775547087824
mouse,146,83,1775547087831
mouse,136,87,1775547087838
mouse,128,90,1775547087845
mouse,124,94,1775547087852
mouse,123,95,1775547087859
mouse,123,97,1775547087866
mouse,124,98,1775547087874
mouse,124,101,1775547087879
mouse,127,106,1775547087887
mouse,129,108,1775547087893
mouse,131,113,1775547087900
mouse,133,117,1775547087907
mouse,135,121,1775547087914
mouse,135,123,1775547087921
mouse,136,126,1775547087928
mouse,136,129,1775547087935
mouse,137,130,1775547087942
mouse,138,132,1775547087949
mouse,138,133,1775547087956
mouse,139,133,1775547088120
mouse,140,133,1775547088124
mouse,141,133,1775547088134
mouse,142,133,1775547088137
mouse,143,132,1775547088145
mouse,144,131,1775547088150
mouse,146,131,1775547088157
mouse,147,130,1775547088165
mouse,148,130,1775547088171
mouse,150,129,1775547088179
mouse,151,127,1775547088185
mouse,152,127,1775547088192
mouse,152,126,1775547088199
mouse,153,126,1775547088209
mouse,153,125,1775547088213
mouse,153,124,1775547088220
mouse,154,124,1775547088227
mouse,155,123,1775547088234
mouse,155,122,1775547088241
mouse,156,122,1775547088269
click,156,122,1775547088380
mouse,156,121,1775547088468
mouse,155,121,1775547088475
mouse,155,120,1775547092270
mouse,156,120,1775547092376
mouse,157,120,1775547092383
mouse,160,120,1775547092387
mouse,161,120,1775547092394
mouse,162,120,1775547092401
mouse,164,120,1775547092408
mouse,165,120,1775547092627
mouse,166,120,1775547092630
mouse,167,120,1775547092638
mouse,168,120,1775547092645
mouse,170,120,1775547092651
mouse,172,120,1775547092659
mouse,173,120,1775547092664
mouse,176,120,1775547092671
mouse,178,120,1775547092678
mouse,183,120,1775547092686
mouse,186,120,1775547092692
mouse,190,120,1775547092699
mouse,194,120,1775547092706
mouse,196,120,1775547092713
mouse,200,118,1775547092720
mouse,201,118,1775547092727
mouse,202,118,1775547092734
mouse,204,118,1775547092741
mouse,206,118,1775547092748
mouse,209,118,1775547092755
mouse,212,117,1775547092762
mouse,216,116,1775547092770
mouse,218,116,1775547092775
mouse,222,115,1775547092783
mouse,224,115,1775547092789
mouse,226,115,1775547092796
mouse,228,115,1775547092805
mouse,229,115,1775547092815
mouse,230,115,1775547092823
mouse,230,114,1775547092838
mouse,231,114,1775547092845
mouse,232,114,1775547092852
mouse,233,114,1775547092859
mouse,234,114,1775547092866
mouse,235,113,1775547092873
mouse,236,113,1775547092880
mouse,236,112,1775547092887
mouse,236,111,1775547092939
mouse,237,111,1775547092972
click,237,111,1775547093087
click,237,111,1775547093792
mouse,236,112,1775547093937
mouse,236,113,1775547093942
mouse,236,114,1775547093964
mouse,235,114,1775547093971
mouse,234,115,1775547093977
mouse,233,115,1775547093987
mouse,233,116,1775547093992
mouse,232,117,1775547093998
mouse,232,118,1775547094005
mouse,232,119,1775547094012
mouse,231,119,1775547094019
mouse,231,121,1775547094026
mouse,229,122,1775547094033
mouse,228,122,1775547094040
mouse,228,123,1775547094046
mouse,227,125,1775547094054
mouse,227,126,1775547094060
mouse,225,126,1775547094067
mouse,224,129,1775547094075
mouse,224,130,1775547094081
mouse,223,130,1775547094088
mouse,223,132,1775547094095
mouse,222,134,1775547094102
mouse,220,134,1775547094109
mouse,220,136,1775547094116
mouse,219,137,1775547094123
mouse,219,138,1775547094130
mouse,218,139,1775547094137
mouse,216,141,1775547094144
mouse,216,142,1775547094152
mouse,215,142,1775547094157
mouse,213,145,1775547094164
mouse,212,146,1775547094172
mouse,211,147,1775547094178
mouse,210,149,1775547094185
mouse,208,150,1775547094192
mouse,207,152,1775547094199
mouse,204,154,1775547094206
mouse,203,156,1775547094213
mouse,200,158,1775547094220
mouse,196,159,1775547094227
mouse,193,162,1775547094234
mouse,189,164,1775547094241
mouse,187,166,1775547094248
mouse,183,167,1775547094255
mouse,178,170,1775547094262
mouse,175,170,1775547094268
mouse,171,171,1775547094276
mouse,165,173,1775547094283
mouse,161,174,1775547094289
mouse,156,174,1775547094296
mouse,152,175,1775547094303
mouse,147,176,1775547094310
mouse,143,176,1775547094317
mouse,139,177,1775547094324
mouse,134,177,1775547094331
mouse,130,178,1775547094338
mouse,125,178,1775547094345
mouse,121,178,1775547094352
mouse,118,178,1775547094359
mouse,115,178,1775547094366
mouse,111,178,1775547094373
mouse,107,178,1775547094381
mouse,104,178,1775547094386
mouse,100,178,1775547094394
mouse,96,178,1775547094402
mouse,92,178,1775547094407
mouse,89,178,1775547094414
mouse,85,178,1775547094421
mouse,82,177,1775547094428
mouse,79,177,1775547094435
mouse,77,177,1775547094442
mouse,75,177,1775547094449
mouse,73,176,1775547094457
mouse,72,176,1775547094463
mouse,71,176,1775547094470
mouse,69,176,1775547094477
mouse,69,175,1775547094485
mouse,68,175,1775547094491
mouse,68,174,1775547094545
mouse,67,174,1775547094558
mouse,66,173,1775547094574
mouse,65,173,1775547094581
mouse,65,172,1775547094594
mouse,64,171,1775547094609
mouse,64,170,1775547094616
mouse,64,169,1775547094640
mouse,63,169,1775547094644
mouse,62,169,1775547094650
mouse,61,168,1775547094657
mouse,60,166,1775547094664
mouse,59,166,1775547094674
mouse,58,166,1775547094678
mouse,57,166,1775547094685
mouse,56,166,1775547094692
mouse,55,165,1775547094699
mouse,53,165,1775547094706
mouse,52,164,1775547094713
mouse,51,163,1775547094720
mouse,49,163,1775547094727
mouse,48,162,1775547094734
mouse,47,162,1775547094741
mouse,45,162,1775547094748
mouse,44,162,1775547094755
mouse,44,161,1775547094762
mouse,43,161,1775547094770
mouse,41,161,1775547094775
mouse,40,161,1775547094782
mouse,38,160,1775547094789
mouse,37,160,1775547094796
mouse,36,159,1775547094803
mouse,34,159,1775547094810
mouse,33,159,1775547094817
mouse,33,158,1775547094824
mouse,32,158,1775547094831
mouse,31,158,1775547094864
mouse,30,158,1775547094891
mouse,954,86,1775547105005
mouse,955,86,1775547105012
mouse,954,86,1775547105109
mouse,953,86,1775547105120
mouse,952,86,1775547105128
mouse,951,86,1775547105144
mouse,950,86,1775547105153
mouse,948,86,1775547105158
mouse,947,86,1775547105169
mouse,946,86,1775547105173
mouse,944,86,1775547105179
mouse,943,86,1775547105185
mouse,940,86,1775547105193
mouse,937,87,1775547105199
mouse,935,88,1775547105206
mouse,932,89,1775547105213
mouse,929,89,1775547105220
mouse,925,90,1775547105227
mouse,920,91,1775547105234
mouse,915,93,1775547105241
mouse,910,94,1775547105248
mouse,903,96,1775547105255
mouse,895,97,1775547105262
mouse,885,99,1775547105269
mouse,875,100,1775547105275
mouse,862,102,1775547105282
mouse,848,104,1775547105289
mouse,833,106,1775547105296
mouse,816,107,1775547105303
mouse,800,110,1775547105310
mouse,780,110,1775547105317
mouse,761,112,1775547105324
mouse,743,113,1775547105331
mouse,721,114,1775547105338
mouse,698,114,1775547105345
mouse,675,114,1775547105352
mouse,652,115,1775547105359
mouse,631,116,1775547105366
mouse,609,117,1775547105373
mouse,589,118,1775547105380
mouse,567,120,1775547105387
mouse,552,120,1775547105393
mouse,536,122,1775547105400
mouse,520,124,1775547105407
mouse,506,126,1775547105414
mouse,494,128,1775547105421
mouse,483,129,1775547105428
mouse,473,130,1775547105435
mouse,465,132,1775547105442
mouse,458,133,1775547105449
mouse,452,134,1775547105456
mouse,447,134,1775547105463
mouse,442,135,1775547105470
mouse,437,136,1775547105477
mouse,432,137,1775547105484
mouse,428,138,1775547105491
mouse,424,138,1775547105499
mouse,420,139,1775547105505
mouse,416,140,1775547105512
mouse,413,142,1775547105518
mouse,410,142,1775547105525
mouse,407,143,1775547105532
mouse,404,144,1775547105539
mouse,400,146,1775547105546
mouse,398,146,1775547105553
mouse,394,147,1775547105560
mouse,392,149,1775547105567
mouse,388,150,1775547105574
mouse,384,150,1775547105581
mouse,382,151,1775547105588
mouse,379,153,1775547105595
mouse,376,154,1775547105602
mouse,372,155,1775547105609
mouse,368,155,1775547105616
mouse,363,157,1775547105623
mouse,359,158,1775547105630
mouse,355,158,1775547105637
mouse,350,159,1775547105644
mouse,347,161,1775547105650
mouse,343,161,1775547105657
mouse,340,162,1775547105664
mouse,336,163,1775547105671
mouse,332,164,1775547105678
mouse,329,165,1775547105685
mouse,326,165,1775547105692
mouse,323,165,1775547105699
mouse,319,165,1775547105706
mouse,316,165,1775547105713
mouse,311,164,1775547105720
mouse,307,164,1775547105727
mouse,301,162,1775547105734
mouse,296,161,1775547105741
mouse,291,159,1775547105748
mouse,286,157,1775547105755
mouse,280,154,1775547105762
mouse,276,153,1775547105769
mouse,272,151,1775547105776
mouse,268,150,1775547105782
mouse,266,148,1775547105789
mouse,263,146,1775547105796
mouse,260,146,1775547105803
mouse,258,144,1775547105811
mouse,257,142,1775547105817
mouse,255,141,1775547105825
mouse,254,138,1775547105831
mouse,252,137,1775547105838
mouse,250,133,1775547105845
mouse,248,130,1775547105852
mouse,246,128,1775547105859
mouse,244,125,1775547105866
mouse,242,122,1775547105873
mouse,240,119,1775547105880
mouse,238,116,1775547105887
mouse,236,114,1775547105894
mouse,235,113,1775547105900
mouse,233,110,1775547105908
mouse,232,109,1775547105916
mouse,232,108,1775547105921
mouse,231,106,1775547105928
mouse,229,106,1775547105936
mouse,228,105,1775547105942
mouse,228,103,1775547105949
mouse,227,102,1775547105957
mouse,226,102,1775547105963
mouse,224,101,1775547105970
mouse,224,100,1775547105977
mouse,223,98,1775547105984
mouse,222,98,1775547105992
mouse,221,97,1775547105998
mouse,220,97,1775547106005
mouse,219,95,1775547106012
mouse,217,94,1775547106020
mouse,216,94,1775547106026
mouse,215,93,1775547106032
mouse,213,93,1775547106039
mouse,212,92,1775547106047
mouse,211,91,1775547106055
mouse,210,90,1775547106060
mouse,208,90,1775547106067
mouse,207,90,1775547106074
mouse,207,89,1775547106081
mouse,205,89,1775547106088
mouse,204,87,1775547106095
mouse,203,87,1775547106102
mouse,201,86,1775547106109
mouse,199,85,1775547106116
mouse,198,84,1775547106125
mouse,197,84,1775547106130
mouse,196,83,1775547106137
mouse,195,83,1775547106144
mouse,195,82,1775547106151
mouse,194,82,1775547106158
mouse,193,82,1775547106168
mouse,193,81,1775547106287
mouse,192,81,1775547106305
mouse,192,81,1775547106333
mouse,191,81,1775547106338
mouse,191,80,1775547106345
mouse,189,79,1775547106353
mouse,188,79,1775547106363
mouse,188,79,1775547106367
mouse,186,79,1775547106373
mouse,184,78,1775547106380
mouse,181,78,1775547106387
mouse,179,77,1775547106394
mouse,175,77,1775547106401
mouse,171,76,1775547106408
mouse,167,75,1775547106414
mouse,162,75,1775547106421
mouse,155,74,1775547106428
mouse,148,74,1775547106435
mouse,142,72,1775547106442
mouse,133,71,1775547106449
mouse,124,70,1775547106456
mouse,116,69,1775547106463
mouse,105,67,1775547106470
mouse,98,66,1775547106477
mouse,89,65,1775547106484
mouse,81,65,1775547106491
mouse,74,63,1775547106498
mouse,67,62,1775547106505
mouse,61,62,1775547106512
mouse,55,61,1775547106519
mouse,51,60,1775547106526
mouse,45,60,1775547106533
mouse,43,60,1775547106539
mouse,39,60,1775547106546
mouse,36,59,1775547106553
mouse,34,59,1775547106560
mouse,32,58,1775547106568
mouse,31,58,1775547106574
mouse,29,58,1775547106582
mouse,28,58,1775547106588
mouse,27,58,1775547106596
mouse,26,58,1775547106604
mouse,25,58,1775547106624
click,25,58,1775547106729
mouse,25,58,1775547106735
mouse,26,58,1775547106925
mouse,27,58,1775547106929
mouse,28,58,1775547106937
mouse,30,58,1775547106942
mouse,32,58,1775547106949
mouse,35,58,1775547106956
mouse,38,58,1775547106964
mouse,42,58,1775547106970
mouse,46,58,1775547106977
mouse,49,58,1775547106984
mouse,53,58,1775547106991
mouse,57,58,1775547106998
mouse,63,58,1775547107005
mouse,66,58,1775547107012
mouse,70,58,1775547107019
mouse,72,59,1775547107026
mouse,75,59,1775547107033
mouse,76,59,1775547107039
mouse,77,59,1775547108924
mouse,79,59,1775547109286
mouse,80,58,1775547109291
mouse,83,58,1775547109297
mouse,85,58,1775547109303
mouse,88,56,1775547109310
mouse,91,55,1775547109317
mouse,93,55,1775547109325
mouse,95,54,1775547109331
mouse,97,54,1775547109338
mouse,101,53,1775547109345
mouse,108,52,1775547109352
mouse,118,51,1775547109359
mouse,128,50,1775547109366
mouse,139,50,1775547109373
mouse,146,47,1775547109380
mouse,152,46,1775547109387
mouse,156,46,1775547109394
mouse,160,46,1775547109401
mouse,163,46,1775547109408
mouse,164,46,1775547109415
mouse,167,46,1775547109423
mouse,169,46,1775547109428
mouse,172,48,1775547109436
mouse,174,50,1775547109442
mouse,176,52,1775547109449
mouse,179,55,1775547109456
mouse,180,58,1775547109463
mouse,182,62,1775547109470
mouse,184,66,1775547109477
mouse,185,70,1775547109484
mouse,187,75,1775547109491
mouse,188,79,1775547109498
mouse,188,85,1775547109505
mouse,188,89,1775547109512
mouse,188,92,1775547109519
mouse,188,95,1775547109526
mouse,188,97,1775547109534
mouse,188,98,1775547109539
mouse,186,99,1775547109547
mouse,184,101,1775547109554
mouse,184,102,1775547109560
mouse,182,103,1775547109567
mouse,180,105,1775547109575
mouse,179,106,1775547109581
mouse,176,107,1775547109588
mouse,174,108,1775547109595
mouse,172,109,1775547109602
mouse,170,110,1775547109609
mouse,168,111,1775547109616
mouse,165,113,1775547109623
mouse,164,114,1775547109630
mouse,161,115,1775547109637
mouse,160,116,1775547109644
mouse,158,117,1775547109650
mouse,157,117,1775547109658
mouse,156,117,1775547109665
mouse,156,118,1775547109671
mouse,155,118,1775547109683
mouse,154,118,1775547109689
mouse,153,118,1775547109721
mouse,152,118,1775547109744
mouse,152,118,1775547109980
mouse,151,118,1775547109990
mouse,150,118,1775547110005
mouse,149,118,1775547110015
mouse,148,118,1775547110019
mouse,147,119,1775547110026
mouse,144,119,1775547110033
mouse,140,119,1775547110040
mouse,134,120,1775547110047
mouse,128,120,1775547110053
mouse,121,120,1775547110060
mouse,113,121,1775547110067
mouse,105,121,1775547110074
mouse,96,121,1775547110081
mouse,89,121,1775547110088
mouse,80,121,1775547110095
mouse,72,121,1775547110102
mouse,64,121,1775547110109
mouse,56,121,1775547110116
mouse,48,121,1775547110123
mouse,42,121,1775547110130
mouse,36,120,1775547110137
mouse,29,120,1775547110144
mouse,24,120,1775547110151
mouse,20,119,1775547110157
mouse,16,118,1775547110164
mouse,12,118,1775547110172
mouse,9,118,1775547110179
mouse,8,118,1775547110185
mouse,6,118,1775547110192
click,6,118,1775547110209
mouse,6,118,1775547110220
mouse,5,118,1775547110227
mouse,5,117,1775547110281
mouse,6,117,1775547110283
mouse,9,116,1775547110290
mouse,12,116,1775547110296
mouse,15,116,1775547110303
mouse,19,116,1775547110310
mouse,24,116,1775547110317
mouse,30,117,1775547110324
mouse,36,118,1775547110331
mouse,44,120,1775547110338
mouse,53,121,1775547110345
mouse,64,122,1775547110352
mouse,73,125,1775547110359
mouse,85,127,1775547110366
mouse,98,129,1775547110373
mouse,111,130,1775547110380
mouse,124,133,1775547110387
mouse,139,134,1775547110394
mouse,154,136,1775547110401
mouse,168,137,1775547110408
mouse,180,138,1775547110414
mouse,193,139,1775547110421
mouse,204,139,1775547110428
mouse,216,139,1775547110435
mouse,225,140,1775547110442
mouse,235,141,1775547110449
mouse,242,141,1775547110456
mouse,248,141,1775547110463
mouse,256,141,1775547110471
mouse,262,141,1775547110477
mouse,268,141,1775547110484
mouse,274,141,1775547110491
mouse,280,141,1775547110498
mouse,285,141,1775547110505
mouse,290,141,1775547110512
mouse,293,141,1775547110519
mouse,296,141,1775547110526
mouse,297,140,1775547110534
mouse,297,139,1775547114217
mouse,298,139,1775547114589
mouse,303,139,1775547114595
mouse,309,139,1775547114602
mouse,315,139,1775547114609
mouse,321,139,1775547114616
mouse,328,139,1775547114623
mouse,332,139,1775547114630
mouse,336,139,1775547114637
mouse,340,139,1775547114644
mouse,343,139,1775547114651
mouse,345,140,1775547114658
mouse,347,140,1775547114665
mouse,348,141,1775547114672
mouse,350,141,1775547114679
mouse,351,141,1775547114685
mouse,353,141,1775547114692
mouse,356,141,1775547114699
mouse,358,141,1775547114706
mouse,361,141,1775547114714
mouse,364,140,1775547114720
mouse,365,140,1775547114727
mouse,367,140,1775547114734
mouse,368,140,1775547114742
mouse,368,139,1775547114749
mouse,369,139,1775547114786
mouse,370,138,1775547114790
mouse,371,138,1775547114798
mouse,372,138,1775547114804
mouse,374,138,1775547114811
mouse,376,138,1775547114817
mouse,379,138,1775547114824
mouse,382,138,1775547114831
mouse,385,137,1775547114839
mouse,388,137,1775547114845
mouse,390,137,1775547114852
mouse,392,136,1775547114859
mouse,394,136,1775547114866
mouse,396,136,1775547114873
click,396,136,1775547115109
mouse,395,136,1775547115252
mouse,396,136,1775547115347
mouse,397,136,1775547115356
mouse,398,136,1775547115359
mouse,400,137,1775547115366
mouse,401,137,1775547115373
mouse,404,138,1775547115380
mouse,405,138,1775547115387
mouse,406,139,1775547115394
mouse,408,139,1775547115401
mouse,409,140,1775547115408
mouse,412,141,1775547115415
mouse,413,142,1775547115423
mouse,415,142,1775547115428
mouse,416,143,1775547115435
mouse,419,144,1775547115443
mouse,420,145,1775547115449
mouse,421,146,1775547115456
mouse,424,147,1775547115471
mouse,424,148,1775547115477
mouse,426,150,1775547115484
mouse,429,153,1775547115498
mouse,431,154,1775547115503
mouse,433,156,1775547115512
mouse,435,158,1775547115519
mouse,436,159,1775547115526
mouse,439,161,1775547115533
mouse,441,162,1775547115541
mouse,444,164,1775547115546
mouse,447,166,1775547115553
mouse,452,168,1775547115560
mouse,456,171,1775547115567
mouse,463,174,1775547115574
mouse,468,177,1775547115581
mouse,475,181,1775547115588
mouse,481,184,1775547115595
mouse,486,187,1775547115602
mouse,492,190,1775547115609
mouse,497,194,1775547115616
mouse,502,196,1775547115623
mouse,506,199,1775547115630
mouse,509,200,1775547115638
mouse,512,201,1775547115644
mouse,515,203,1775547115651
mouse,516,204,1775547115658
mouse,518,206,1775547115665
mouse,519,206,1775547115671
mouse,520,207,1775547115678
mouse,522,209,1775547115685
mouse,524,210,1775547115693
mouse,525,210,1775547115699
mouse,526,211,1775547115706
mouse,528,214,1775547115735
mouse,528,215,1775547115741
mouse,529,216,1775547115748
mouse,529,217,1775547115752
mouse,530,217,1775547115776
mouse,530,218,1775547115776
mouse,530,219,1775547115790
mouse,532,222,1775547115804
mouse,533,225,1775547115817
mouse,534,226,1775547115819
mouse,536,230,1775547115831
mouse,537,233,1775547115838
mouse,540,237,1775547115845
mouse,541,240,1775547115852
mouse,544,243,1775547115859
mouse,545,247,1775547115866
mouse,548,251,1775547115873
mouse,549,255,1775547115880
mouse,550,261,1775547115887
mouse,552,266,1775547115894
mouse,554,273,1775547115901
mouse,555,278,1775547115908
mouse,556,286,1775547115914
mouse,556,292,1775547115921
mouse,557,298,1775547115928
mouse,557,303,1775547115935
mouse,557,307,1775547115942
mouse,557,310,1775547115949
mouse,556,313,1775547115977
mouse,556,314,1775547115984
mouse,555,316,1775547115991
mouse,554,317,1775547116005
mouse,552,319,1775547116012
mouse,550,322,1775547116019
mouse,549,325,1775547116026
mouse,548,326,1775547116032
mouse,548,327,1775547116067
mouse,548,328,1775547116074
mouse,547,328,1775547116089
mouse,547,329,1775547116095
mouse,547,330,1775547116102
mouse,546,330,1775547116158
mouse,546,329,1775547116937
mouse,546,328,1775547116979
mouse,546,326,1775547116992
mouse,546,324,1775547117033
mouse,546,323,1775547117040
mouse,545,322,1775547117047
mouse,545,321,1775547117055
mouse,545,319,1775547117082
mouse,545,318,1775547117088
mouse,544,318,1775547117095
mouse,544,317,1775547117102
mouse,544,316,1775547117116
mouse,543,315,1775547117123
mouse,542,314,1775547117137
mouse,541,314,1775547117172
mouse,541,313,1775547117179
mouse,540,313,1775547117186
mouse,540,312,1775547117192
mouse,540,311,1775547117199
mouse,538,311,1775547117206
mouse,537,310,1775547117213
mouse,536,309,1775547117220
mouse,536,308,1775547117227
mouse,534,307,1775547117234
mouse,532,306,1775547117241
mouse,531,305,1775547117255
mouse,530,305,1775547117262
mouse,529,303,1775547117269
mouse,528,302,1775547117276
mouse,527,301,1775547117290
mouse,526,299,1775547117296
mouse,524,298,1775547117303
mouse,524,295,1775547117310
mouse,522,295,1775547117315
mouse,520,294,1775547117324
mouse,520,292,1775547117331
mouse,519,291,1775547117338
mouse,516,289,1775547117345
mouse,512,286,1775547117352
mouse,509,283,1775547117359
mouse,504,279,1775547117365
mouse,498,274,1775547117373
mouse,491,269,1775547117380
mouse,484,263,1775547117387
mouse,476,258,1775547117394
mouse,472,255,1775547117399
mouse,462,250,1775547117408
mouse,455,246,1775547117415
mouse,448,242,1775547117421
mouse,440,238,1775547117428
mouse,433,233,1775547117435
mouse,426,229,1775547117442
mouse,418,225,1775547117449
mouse,411,220,1775547117456
mouse,404,217,1775547117463
mouse,395,212,1775547117470
mouse,384,207,1775547117477
mouse,376,203,1775547117484
mouse,364,198,1775547117491
mouse,352,194,1775547117498
mouse,340,189,1775547117505
mouse,327,186,1775547117512
mouse,316,181,1775547117519
mouse,304,177,1775547117526
mouse,295,174,1775547117533
mouse,286,172,1775547117540
mouse,280,170,1775547117546
mouse,275,170,1775547117553
mouse,272,167,1775547117560
mouse,268,167,1775547117567
mouse,266,166,1775547117574
mouse,264,166,1775547117581
mouse,263,165,1775547117588
mouse,260,163,1775547117595
mouse,259,162,1775547117602
mouse,256,162,1775547117609
mouse,253,160,1775547117616
mouse,251,159,1775547117623
mouse,243,157,1775547117638
mouse,240,156,1775547117644
mouse,230,153,1775547117660
mouse,225,153,1775547117665
mouse,219,150,1775547117672
mouse,214,149,1775547117678
mouse,213,149,1775547117680
mouse,202,146,1775547117692
mouse,197,144,1775547117699
mouse,191,142,1775547117706
mouse,184,141,1775547117713
mouse,178,139,1775547117720
mouse,174,138,1775547117727
mouse,169,138,1775547117732
mouse,163,137,1775547117741
mouse,158,135,1775547117748
mouse,154,135,1775547117755
mouse,150,135,1775547117762
mouse,147,134,1775547117769
mouse,144,134,1775547117776
mouse,142,134,1775547117783
mouse,140,134,1775547117790
mouse,139,134,1775547117804
mouse,138,134,1775547117838
mouse,137,134,1775547117853
mouse,137,137,1775547117860
mouse,137,138,1775547117866
mouse,137,141,1775547117873
mouse,138,144,1775547117880
mouse,140,149,1775547117887
mouse,144,155,1775547117894
mouse,148,160,1775547117901
mouse,152,166,1775547117908
mouse,157,171,1775547117915
mouse,162,175,1775547117922
mouse,167,179,1775547117928
mouse,172,183,1775547117935
mouse,177,186,1775547117942
mouse,182,191,1775547117950
mouse,188,196,1775547117957
mouse,196,202,1775547117964
mouse,204,207,1775547117970
mouse,212,212,1775547117977
mouse,216,216,1775547117986
mouse,223,222,1775547117986
mouse,236,229,1775547117997
mouse,243,234,1775547118005
mouse,248,236,1775547118012
mouse,257,241,1775547118026
mouse,260,242,1775547118033
mouse,264,244,1775547118040
mouse,272,249,1775547118053
mouse,276,250,1775547118060
mouse,280,250,1775547118067
mouse,283,251,1775547118074
mouse,288,253,1775547118081
mouse,292,254,1775547118088
mouse,297,255,1775547118095
mouse,301,255,1775547118102
mouse,306,255,1775547118109
mouse,310,255,1775547118116
mouse,316,255,1775547118124
mouse,321,255,1775547118130
mouse,328,255,1775547118137
mouse,336,255,1775547118144
mouse,344,255,1775547118151
mouse,351,255,1775547118158
mouse,357,254,1775547118165
mouse,360,254,1775547118172
mouse,364,254,1775547118179
mouse,368,252,1775547118186
mouse,369,251,1775547118193
mouse,372,251,1775547118200
mouse,372,250,1775547118207
mouse,376,250,1775547118213
mouse,378,248,1775547118227
mouse,379,247,1775547118234
mouse,380,246,1775547118241
mouse,382,246,1775547118248
mouse,384,245,1775547118255
mouse,388,244,1775547118262
mouse,389,244,1775547118269
mouse,393,243,1775547118276
mouse,396,242,1775547118283
mouse,400,242,1775547118290
mouse,404,242,1775547118298
mouse,407,242,1775547118303
mouse,410,242,1775547118310
mouse,413,242,1775547118317
mouse,416,242,1775547118324
mouse,420,241,1775547118331
mouse,424,241,1775547118339
mouse,425,241,1775547118345
mouse,428,241,1775547118350
mouse,433,241,1775547118359
mouse,436,241,1775547118366
mouse,439,241,1775547118370
mouse,445,241,1775547118380
mouse,449,241,1775547118387
mouse,453,241,1775547118394
mouse,458,240,1775547118401
mouse,462,240,1775547118406
mouse,466,239,1775547118415
mouse,468,238,1775547118422
mouse,472,238,1775547118429
mouse,474,236,1775547118435
mouse,477,234,1775547118443
mouse,479,234,1775547118449
mouse,480,232,1775547118456
mouse,482,231,1775547118463
mouse,485,230,1775547118471
mouse,488,228,1775547118477
mouse,489,228,1775547118484
mouse,492,226,1775547118491
mouse,493,224,1775547118505
mouse,494,223,1775547118512
mouse,496,222,1775547118519
mouse,496,219,1775547118527
mouse,498,216,1775547118534
mouse,500,214,1775547118539
mouse,500,210,1775547118546
mouse,501,208,1775547118554
mouse,502,204,1775547118561
mouse,502,202,1775547118567
mouse,503,198,1775547118575
mouse,504,196,1775547118581
mouse,504,194,1775547118588
mouse,504,190,1775547118595
mouse,503,187,1775547118602
mouse,500,183,1775547118609
mouse,498,178,1775547118616
mouse,496,175,1775547118623
mouse,492,172,1775547118630
mouse,489,169,1775547118637
mouse,486,167,1775547118644
mouse,483,165,1775547118651
mouse,481,163,1775547118658
mouse,480,162,1775547118665
mouse,478,161,1775547118672
mouse,477,160,1775547118678
mouse,476,159,1775547118685
mouse,475,158,1775547118693
mouse,474,158,1775547118699
mouse,472,157,1775547118706
mouse,472,156,1775547118713
mouse,471,155,1775547118721
mouse,470,154,1775547118734
mouse,469,154,1775547118741
mouse,468,154,1775547118748
mouse,468,153,1775547118763
mouse,468,151,1775547118791
mouse,468,147,1775547118805
mouse,468,145,1775547118810
mouse,468,141,1775547118818
mouse,467,138,1775547118824
mouse,467,135,1775547118831
mouse,467,131,1775547118839
mouse,467,129,1775547118845
mouse,467,126,1775547118852
mouse,467,122,1775547118860
mouse,467,119,1775547118866
mouse,467,117,1775547118873
mouse,467,114,1775547118880
mouse,468,112,1775547118887
mouse,468,110,1775547118894
mouse,468,109,1775547118901
mouse,468,108,1775547118906
mouse,468,107,1775547119018
mouse,468,107,1775547119023
click,468,107,1775547119023
mouse,467,107,1775547119027
mouse,466,107,1775547119035
mouse,464,107,1775547119041
mouse,462,107,1775547119047
mouse,460,107,1775547119055
mouse,458,107,1775547119060
mouse,456,107,1775547119067
mouse,452,107,1775547119075
mouse,450,107,1775547119081
mouse,446,108,1775547119088
mouse,442,108,1775547119095
mouse,440,110,1775547119102
mouse,436,110,1775547119109
mouse,432,112,1775547119116
mouse,427,113,1775547119123
mouse,423,114,1775547119130
mouse,418,116,1775547119137
mouse,413,118,1775547119144
mouse,411,118,1775547119151
mouse,407,121,1775547119158
mouse,404,122,1775547119165
mouse,400,124,1775547119171
mouse,396,126,1775547119178
mouse,392,127,1775547119185
mouse,389,129,1775547119192
mouse,385,131,1775547119199
mouse,382,134,1775547119206
mouse,378,136,1775547119213
mouse,375,138,1775547119220
mouse,372,140,1775547119227
mouse,368,142,1775547119234
mouse,364,144,1775547119241
mouse,361,146,1775547119248
mouse,358,148,1775547119255
mouse,355,149,1775547119262
mouse,352,150,1775547119269
mouse,350,151,1775547119276
mouse,348,153,1775547119283
mouse,345,154,1775547119290
mouse,344,154,1775547119297
mouse,341,155,1775547119304
mouse,339,157,1775547119310
mouse,336,158,1775547119318
mouse,333,159,1775547119324
mouse,329,161,1775547119331
mouse,325,162,1775547119338
mouse,322,163,1775547119345
mouse,319,164,1775547119352
mouse,316,165,1775547119359
mouse,312,166,1775547119366
mouse,308,167,1775547119373
mouse,304,169,1775547119380
mouse,301,170,1775547119387
mouse,298,170,1775547119394
mouse,295,171,1775547119401
mouse,292,172,1775547119408
mouse,288,172,1775547119415
mouse,284,173,1775547119422
mouse,280,174,1775547119429
mouse,276,174,1775547119435
mouse,271,174,1775547119442
mouse,266,175,1775547119449
mouse,261,175,1775547119456
mouse,254,175,1775547119463
mouse,246,175,1775547119470
mouse,239,175,1775547119477
mouse,231,175,1775547119484
mouse,222,175,1775547119491
mouse,214,175,1775547119498
mouse,207,175,1775547119505
mouse,201,177,1775547119512
mouse,195,177,1775547119519
mouse,190,177,1775547119526
mouse,185,178,1775547119533
mouse,180,178,1775547119540
mouse,177,179,1775547119546
mouse,173,179,1775547119553
mouse,171,179,1775547119560
mouse,167,179,1775547119568
mouse,165,179,1775547119574
mouse,162,179,1775547119582
mouse,159,179,1775547119588
mouse,156,179,1775547119595
mouse,152,179,1775547119602
mouse,149,179,1775547119609
mouse,144,179,1775547119616
mouse,140,179,1775547119623
mouse,136,179,1775547119630
mouse,131,179,1775547119637
mouse,127,179,1775547119644
mouse,122,178,1775547119651
mouse,118,178,1775547119659
mouse,114,178,1775547119665
mouse,110,178,1775547119671
mouse,106,177,1775547119678
mouse,102,176,1775547119685
mouse,97,176,1775547119692
mouse,92,174,1775547119699
mouse,86,173,1775547119706
mouse,80,172,1775547119713
mouse,76,170,1775547119720
mouse,69,170,1775547119727
mouse,64,169,1775547119734
mouse,58,168,1775547119741
mouse,53,168,1775547119748
mouse,48,167,1775547119755
mouse,44,167,1775547119762
mouse,40,166,1775547119769
mouse,38,166,1775547119776
mouse,36,166,1775547119783
mouse,35,166,1775547119790
mouse,33,166,1775547119797
mouse,32,166,1775547119809
mouse,31,166,1775547119845
mouse,30,166,1775547119857
mouse,29,166,1775547119862
mouse,29,165,1775547119867
mouse,28,165,1775547119873
mouse,27,164,1775547119880
mouse,26,164,1775547119901
mouse,26,163,1775547120095
mouse,26,162,1775547120116
mouse,26,161,1775547120149
mouse,26,160,1775547120165
mouse,26,159,1775547120193
mouse,26,158,1775547120201
mouse,108,0,1775547124353
mouse,109,6,1775547124359
mouse,111,13,1775547124366
mouse,113,20,1775547124373
mouse,115,26,1775547124380
mouse,116,31,1775547124387
mouse,118,36,1775547124394
mouse,119,41,1775547124401
mouse,120,43,1775547124408
mouse,120,46,1775547124415
mouse,122,49,1775547124422
mouse,122,51,1775547124429
mouse,123,54,1775547124436
mouse,124,55,1775547124443
mouse,124,57,1775547124450
mouse,125,59,1775547124457
mouse,125,61,1775547124464
mouse,126,62,1775547124470
mouse,126,63,1775547124481
mouse,127,63,1775547124486
mouse,127,64,1775547124493
mouse,127,65,1775547124501
mouse,128,66,1775547124519
mouse,128,67,1775547124528
mouse,128,68,1775547124534
mouse,128,69,1775547124540
mouse,128,70,1775547124547
mouse,129,70,1775547124567
mouse,129,71,1775547124574
mouse,129,72,1775547124582
mouse,130,72,1775547124590
mouse,130,73,1775547124609
click,130,73,1775547124805
mouse,131,73,1775547124892
mouse,132,73,1775547124899
mouse,134,72,1775547124915
mouse,135,72,1775547124924
mouse,135,71,1775547127187
mouse,134,71,1775547127613
mouse,132,71,1775547127617
mouse,130,71,1775547127623
mouse,127,72,1775547127631
mouse,120,73,1775547127637
mouse,115,73,1775547127644
mouse,110,74,1775547127651
mouse,106,74,1775547127658
mouse,103,74,1775547127665
mouse,101,74,1775547127672
mouse,100,75,1775547127679
mouse,99,75,1775547127692
mouse,99,76,1775547127707
mouse,99,77,1775547127713
mouse,99,78,1775547127723
mouse,100,78,1775547127728
mouse,100,79,1775547127734
mouse,100,80,1775547127741
mouse,100,81,1775547127748
mouse,100,82,1775547127755
mouse,101,82,1775547127762
mouse,102,82,1775547127769
mouse,102,83,1775547127782
mouse,102,84,1775547127788
mouse,103,84,1775547127796
mouse,104,85,1775547127811
mouse,104,86,1775547127820
mouse,106,86,1775547127824
mouse,107,86,1775547127831
mouse,108,87,1775547127838
mouse,109,88,1775547127845
mouse,110,89,1775547127852
mouse,111,90,1775547127859
mouse,112,90,1775547127866
mouse,113,91,1775547127873
mouse,115,93,1775547127880
mouse,116,94,1775547127887
mouse,119,97,1775547127894
mouse,121,99,1775547127901
mouse,124,102,1775547127908
mouse,126,105,1775547127915
mouse,128,107,1775547127922
mouse,130,109,1775547127929
mouse,130,110,1775547127935
mouse,132,110,1775547127943
mouse,132,111,1775547127965
mouse,132,112,1775547128076
mouse,133,112,1775547128119
mouse,133,113,1775547128123
mouse,134,113,1775547128130
mouse,135,114,1775547128137
mouse,136,115,1775547128144
mouse,136,116,1775547128151
mouse,138,118,1775547128161
mouse,138,119,1775547128168
mouse,139,119,1775547128172
mouse,140,120,1775547128179
click,140,120,1775547128374
mouse,141,120,1775547128429
mouse,142,120,1775547128440
mouse,143,119,1775547128443
mouse,144,119,1775547128450
mouse,145,118,1775547128457
mouse,147,118,1775547128465
mouse,148,116,1775547128470
mouse,149,115,1775547128477
mouse,152,114,1775547128485
mouse,152,113,1775547128491
mouse,155,111,1775547128498
mouse,157,110,1775547128505
mouse,160,106,1775547128512
mouse,161,104,1775547128519
mouse,164,101,1775547128526
mouse,166,97,1775547128533
mouse,169,94,1775547128540
mouse,171,91,1775547128547
mouse,174,89,1775547128554
mouse,176,86,1775547128562
mouse,178,82,1775547128567
mouse,180,80,1775547128574
mouse,181,78,1775547128581
mouse,183,75,1775547128588
mouse,183,74,1775547128595
mouse,184,73,1775547128604
mouse,184,71,1775547128611
mouse,185,70,1775547128617
mouse,185,69,1775547128641
mouse,186,68,1775547134827
mouse,187,68,1775547134832
mouse,191,68,1775547134838
mouse,199,68,1775547134845
mouse,208,68,1775547134852
mouse,221,68,1775547134859
mouse,234,68,1775547134866
mouse,255,68,1775547134873
mouse,271,68,1775547134880
mouse,291,68,1775547134887
mouse,309,68,1775547134894
mouse,326,68,1775547134901
mouse,332,68,1775547134905
mouse,336,69,1775547134908
mouse,339,70,1775547134915
mouse,340,70,1775547134922
mouse,340,71,1775547134956
mouse,340,72,1775547134965
mouse,340,73,1775547135009
mouse,338,73,1775547135012
mouse,336,74,1775547135019
mouse,333,74,1775547135026
mouse,331,74,1775547135033
mouse,328,75,1775547135040
mouse,328,76,1775547135047
mouse,327,78,1775547135054
mouse,326,78,1775547135061
mouse,324,78,1775547135068
mouse,324,79,1775547135075
mouse,323,79,1775547135081
mouse,323,80,1775547135089
mouse,321,81,1775547135095
mouse,320,82,1775547135103
mouse,319,82,1775547135109
mouse,316,82,1775547135116
mouse,316,83,1775547135124
mouse,315,83,1775547135130
mouse,313,83,1775547135137
mouse,312,83,1775547135142
mouse,312,84,1775547135144
mouse,311,85,1775547135152
mouse,310,85,1775547135158
mouse,309,86,1775547135165
mouse,308,86,1775547135172
mouse,307,87,1775547135179
mouse,305,88,1775547135186
mouse,303,90,1775547135193
mouse,302,90,1775547135200
mouse,300,91,1775547135206
mouse,297,94,1775547135213
mouse,295,94,1775547135220
mouse,292,95,1775547135227
mouse,291,96,1775547135231
mouse,290,97,1775547135234
mouse,287,98,1775547135241
mouse,284,99,1775547135248
mouse,283,99,1775547135255
mouse,281,100,1775547135262
mouse,279,101,1775547135269
mouse,277,102,1775547135277
mouse,276,102,1775547135283
mouse,275,103,1775547135291
mouse,274,104,1775547135297
mouse,273,104,1775547135304
mouse,272,105,1775547135311
mouse,271,105,1775547135318
mouse,269,105,1775547135324
mouse,268,106,1775547135331
mouse,267,106,1775547135338
mouse,265,106,1775547135346
mouse,264,107,1775547135352
mouse,262,107,1775547135359
mouse,260,108,1775547135367
mouse,259,108,1775547135373
mouse,258,109,1775547135380
mouse,256,109,1775547135387
mouse,253,110,1775547135408
mouse,252,110,1775547135416
mouse,251,111,1775547135426
mouse,250,111,1775547135430
mouse,249,111,1775547135436
mouse,248,111,1775547135444
mouse,248,113,1775547135449
mouse,247,113,1775547135457
mouse,246,113,1775547135463
mouse,246,114,1775547135476
mouse,245,114,1775547135491
mouse,244,114,1775547135515
mouse,244,115,1775547135522
mouse,243,115,1775547135527
mouse,242,115,1775547135533
mouse,241,115,1775547135546
mouse,240,115,1775547135548
mouse,240,116,1775547135555
mouse,240,117,1775547135561
click,240,117,1775547135724
mouse,239,117,1775547135861
mouse,238,117,1775547135867
mouse,237,117,1775547135877
mouse,236,118,1775547135880
mouse,235,118,1775547135912
mouse,235,119,1775547136195
mouse,234,119,1775547136214
mouse,234,120,1775547136221
mouse,233,121,1775547136229
mouse,232,121,1775547136234
mouse,232,122,1775547136241
mouse,232,123,1775547136248
mouse,231,123,1775547136255
mouse,230,124,1775547136262
mouse,229,125,1775547136269
mouse,228,125,1775547136276
mouse,228,126,1775547136283
mouse,227,126,1775547136290
mouse,226,127,1775547136297
mouse,226,128,1775547136304
mouse,225,128,1775547136311
mouse,224,128,1775547136318
mouse,224,129,1775547136326
mouse,223,129,1775547136345
mouse,222,129,1775547136353
mouse,222,130,1775547136360
mouse,221,130,1775547136366
mouse,220,130,1775547136373
mouse,219,130,1775547136381
mouse,218,130,1775547136388
mouse,217,130,1775547136396
mouse,216,130,1775547136402
mouse,215,130,1775547136415
mouse,214,130,1775547136420
mouse,212,131,1775547136436
mouse,211,131,1775547136458
mouse,211,132,1775547136464
mouse,210,132,1775547136474
mouse,209,132,1775547136481
mouse,208,132,1775547136498
mouse,207,132,1775547136566
mouse,206,132,1775547136570
mouse,205,132,1775547136589
mouse,204,132,1775547136674
mouse,204,131,1775547136721
mouse,204,130,1775547136833
mouse,204,129,1775547136894
mouse,204,128,1775547136915
mouse,204,127,1775547136926
mouse,204,126,1775547136952
mouse,204,125,1775547136986
mouse,204,124,1775547137005
mouse,204,123,1775547137042
mouse,204,122,1775547137052
mouse,204,121,1775547137083
mouse,204,120,1775547137114
mouse,202,120,1775547138083
mouse,201,120,1775547138090
mouse,200,120,1775547138096
mouse,198,121,1775547138102
mouse,196,121,1775547138109
mouse,193,122,1775547138116
mouse,190,123,1775547138123
mouse,187,124,1775547138130
mouse,184,125,1775547138137
mouse,182,126,1775547138144
mouse,179,126,1775547138151
mouse,176,128,1775547138158
mouse,173,130,1775547138165
mouse,170,131,1775547138172
mouse,168,133,1775547138179
mouse,165,134,1775547138186
mouse,164,137,1775547138193
mouse,161,138,1775547138199
mouse,159,140,1775547138206
mouse,157,142,1775547138213
mouse,156,145,1775547138220
mouse,154,146,1775547138227
mouse,152,149,1775547138234
mouse,150,150,1775547138241
mouse,148,153,1775547138248
mouse,148,156,1775547138255
mouse,147,157,1775547138262
mouse,144,159,1775547138269
mouse,144,162,1775547138276
mouse,143,162,1775547138283
mouse,140,165,1775547138290
mouse,140,166,1775547138297
mouse,139,166,1775547138304
mouse,137,168,1775547138311
mouse,136,170,1775547138318
mouse,135,171,1775547138325
mouse,134,172,1775547138331
mouse,132,174,1775547138338
mouse,131,174,1775547138347
mouse,131,176,1775547138352
mouse,128,177,1775547138359
mouse,128,178,1775547138366
mouse,127,179,1775547138373
mouse,124,180,1775547138380
mouse,123,181,1775547138387
mouse,121,182,1775547138394
mouse,120,182,1775547138401
mouse,119,182,1775547138408
mouse,117,183,1775547138415
mouse,117,184,1775547138422
mouse,116,184,1775547138429
mouse,115,184,1775547138436
mouse,114,185,1775547138443
mouse,113,185,1775547138449
mouse,113,186,1775547138460
mouse,112,186,1775547138469
mouse,111,186,1775547138495
mouse,110,186,1775547138551
mouse,109,186,1775547138571
mouse,109,187,1775547138575
mouse,109,188,1775547138587
mouse,108,188,1775547138602
mouse,107,189,1775547138609
mouse,107,190,1775547138621
mouse,106,190,1775547138630
mouse,105,190,1775547138644
mouse,104,190,1775547138651
mouse,102,190,1775547138658
mouse,100,188,1775547138665
mouse,97,186,1775547138672
mouse,95,184,1775547138679
mouse,93,183,1775547138686
mouse,93,182,1775547138693
mouse,92,180,1775547138700
mouse,92,175,1775547138706
mouse,98,170,1775547138713
mouse,108,166,1775547138720
mouse,121,165,1775547138727
mouse,133,165,1775547138734
mouse,144,167,1775547138741
mouse,153,169,1775547138748
mouse,166,170,1775547138755
mouse,173,171,1775547138762
mouse,181,172,1775547138769
mouse,190,173,1775547138776
mouse,200,174,1775547138783
mouse,204,174,1775547138790
mouse,205,174,1775547138885
mouse,208,175,1775547138888
mouse,217,177,1775547138895
mouse,220,177,1775547138901
mouse,224,177,1775547138908
mouse,224,178,1775547138979
mouse,224,179,1775547138990
mouse,224,180,1775547138991
mouse,224,182,1775547138998
mouse,224,185,1775547139005
mouse,225,186,1775547139012
mouse,226,186,1775547139206
mouse,228,186,1775547139228
mouse,228,187,1775547139238
mouse,228,189,1775547139242
mouse,228,190,1775547139248
mouse,228,192,1775547139255
mouse,228,193,1775547139262
mouse,227,196,1775547139269
mouse,226,198,1775547139276
mouse,224,198,1775547139283
mouse,223,199,1775547139290
mouse,221,200,1775547139297
mouse,220,200,1775547139304
mouse,220,201,1775547139318
mouse,220,202,1775547139330
mouse,219,202,1775547139334
mouse,218,203,1775547139343
mouse,218,204,1775547139348
mouse,217,204,1775547139353
mouse,216,205,1775547139359
mouse,215,206,1775547139369
mouse,214,206,1775547139377
mouse,213,206,1775547139383
mouse,212,208,1775547139390
mouse,211,208,1775547139399
mouse,212,208,1775547139515
mouse,213,208,1775547139671
mouse,214,208,1775547139684
mouse,215,208,1775547139704
mouse,216,208,1775547139707
mouse,216,207,1775547139715
mouse,217,207,1775547139724
mouse,218,207,1775547139727
mouse,219,207,1775547139735
mouse,220,206,1775547139741
mouse,223,206,1775547139748
mouse,225,205,1775547139755
mouse,228,205,1775547139763
mouse,231,204,1775547139769
mouse,234,203,1775547139777
mouse,236,203,1775547139783
mouse,238,202,1775547139790
mouse,240,202,1775547139797
mouse,242,202,1775547139804
mouse,244,202,1775547139811
mouse,246,202,1775547139818
mouse,248,201,1775547139825
mouse,250,201,1775547139832
mouse,254,201,1775547139839
mouse,256,201,1775547139845
mouse,260,201,1775547139852
mouse,267,201,1775547139860
mouse,272,201,1775547139866
mouse,278,201,1775547139873
mouse,284,202,1775547139880
mouse,292,202,1775547139888
mouse,298,202,1775547139894
mouse,306,202,1775547139901
mouse,312,202,1775547139908
mouse,316,202,1775547139915
mouse,321,202,1775547139922
mouse,324,201,1775547139929
mouse,327,199,1775547139936
mouse,328,199,1775547139943
mouse,328,198,1775547139950
mouse,328,196,1775547139970
mouse,328,194,1775547139977
mouse,328,193,1775547139984
mouse,328,190,1775547139991
mouse,328,188,1775547139998
mouse,326,186,1775547140005
mouse,324,182,1775547140012
mouse,322,178,1775547140019
mouse,320,175,1775547140026
mouse,316,171,1775547140033
mouse,312,167,1775547140040
mouse,308,164,1775547140047
mouse,303,160,1775547140054
mouse,297,156,1775547140061
mouse,291,153,1775547140068
mouse,284,150,1775547140074
mouse,279,146,1775547140081
mouse,273,143,1775547140089
mouse,269,142,1775547140095
mouse,265,139,1775547140102
mouse,261,137,1775547140110
mouse,258,137,1775547140116
mouse,256,135,1775547140123
mouse,255,134,1775547140130
mouse,254,134,1775547140137
mouse,253,133,1775547140144
mouse,252,133,1775547140157
mouse,252,132,1775547140158
mouse,252,131,1775547140168
mouse,251,130,1775547140186
mouse,249,130,1775547140193
mouse,248,130,1775547140202
mouse,248,129,1775547140207
mouse,248,128,1775547140214
mouse,247,127,1775547140220
mouse,246,127,1775547140227
mouse,245,126,1775547140234
mouse,244,126,1775547140241
mouse,244,125,1775547140255
mouse,243,125,1775547140276
mouse,243,124,1775547140284
mouse,242,123,1775547140290
mouse,241,123,1775547140297
mouse,240,122,1775547140304
mouse,239,122,1775547140311
mouse,237,120,1775547140318
mouse,236,119,1775547140325
mouse,234,118,1775547140332
mouse,233,118,1775547140338
mouse,232,116,1775547140345
mouse,231,115,1775547140353
mouse,230,115,1775547140359
mouse,229,114,1775547140366
mouse,228,114,1775547140374
mouse,227,114,1775547140395
mouse,226,114,1775547140401
mouse,225,113,1775547140408
mouse,225,112,1775547140416
mouse,224,112,1775547140422
mouse,224,111,1775547140443
click,224,111,1775547140557
mouse,225,111,1775547140675
mouse,226,111,1775547140679
mouse,227,111,1775547140686
mouse,228,111,1775547140694
mouse,229,111,1775547140706
mouse,230,111,1775547140709
mouse,231,111,1775547140714
mouse,232,111,1775547140720
mouse,234,111,1775547140727
mouse,236,111,1775547140734
mouse,239,111,1775547140741
mouse,243,111,1775547140748
mouse,245,111,1775547140755
mouse,249,112,1775547140762
mouse,254,113,1775547140769
mouse,258,113,1775547140776
mouse,263,113,1775547140783
mouse,268,114,1775547140790
mouse,274,114,1775547140797
mouse,280,115,1775547140804
mouse,286,115,1775547140811
mouse,293,117,1775547140818
mouse,300,118,1775547140826
mouse,305,118,1775547140832
mouse,312,120,1775547140840
mouse,317,120,1775547140845
mouse,322,121,1775547140852
mouse,328,122,1775547140859
mouse,332,122,1775547140866
mouse,336,122,1775547140873
mouse,340,123,1775547140880
mouse,344,124,1775547140887
mouse,348,124,1775547140894
mouse,352,125,1775547140901
mouse,357,126,1775547140908
mouse,363,127,1775547140915
mouse,368,127,1775547140922
mouse,374,127,1775547140929
mouse,380,127,1775547140936
mouse,387,127,1775547140943
mouse,395,127,1775547140950
mouse,400,127,1775547140956
mouse,408,127,1775547140963
mouse,414,126,1775547140970
mouse,420,126,1775547140977
mouse,426,125,1775547140984
mouse,432,123,1775547140991
mouse,436,122,1775547140998
mouse,441,121,1775547141005
mouse,444,120,1775547141012
mouse,449,118,1775547141019
mouse,452,117,1775547141026
mouse,456,116,1775547141033
mouse,459,115,1775547141040
mouse,460,114,1775547141047
mouse,463,114,1775547141054
mouse,464,113,1775547141062
mouse,464,112,1775547141068
mouse,466,112,1775547141075
mouse,467,111,1775547141081
mouse,468,111,1775547141089
mouse,468,110,1775547141096
click,468,110,1775547141269
mouse,467,110,1775547141468
mouse,466,110,1775547141471
mouse,464,112,1775547141478
mouse,461,112,1775547141484
mouse,460,114,1775547141491
mouse,456,115,1775547141499
mouse,455,116,1775547141505
mouse,452,118,1775547141512
mouse,449,120,1775547141519
mouse,448,122,1775547141526
mouse,444,123,1775547141533
mouse,442,126,1775547141540
mouse,440,127,1775547141548
mouse,437,129,1775547141554
mouse,435,131,1775547141561
mouse,432,133,1775547141568
mouse,430,134,1775547141574
mouse,428,136,1775547141582
mouse,425,138,1775547141588
mouse,423,140,1775547141595
mouse,420,142,1775547141602
mouse,418,144,1775547141609
mouse,416,146,1775547141616
mouse,414,148,1775547141624
mouse,412,150,1775547141630
mouse,410,151,1775547141637
mouse,408,152,1775547141644
mouse,406,154,1775547141651
mouse,404,155,1775547141658
mouse,403,158,1775547141665
mouse,400,159,1775547141672
mouse,399,161,1775547141679
mouse,396,162,1775547141686
mouse,395,165,1775547141693
mouse,392,166,1775547141700
mouse,390,167,1775547141707
mouse,388,170,1775547141713
mouse,386,171,1775547141720
mouse,383,174,1775547141728
mouse,381,174,1775547141734
mouse,378,177,1775547141742
mouse,376,178,1775547141748
mouse,375,179,1775547141755
mouse,372,182,1775547141762
mouse,370,183,1775547141769
mouse,368,185,1775547141776
mouse,366,185,1775547141783
mouse,364,186,1775547141790
mouse,362,188,1775547141797
mouse,360,189,1775547141805
mouse,358,191,1775547141811
mouse,356,192,1775547141818
mouse,352,193,1775547141824
mouse,350,194,1775547141831
mouse,348,195,1775547141838
mouse,345,197,1775547141845
mouse,341,199,1775547141853
mouse,338,200,1775547141859
mouse,335,202,1775547141866
mouse,331,204,1775547141873
mouse,327,206,1775547141880
mouse,324,207,1775547141887
mouse,320,209,1775547141894
mouse,317,210,1775547141901
mouse,314,212,1775547141908
mouse,311,214,1775547141915
mouse,307,214,1775547141922
mouse,303,217,1775547141929
mouse,300,218,1775547141936
mouse,297,219,1775547141943
mouse,294,221,1775547141950
mouse,291,222,1775547141958
mouse,287,222,1775547141964
mouse,283,223,1775547141971
mouse,280,225,1775547141977
mouse,276,225,1775547141984
mouse,272,226,1775547141991
mouse,267,226,1775547141998
mouse,261,227,1775547142005
mouse,254,227,1775547142012
mouse,248,228,1775547142019
mouse,240,228,1775547142026
mouse,232,228,1775547142033
mouse,223,228,1775547142040
mouse,214,227,1775547142047
mouse,204,226,1775547142054
mouse,194,226,1775547142061
mouse,185,225,1775547142068
mouse,175,222,1775547142074
mouse,167,222,1775547142081
mouse,156,220,1775547142089
mouse,149,219,1775547142095
mouse,141,217,1775547142102
mouse,134,216,1775547142109
mouse,128,214,1775547142116
mouse,121,213,1775547142124
mouse,116,211,1775547142130
mouse,110,210,1775547142137
mouse,106,208,1775547142144
mouse,102,207,1775547142151
mouse,99,205,1775547142158
mouse,95,203,1775547142165
mouse,93,202,1775547142172
mouse,91,201,1775547142179
mouse,88,200,1775547142186
mouse,87,199,1775547142193
mouse,85,198,1775547142200
mouse,84,198,1775547142207
mouse,83,197,1775547142214
mouse,81,197,1775547142221
mouse,81,196,1775547142227
mouse,80,196,1775547142235
mouse,79,195,1775547142241
mouse,78,195,1775547142248
mouse,77,195,1775547142255
mouse,76,195,1775547142262
mouse,75,195,1775547142271
mouse,74,195,1775547142276
mouse,73,195,1775547142283
mouse,72,195,1775547142292
mouse,71,195,1775547142301
mouse,70,195,1775547142305
mouse,69,196,1775547142311
mouse,68,198,1775547142318
mouse,68,201,1775547142324
mouse,66,203,1775547142331
mouse,65,206,1775547142339
mouse,64,211,1775547142346
mouse,64,215,1775547142352
mouse,64,222,1775547142359
mouse,64,230,1775547142366
mouse,64,240,1775547142373
mouse,66,251,1775547142380
mouse,68,262,1775547142387
mouse,73,274,1775547142394
mouse,77,286,1775547142401
mouse,82,298,1775547142408
mouse,89,310,1775547142415
mouse,97,322,1775547142422
mouse,107,333,1775547142429
mouse,116,345,1775547142436
mouse,129,355,1775547142443
mouse,143,365,1775547142449
mouse,156,374,1775547142456
mouse,170,384,1775547142463
mouse,184,393,1775547142470
mouse,200,401,1775547142477
mouse,213,408,1775547142484
mouse,227,414,1775547142491
mouse,240,419,1775547142498
mouse,255,425,1775547142505
mouse,269,430,1775547142512
mouse,280,434,1775547142519
mouse,293,437,1775547142526
mouse,306,440,1775547142533
mouse,319,444,1775547142540
mouse,332,446,1775547142547
mouse,345,450,1775547142554
mouse,357,452,1775547142561
mouse,370,454,1775547142568
mouse,385,457,1775547142575
mouse,392,458,1775547142582
mouse,409,459,1775547142589
mouse,421,460,1775547142595
mouse,431,461,1775547142602
mouse,443,462,1775547142609
mouse,455,462,1775547142616
mouse,469,462,1775547142624
mouse,478,462,1775547142630
mouse,488,461,1775547142637
mouse,496,460,1775547142644
mouse,504,459,1775547142651
mouse,513,458,1775547142658
mouse,523,457,1775547142665
mouse,532,456,1775547142672
mouse,540,456,1775547142679
mouse,551,455,1775547142686
mouse,560,454,1775547142693
mouse,570,454,1775547142700
mouse,581,453,1775547142706
mouse,592,453,1775547142713
mouse,601,452,1775547142720
mouse,612,451,1775547142727
mouse,622,450,1775547142734
mouse,632,450,1775547142741
mouse,639,450,1775547142748
mouse,648,449,1775547142755
mouse,656,448,1775547142762
mouse,664,448,1775547142769
mouse,670,447,1775547142776
mouse,676,447,1775547142783
mouse,682,446,1775547142790
mouse,687,446,1775547142797
mouse,691,445,1775547142804
mouse,693,444,1775547142811
mouse,696,444,1775547142818
mouse,697,444,1775547142824
mouse,698,444,1775547142831
mouse,698,443,1775547142867
mouse,699,442,1775547142887
mouse,699,441,1775547142908
mouse,699,440,1775547142916
mouse,699,439,1775547142922
mouse,699,438,1775547142929
mouse,698,436,1775547142936
mouse,696,435,1775547142944
mouse,694,433,1775547142949
mouse,691,430,1775547142956
mouse,688,429,1775547142963
mouse,684,426,1775547142970
mouse,678,423,1775547142977
mouse,672,420,1775547142984
mouse,664,416,1775547142991
mouse,655,412,1775547142998
mouse,644,407,1775547143005
mouse,633,403,1775547143012
mouse,622,399,1775547143019
mouse,612,396,1775547143026
mouse,600,393,1775547143033
mouse,591,390,1775547143040
mouse,580,386,1775547143047
mouse,568,383,1775547143054
mouse,559,380,1775547143061
mouse,550,378,1775547143068
mouse,540,374,1775547143075
mouse,530,371,1775547143082
mouse,520,369,1775547143088
mouse,511,366,1775547143095
mouse,504,365,1775547143102
mouse,500,363,1775547143109
mouse,495,362,1775547143116
mouse,491,362,1775547143123
mouse,488,361,1775547143130
mouse,486,361,1775547143137
mouse,484,360,1775547143144
mouse,482,359,1775547143151
mouse,480,359,1775547143158
mouse,476,358,1775547143165
mouse,473,357,1775547143172
mouse,469,356,1775547143179
mouse,464,354,1775547143186
mouse,458,353,1775547143193
mouse,450,350,1775547143200
mouse,442,348,1775547143207
mouse,434,346,1775547143213
mouse,425,343,1775547143220
mouse,417,341,1775547143227
mouse,410,339,1775547143234
mouse,401,337,1775547143241
mouse,392,334,1775547143248
mouse,385,331,1775547143255
mouse,376,328,1775547143262
mouse,365,325,1775547143269
mouse,353,319,1775547143276
mouse,341,314,1775547143283
mouse,328,310,1775547143290
mouse,312,304,1775547143297
mouse,296,297,1775547143304
mouse,280,291,1775547143311
mouse,261,283,1775547143318
mouse,244,275,1775547143325
mouse,224,266,1775547143332
mouse,210,261,1775547143338
mouse,195,253,1775547143345
mouse,180,246,1775547143352
mouse,168,241,1775547143359
mouse,156,235,1775547143366
mouse,146,230,1775547143373
mouse,136,224,1775547143380
mouse,130,220,1775547143387
mouse,123,216,1775547143394
mouse,118,212,1775547143401
mouse,113,208,1775547143408
mouse,109,206,1775547143415
mouse,107,202,1775547143422
mouse,104,200,1775547143429
mouse,103,199,1775547143436
mouse,102,198,1775547143443
mouse,101,196,1775547143450
mouse,101,195,1775547143459
mouse,100,194,1775547143464
mouse,100,193,1775547143485
mouse,100,192,1775547143575
click,100,192,1775547143789
mouse,99,192,1775547143817
mouse,99,191,1775547143831
mouse,98,191,1775547143833
mouse,97,191,1775547143838
mouse,96,190,1775547143845
mouse,95,190,1775547143852
mouse,94,189,1775547143859
mouse,92,188,1775547143866
mouse,89,186,1775547143873
mouse,88,185,1775547143880
mouse,86,184,1775547143887
mouse,84,183,1775547143894
mouse,83,182,1775547143901
mouse,81,181,1775547143908
mouse,80,180,1775547143915
mouse,79,178,1775547143922
mouse,77,178,1775547143929
mouse,76,176,1775547143936
mouse,74,175,1775547143943
mouse,73,174,1775547143950
mouse,72,174,1775547143957
mouse,71,173,1775547143963
mouse,69,171,1775547143970
mouse,68,170,1775547143977
mouse,67,170,1775547143984
mouse,65,169,1775547143991
mouse,64,168,1775547143998
mouse,63,167,1775547144005
mouse,61,166,1775547144012
mouse,60,166,1775547144019
mouse,60,165,1775547144027
mouse,59,165,1775547144033
mouse,58,165,1775547144043
mouse,57,165,1775547144048
mouse,57,164,1775547144068
mouse,56,164,1775547144122
mouse,56,163,1775547144139
mouse,56,162,1775547144183
mouse,55,162,1775547144214
mouse,54,162,1775547144221
mouse,53,162,1775547144241
mouse,52,162,1775547144255
mouse,51,162,1775547144279
mouse,51,161,1775547144283
mouse,50,161,1775547144290
mouse,49,161,1775547144297
mouse,48,160,1775547144305
mouse,46,159,1775547144325
mouse,45,158,1775547144331
mouse,44,158,1775547144339
mouse,43,158,1775547144351
mouse,42,158,1775547144353
mouse,41,158,1775547144359
mouse,40,157,1775547144366
mouse,39,157,1775547144376
mouse,38,157,1775547144380
mouse,37,157,1775547144388
mouse,36,157,1775547144394
mouse,36,156,1775547144401
mouse,35,156,1775547144414
mouse,34,156,1775547144415
mouse,34,155,1775547144422
mouse,33,155,1775547144429
mouse,32,155,1775547144437
mouse,32,154,1775547144466
mouse,31,154,1775547144475
mouse,30,154,1775547144493
mouse,29,154,1775547144502
mouse,28,154,1775547144508
mouse,27,154,1775547144544
mouse,498,227,1775547152354
mouse,500,227,1775547152360
mouse,503,227,1775547152365
mouse,504,227,1775547152367
mouse,506,226,1775547152373
mouse,505,225,1775547152417
mouse,504,224,1775547152423
mouse,501,223,1775547152429
mouse,496,222,1775547152436
mouse,492,221,1775547152443
mouse,485,219,1775547152450
mouse,480,217,1775547152457
mouse,472,215,1775547152464
mouse,468,215,1775547152470
mouse,463,213,1775547152477
mouse,458,212,1775547152484
mouse,456,211,1775547152491
mouse,453,210,1775547152498
mouse,449,210,1775547152505
mouse,444,209,1775547152512
mouse,436,209,1775547152520
mouse,428,208,1775547152526
mouse,413,206,1775547152533
mouse,400,206,1775547152540
mouse,384,204,1775547152547
mouse,367,202,1775547152554
mouse,351,199,1775547152561
mouse,336,196,1775547152568
mouse,321,193,1775547152575
mouse,305,190,1775547152581
mouse,289,186,1775547152588
mouse,272,182,1775547152595
mouse,256,177,1775547152602
mouse,240,173,1775547152609
mouse,225,168,1775547152616
mouse,211,165,1775547152623
mouse,199,161,1775547152630
mouse,187,158,1775547152637
mouse,176,155,1775547152644
mouse,165,153,1775547152651
mouse,156,150,1775547152658
mouse,145,146,1775547152665
mouse,134,142,1775547152672
mouse,124,138,1775547152679
mouse,115,134,1775547152686
mouse,107,129,1775547152693
mouse,101,124,1775547152700
mouse,97,120,1775547152707
mouse,95,116,1775547152714
mouse,95,113,1775547152721
mouse,94,110,1775547152728
mouse,94,107,1775547152734
mouse,94,105,1775547152741
mouse,94,102,1775547152748
mouse,96,99,1775547152756
mouse,96,97,1775547152762
mouse,98,94,1775547152769
mouse,100,93,1775547152776
mouse,100,91,1775547152783
mouse,101,90,1775547152790
mouse,102,89,1775547152797
mouse,104,87,1775547152804
mouse,104,86,1775547152811
mouse,106,86,1775547152818
mouse,107,85,1775547152826
mouse,108,84,1775547152832
mouse,109,83,1775547152839
mouse,110,82,1775547152846
mouse,111,80,1775547152852
mouse,112,79,1775547152859
mouse,112,78,1775547152866
mouse,113,76,1775547152874
mouse,113,75,1775547152882
mouse,114,75,1775547152887
mouse,114,74,1775547152908
mouse,114,73,1775547152963
click,114,73,1775547153071
mouse,115,73,1775547157847
mouse,116,73,1775547157854
mouse,116,72,1775547157860
mouse,117,71,1775547157866
mouse,118,71,1775547157873
mouse,120,70,1775547157880
mouse,121,70,1775547157888
mouse,122,70,1775547157894
mouse,124,70,1775547157901
mouse,126,70,1775547157908
mouse,129,70,1775547157915
mouse,133,70,1775547157922
mouse,136,71,1775547157929
mouse,141,74,1775547157936
mouse,148,75,1775547157943
mouse,152,78,1775547157950
mouse,160,81,1775547157957
mouse,165,84,1775547157963
mouse,169,86,1775547157970
mouse,174,90,1775547157978
mouse,178,92,1775547157984
mouse,182,96,1775547157991
mouse,185,98,1775547157998
mouse,189,100,1775547158005
mouse,192,102,1775547158012
mouse,196,102,1775547158019
mouse,197,103,1775547158026
mouse,199,104,1775547158034
mouse,201,105,1775547158040
mouse,203,106,1775547158047
mouse,205,106,1775547158055
mouse,209,107,1775547158063
mouse,211,108,1775547158068
mouse,212,108,1775547158075
mouse,213,108,1775547158082
mouse,213,109,1775547158089
mouse,215,109,1775547158111
mouse,215,110,1775547158118
mouse,216,110,1775547158123
mouse,218,110,1775547158131
mouse,219,110,1775547158137
mouse,220,110,1775547158144
mouse,221,110,1775547158151
mouse,222,110,1775547158160
mouse,223,111,1775547158166
mouse,224,111,1775547158172
mouse,225,111,1775547158179
mouse,226,111,1775547158186
mouse,228,111,1775547158193
mouse,229,110,1775547158200
mouse,232,110,1775547158207
mouse,234,110,1775547158214
mouse,238,110,1775547158221
mouse,242,110,1775547158228
mouse,248,110,1775547158234
mouse,252,110,1775547158241
mouse,256,109,1775547158248
mouse,261,109,1775547158255
mouse,267,109,1775547158263
mouse,269,109,1775547158269
mouse,273,108,1775547158276
mouse,277,107,1775547158283
mouse,281,106,1775547158290
mouse,284,106,1775547158297
mouse,287,106,1775547158304
mouse,290,105,1775547158311
mouse,291,105,1775547158318
mouse,292,105,1775547158325
mouse,293,104,1775547158332
mouse,294,104,1775547158339
mouse,295,103,1775547158346
click,295,103,1775547158460
mouse,294,103,1775547158514
mouse,293,103,1775547158519
mouse,292,103,1775547158526
mouse,289,104,1775547158533
mouse,288,104,1775547158540
mouse,285,104,1775547158547
mouse,282,106,1775547158554
mouse,280,106,1775547158562
mouse,277,107,1775547158568
mouse,273,108,1775547158575
mouse,270,109,1775547158582
mouse,266,110,1775547158589
mouse,261,112,1775547158596
mouse,256,114,1775547158603
mouse,252,115,1775547158610
mouse,248,116,1775547158616
mouse,243,118,1775547158623
mouse,240,118,1775547158630
mouse,236,119,1775547158637
mouse,233,120,1775547158644
mouse,231,121,1775547158651
mouse,228,122,1775547158658
mouse,225,122,1775547158665
mouse,223,123,1775547158672
mouse,221,124,1775547158679
mouse,217,124,1775547158686
mouse,215,124,1775547158693
mouse,212,125,1775547158700
mouse,209,126,1775547158707
mouse,207,126,1775547158714
mouse,204,126,1775547158721
mouse,202,126,1775547158728
mouse,200,126,1775547158734
mouse,198,127,1775547158741
mouse,197,127,1775547158748
mouse,196,127,1775547158755
mouse,195,127,1775547158762
mouse,194,127,1775547158769
mouse,193,127,1775547158776
mouse,192,127,1775547158785
click,192,127,1775547159073
mouse,192,128,1775547159691
mouse,192,129,1775547159708
mouse,192,130,1775547159714
mouse,192,131,1775547159735
mouse,192,133,1775547159741
mouse,192,134,1775547159748
mouse,192,135,1775547159755
mouse,192,136,1775547159762
mouse,192,138,1775547159769
mouse,192,139,1775547159777
mouse,192,140,1775547159784
mouse,192,141,1775547159790
mouse,192,142,1775547159797
mouse,192,143,1775547159804
mouse,192,144,1775547159811
mouse,192,146,1775547159818
mouse,192,147,1775547159825
mouse,192,148,1775547159832
mouse,192,150,1775547159839
mouse,192,151,1775547159846
mouse,192,154,1775547159852
mouse,192,155,1775547159860
mouse,192,156,1775547159866
mouse,192,158,1775547159873
mouse,192,159,1775547159880
mouse,193,161,1775547159887
mouse,193,162,1775547159894
mouse,194,163,1775547159901
mouse,194,165,1775547159908
mouse,194,166,1775547159915
mouse,195,167,1775547159922
mouse,195,168,1775547159929
mouse,196,169,1775547159936
mouse,196,170,1775547159943
mouse,196,171,1775547159955
mouse,196,172,1775547159971
mouse,197,173,1775547159978
mouse,197,174,1775547159985
mouse,198,175,1775547159992
mouse,198,176,1775547160002
mouse,198,177,1775547160006
mouse,198,178,1775547160012
mouse,198,179,1775547160019
mouse,199,181,1775547160026
mouse,199,182,1775547160033
mouse,200,183,1775547160040
mouse,200,185,1775547160047
mouse,200,186,1775547160054
mouse,200,188,1775547160061
mouse,200,189,1775547160068
mouse,201,190,1775547160075
mouse,202,192,1775547160082
mouse,202,193,1775547160089
mouse,202,194,1775547160096
mouse,202,195,1775547160107
mouse,202,196,1775547160109
mouse,202,197,1775547160117
mouse,202,198,1775547160125
mouse,203,198,1775547160131
mouse,203,199,1775547160142
mouse,203,200,1775547160150
mouse,204,201,1775547160165
mouse,204,202,1775547160186
mouse,204,203,1775547160209
mouse,204,204,1775547160216
mouse,204,205,1775547160221
mouse,205,205,1775547160232
mouse,205,206,1775547160235
mouse,206,206,1775547160241
mouse,206,207,1775547160250
mouse,206,208,1775547160255
mouse,207,208,1775547160262
mouse,207,209,1775547160269
mouse,208,210,1775547160276
mouse,208,212,1775547160297
mouse,209,213,1775547160304
mouse,210,214,1775547160311
mouse,210,215,1775547160324
mouse,211,215,1775547160327
mouse,211,216,1775547160332
mouse,212,216,1775547160339
mouse,212,217,1775547160346
mouse,212,218,1775547160353
mouse,213,219,1775547160374
mouse,213,220,1775547160380
mouse,214,220,1775547160387
mouse,214,221,1775547160394
mouse,214,222,1775547160402
mouse,215,222,1775547160408
mouse,216,222,1775547160415
mouse,216,223,1775547160422
mouse,216,224,1775547160430
mouse,216,225,1775547160437
mouse,217,226,1775547160443
mouse,218,226,1775547160450
mouse,219,228,1775547160471
mouse,220,228,1775547160478
mouse,220,229,1775547160485
mouse,220,230,1775547160491
mouse,222,230,1775547160499
mouse,222,231,1775547160505
mouse,224,232,1775547160512
mouse,224,233,1775547160519
mouse,225,234,1775547160526
mouse,227,235,1775547160533
mouse,228,236,1775547160540
mouse,231,238,1775547160554
mouse,232,238,1775547160561
mouse,234,238,1775547160568
mouse,236,240,1775547160575
mouse,238,240,1775547160582
mouse,240,241,1775547160589
mouse,243,242,1775547160596
mouse,245,242,1775547160603
mouse,247,243,1775547160610
mouse,249,244,1775547160617
mouse,252,245,1775547160625
mouse,254,246,1775547160630
mouse,256,246,1775547160637
mouse,260,248,1775547160644
mouse,262,248,1775547160651
mouse,264,250,1775547160658
mouse,267,250,1775547160665
mouse,269,251,1775547160672
mouse,272,252,1775547160679
mouse,274,254,1775547160686
mouse,277,254,1775547160693
mouse,280,255,1775547160700
mouse,282,256,1775547160707
mouse,284,257,1775547160714
mouse,288,258,1775547160721
mouse,290,258,1775547160728
mouse,292,259,1775547160734
mouse,296,260,1775547160741
mouse,299,260,1775547160748
mouse,301,261,1775547160756
mouse,305,262,1775547160763
mouse,308,262,1775547160770
mouse,312,262,1775547160777
mouse,313,262,1775547160785
mouse,315,262,1775547160791
mouse,317,262,1775547160798
mouse,318,262,1775547160805
mouse,319,262,1775547160811
mouse,320,262,1775547160823
mouse,321,262,1775547160839
mouse,322,261,1775547160846
mouse,323,260,1775547160852
mouse,323,258,1775547160859
mouse,324,258,1775547160866
mouse,325,257,1775547160873
mouse,325,256,1775547160884
mouse,326,256,1775547160887
mouse,326,255,1775547160894
mouse,327,254,1775547160901
mouse,327,253,1775547161034
mouse,325,253,1775547168631
mouse,324,253,1775547168639
mouse,322,253,1775547168644
mouse,320,253,1775547168651
mouse,317,253,1775547168658
mouse,314,253,1775547168665
mouse,310,253,1775547168673
mouse,307,253,1775547168679
mouse,303,253,1775547168686
mouse,299,253,1775547168693
mouse,294,253,1775547168700
mouse,290,252,1775547168707
mouse,285,250,1775547168714
mouse,281,249,1775547168721
mouse,277,246,1775547168728
mouse,271,245,1775547168734
mouse,264,243,1775547168741
mouse,255,241,1775547168748
mouse,243,239,1775547168755
mouse,234,237,1775547168762
mouse,227,234,1775547168769
mouse,224,234,1775547168776
mouse,223,232,1775547168783
mouse,223,231,1775547168809
mouse,223,230,1775547168812
mouse,224,230,1775547168815
mouse,226,228,1775547168825
mouse,228,227,1775547168832
mouse,229,226,1775547168839
mouse,231,226,1775547168846
mouse,232,226,1775547168867
mouse,231,224,1775547168943
mouse,231,223,1775547168954
mouse,231,222,1775547168958
mouse,232,221,1775547168964
mouse,232,219,1775547168971
mouse,234,218,1775547168978
mouse,235,215,1775547168985
mouse,236,213,1775547168992
mouse,237,211,1775547168998
mouse,238,210,1775547169005
mouse,239,208,1775547169012
mouse,240,206,1775547169019
mouse,240,204,1775547169026
mouse,240,202,1775547169033
mouse,241,201,1775547169040
mouse,241,198,1775547169047
mouse,241,197,1775547169054
mouse,241,195,1775547169061
mouse,241,194,1775547169069
mouse,241,192,1775547169075
mouse,241,190,1775547169082
mouse,242,188,1775547169089
mouse,242,186,1775547169096
mouse,243,183,1775547169103
mouse,243,180,1775547169109
mouse,244,177,1775547169116
mouse,244,174,1775547169123
mouse,244,170,1775547169130
mouse,244,168,1775547169137
mouse,244,166,1775547169144
mouse,244,164,1775547169151
mouse,244,163,1775547169158
mouse,244,162,1775547169166
mouse,244,161,1775547169175
mouse,244,160,1775547169180
mouse,244,159,1775547169187
mouse,244,158,1775547169193
mouse,244,157,1775547169200
mouse,244,156,1775547169207
mouse,244,155,1775547169214
mouse,243,154,1775547169221
mouse,243,153,1775547169229
mouse,243,152,1775547169241
mouse,243,151,1775547169245
mouse,242,151,1775547169248
mouse,242,150,1775547169255
mouse,242,149,1775547169267
mouse,242,146,1775547169283
mouse,241,146,1775547169291
mouse,241,145,1775547169298
mouse,240,144,1775547169304
mouse,240,142,1775547169311
mouse,240,141,1775547169318
mouse,240,139,1775547169325
mouse,239,138,1775547169332
mouse,238,137,1775547169339
mouse,238,136,1775547169346
mouse,238,134,1775547169353
mouse,237,134,1775547169360
mouse,236,133,1775547169367
mouse,236,131,1775547169374
mouse,236,130,1775547169381
mouse,236,129,1775547169389
mouse,236,128,1775547169396
mouse,235,127,1775547169401
mouse,234,126,1775547169408
mouse,233,125,1775547169415
mouse,233,124,1775547169436
mouse,233,123,1775547169449
mouse,232,122,1775547169465
mouse,232,121,1775547169477
mouse,232,120,1775547169492
mouse,232,119,1775547169500
mouse,232,118,1775547169505
click,232,118,1775547169674
mouse,233,118,1775547169858
mouse,234,118,1775547169860
mouse,235,118,1775547169867
mouse,236,118,1775547169874
mouse,237,118,1775547169881
mouse,239,119,1775547169887
mouse,240,119,1775547169894
mouse,242,119,1775547169901
mouse,244,119,1775547169908
mouse,248,120,1775547169915
mouse,250,120,1775547169922
mouse,252,120,1775547169929
mouse,255,120,1775547169936
mouse,256,120,1775547169943
mouse,259,120,1775547169950
mouse,261,120,1775547169957
mouse,262,120,1775547169964
mouse,263,120,1775547169971
mouse,264,120,1775547169978
mouse,265,120,1775547169999
mouse,266,120,1775547170005
mouse,267,120,1775547170018
mouse,268,120,1775547170021
mouse,269,120,1775547170029
mouse,270,120,1775547170034
mouse,272,120,1775547170040
mouse,273,119,1775547170047
mouse,276,119,1775547170054
mouse,277,119,1775547170061
mouse,280,119,1775547170068
mouse,281,119,1775547170075
mouse,284,119,1775547170082
mouse,287,119,1775547170089
mouse,288,119,1775547170096
mouse,290,119,1775547170103
mouse,292,119,1775547170109
mouse,294,120,1775547170116
mouse,297,120,1775547170124
mouse,301,121,1775547170130
mouse,304,122,1775547170137
mouse,308,122,1775547170144
mouse,312,124,1775547170151
mouse,315,126,1775547170158
mouse,319,126,1775547170165
mouse,323,127,1775547170172
mouse,326,129,1775547170179
mouse,328,130,1775547170186
mouse,332,130,1775547170193
mouse,335,131,1775547170201
mouse,337,133,1775547170207
mouse,340,133,1775547170214
mouse,343,134,1775547170221
mouse,346,135,1775547170228
mouse,349,137,1775547170235
mouse,353,138,1775547170241
mouse,356,139,1775547170248
mouse,360,139,1775547170255
mouse,362,140,1775547170262
mouse,364,141,1775547170269
mouse,366,142,1775547170276
mouse,368,142,1775547170283
mouse,371,143,1775547170291
mouse,372,143,1775547170297
mouse,376,145,1775547170305
mouse,377,146,1775547170311
mouse,380,146,1775547170319
mouse,382,147,1775547170325
mouse,385,148,1775547170332
mouse,389,149,1775547170339
mouse,394,151,1775547170346
mouse,398,152,1775547170353
mouse,403,154,1775547170359
mouse,408,155,1775547170366
mouse,412,156,1775547170374
mouse,419,158,1775547170382
mouse,423,158,1775547170387
mouse,428,159,1775547170394
mouse,433,161,1775547170401
mouse,438,162,1775547170408
mouse,442,162,1775547170415
mouse,446,163,1775547170422
mouse,450,163,1775547170430
mouse,452,164,1775547170436
mouse,456,165,1775547170443
mouse,460,166,1775547170450
mouse,464,166,1775547170457
mouse,468,167,1775547170464
mouse,471,168,1775547170471
mouse,476,169,1775547170478
mouse,481,170,1775547170484
mouse,487,170,1775547170491
mouse,492,171,1775547170498
mouse,496,172,1775547170506
mouse,499,172,1775547170512
mouse,502,173,1775547170519
mouse,507,173,1775547170526
mouse,511,173,1775547170533
mouse,516,174,1775547170540
mouse,520,174,1775547170547
mouse,524,174,1775547170554
mouse,528,174,1775547170561
mouse,532,174,1775547170568
mouse,536,173,1775547170575
mouse,540,171,1775547170582
mouse,544,170,1775547170589
mouse,548,169,1775547170596
mouse,551,166,1775547170603
mouse,554,165,1775547170610
mouse,556,162,1775547170617
mouse,560,158,1775547170624
mouse,562,157,1775547170630
mouse,564,153,1775547170638
mouse,567,150,1775547170644
mouse,568,146,1775547170651
mouse,570,143,1775547170658
mouse,571,140,1775547170665
mouse,572,136,1775547170672
mouse,572,133,1775547170679
mouse,572,130,1775547170686
mouse,573,128,1775547170693
mouse,573,126,1775547170700
mouse,573,125,1775547170707
mouse,573,124,1775547170714
mouse,573,123,1775547170721
mouse,573,122,1775547170730
mouse,573,121,1775547170749
mouse,572,120,1775547170755
mouse,572,119,1775547170762
mouse,572,118,1775547170769
mouse,571,118,1775547170776
mouse,569,118,1775547170783
mouse,569,117,1775547170790
mouse,568,116,1775547170797
mouse,566,116,1775547170804
mouse,565,116,1775547170811
mouse,564,116,1775547170818
mouse,562,116,1775547170825
mouse,560,116,1775547170832
mouse,557,116,1775547170839
mouse,554,116,1775547170846
mouse,551,116,1775547170853
mouse,547,116,1775547170860
mouse,543,117,1775547170867
mouse,539,118,1775547170873
mouse,533,118,1775547170880
mouse,528,119,1775547170887
mouse,520,119,1775547170894
mouse,511,120,1775547170901
mouse,501,121,1775547170908
mouse,491,123,1775547170915
mouse,483,125,1775547170922
mouse,474,127,1775547170929
mouse,465,130,1775547170936
mouse,458,133,1775547170943
mouse,452,135,1775547170950
mouse,446,138,1775547170957
mouse,442,139,1775547170964
mouse,437,141,1775547170971
mouse,433,142,1775547170978
mouse,429,143,1775547170985
mouse,427,145,1775547170991
mouse,424,146,1775547170998
mouse,420,147,1775547171005
mouse,418,149,1775547171012
mouse,415,149,1775547171019
mouse,412,150,1775547171026
mouse,409,151,1775547171033
mouse,407,154,1775547171040
mouse,405,154,1775547171047
mouse,403,155,1775547171054
mouse,401,156,1775547171061
mouse,399,157,1775547171068
mouse,397,158,1775547171075
mouse,395,158,1775547171082
mouse,394,159,1775547171089
mouse,393,159,1775547171096
mouse,392,160,1775547171103
mouse,391,161,1775547171110
mouse,389,162,1775547171117
mouse,388,162,1775547171124
mouse,387,163,1775547171134
mouse,386,163,1775547171139
mouse,384,164,1775547171147
mouse,383,165,1775547171151
mouse,381,166,1775547171158
mouse,379,167,1775547171166
mouse,376,169,1775547171173
mouse,375,169,1775547171179
mouse,372,171,1775547171186
mouse,370,172,1775547171193
mouse,368,173,1775547171200
mouse,365,174,1775547171207
mouse,363,176,1775547171214
mouse,361,177,1775547171221
mouse,359,178,1775547171228
mouse,356,179,1775547171235
mouse,355,180,1775547171241
mouse,353,180,1775547171248
mouse,352,181,1775547171255
mouse,350,181,1775547171262
mouse,349,181,1775547171269
mouse,348,182,1775547171276
mouse,347,182,1775547171287
mouse,346,182,1775547171290
mouse,344,182,1775547171297
mouse,343,182,1775547171304
mouse,340,182,1775547171311
mouse,337,182,1775547171318
mouse,334,182,1775547171325
mouse,331,182,1775547171332
mouse,328,182,1775547171339
mouse,324,182,1775547171346
mouse,321,182,1775547171353
mouse,318,182,1775547171360
mouse,316,182,1775547171367
mouse,312,182,1775547171374
mouse,309,182,1775547171380
mouse,306,182,1775547171387
mouse,303,182,1775547171394
mouse,300,182,1775547171402
mouse,296,182,1775547171408
mouse,292,182,1775547171415
mouse,286,182,1775547171423
mouse,282,181,1775547171429
mouse,277,181,1775547171436
mouse,273,180,1775547171443
mouse,269,180,1775547171450
mouse,265,179,1775547171457
mouse,262,179,1775547171464
mouse,259,178,1775547171471
mouse,256,178,1775547171478
mouse,252,177,1775547171485
mouse,248,175,1775547171491
mouse,244,174,1775547171500
mouse,240,173,1775547171505
mouse,236,171,1775547171512
mouse,232,170,1775547171519
mouse,228,169,1775547171527
mouse,226,169,1775547171533
mouse,224,168,1775547171540
mouse,221,167,1775547171547
mouse,220,167,1775547171554
mouse,219,167,1775547171561
mouse,217,166,1775547171568
mouse,216,166,1775547171575
mouse,215,166,1775547171597
mouse,214,166,1775547171608
mouse,213,166,1775547171614
mouse,212,166,1775547171621
mouse,212,165,1775547171650
click,212,165,1775547171865
mouse,211,165,1775547171997
mouse,211,164,1775547172003
mouse,210,164,1775547172020
mouse,209,163,1775547172027
mouse,208,163,1775547172033
mouse,207,163,1775547172046
mouse,207,162,1775547172051
mouse,206,162,1775547172069
mouse,205,162,1775547172076
mouse,204,162,1775547172083
mouse,203,162,1775547172096
mouse,202,162,1775547172100
mouse,201,162,1775547172104
mouse,200,162,1775547172110
mouse,199,162,1775547172116
mouse,197,162,1775547172124
mouse,196,162,1775547172130
mouse,194,162,1775547172138
mouse,192,162,1775547172144
mouse,191,162,1775547172151
mouse,188,162,1775547172159
mouse,186,162,1775547172165
mouse,184,162,1775547172172
mouse,181,162,1775547172179
mouse,179,163,1775547172186
mouse,176,164,1775547172193
mouse,174,164,1775547172200
mouse,171,164,1775547172207
mouse,168,165,1775547172214
mouse,164,166,1775547172221
mouse,161,166,1775547172227
mouse,158,166,1775547172234
mouse,155,166,1775547172241
mouse,152,167,1775547172248
mouse,148,168,1775547172255
mouse,145,168,1775547172262
mouse,142,168,1775547172269
mouse,140,168,1775547172276
mouse,137,169,1775547172283
mouse,133,169,1775547172291
mouse,132,170,1775547172297
mouse,128,170,1775547172304
mouse,126,170,1775547172311
mouse,123,170,1775547172318
mouse,120,170,1775547172325
mouse,117,170,1775547172332
mouse,115,171,1775547172339
mouse,112,171,1775547172346
mouse,109,171,1775547172353
mouse,107,172,1775547172359
mouse,104,172,1775547172366
mouse,102,172,1775547172373
mouse,100,173,1775547172381
mouse,98,173,1775547172387
mouse,96,173,1775547172394
mouse,93,173,1775547172401
mouse,91,174,1775547172408
mouse,89,174,1775547172415
mouse,88,174,1775547172422
mouse,86,174,1775547172429
mouse,84,174,1775547172436
mouse,83,174,1775547172443
mouse,82,174,1775547172450
mouse,80,174,1775547172458
mouse,79,174,1775547172464
mouse,78,174,1775547172471
mouse,76,174,1775547172478
mouse,74,174,1775547172486
mouse,73,174,1775547172491
mouse,71,174,1775547172498
mouse,69,174,1775547172506
mouse,68,174,1775547172512
mouse,65,174,1775547172520
mouse,64,174,1775547172526
mouse,61,174,1775547172534
mouse,60,174,1775547172540
mouse,56,174,1775547172548
mouse,55,174,1775547172556
mouse,54,174,1775547172561
mouse,52,174,1775547172568
mouse,51,174,1775547172578
mouse,50,174,1775547172583
mouse,49,174,1775547172594
mouse,48,174,1775547172601
mouse,48,173,1775547172617
mouse,47,173,1775547172624
mouse,46,173,1775547172632
mouse,45,173,1775547172638
mouse,44,172,1775547172644
mouse,43,172,1775547172651
mouse,43,171,1775547172659
mouse,42,171,1775547172665
mouse,40,170,1775547172672
mouse,39,170,1775547172695
mouse,38,170,1775547172703
mouse,37,170,1775547172710
mouse,37,169,1775547172731
mouse,36,169,1775547172803
mouse,36,168,1775547172826
mouse,36,167,1775547172847
mouse,36,166,1775547172856
mouse,36,165,1775547172910
mouse,37,165,1775547172972
mouse,37,164,1775547172981
mouse,38,164,1775547172986
mouse,38,163,1775547173006
mouse,38,162,1775547173012
mouse,39,161,1775547173050
mouse,89,2,1775547178710
mouse,89,3,1775547178714
mouse,89,6,1775547178721
mouse,90,8,1775547178728
mouse,91,10,1775547178735
mouse,91,12,1775547178742
mouse,92,14,1775547178749
mouse,92,17,1775547178756
mouse,93,19,1775547178763
mouse,94,22,1775547178769
mouse,95,24,1775547178776
mouse,95,26,1775547178783
mouse,96,28,1775547178790
mouse,96,30,1775547178797
mouse,97,32,1775547178804
mouse,99,34,1775547178811
mouse,100,37,1775547178818
mouse,101,38,1775547178825
mouse,102,41,1775547178832
mouse,104,43,1775547178839
mouse,105,45,1775547178846
mouse,106,47,1775547178853
mouse,107,49,1775547178860
mouse,108,50,1775547178868
mouse,109,51,1775547178874
mouse,109,53,1775547178881
mouse,110,54,1775547178887
mouse,111,54,1775547178894
mouse,111,56,1775547178901
mouse,112,58,1775547178909
mouse,113,58,1775547178917
mouse,113,60,1775547178923
mouse,114,61,1775547178929
mouse,115,62,1775547178936
mouse,116,64,1775547178943
mouse,117,66,1775547178950
mouse,118,69,1775547178957
mouse,119,70,1775547178965
mouse,120,72,1775547178971
mouse,120,74,1775547178978
mouse,121,74,1775547178985
mouse,121,76,1775547178993
click,121,76,1775547179213
mouse,121,77,1775547179479
mouse,121,78,1775547179487
mouse,121,79,1775547179506
mouse,121,80,1775547179513
mouse,121,81,1775547179523
mouse,121,82,1775547179534
mouse,121,83,1775547179554
mouse,121,84,1775547179561
mouse,121,85,1775547179572
mouse,121,86,1775547179576
mouse,122,88,1775547179583
mouse,122,90,1775547179589
mouse,123,92,1775547179596
mouse,124,94,1775547179603
mouse,124,98,1775547179610
mouse,124,100,1775547179617
mouse,125,102,1775547179624
mouse,125,104,1775547179630
mouse,125,106,1775547179634
mouse,126,108,1775547179644
mouse,126,110,1775547179651
mouse,127,112,1775547179658
mouse,127,114,1775547179666
mouse,127,116,1775547179672
mouse,127,117,1775547179680
mouse,127,118,1775547179686
mouse,127,120,1775547179693
mouse,127,121,1775547179700
mouse,127,122,1775547179707
mouse,127,123,1775547179713
mouse,127,125,1775547179721
mouse,127,126,1775547179728
mouse,127,127,1775547179738
mouse,127,128,1775547179764
click,127,128,1775547180053
mouse,128,128,1775547180183
mouse,129,128,1775547180206
mouse,129,127,1775547180208
mouse,129,126,1775547180214
mouse,130,126,1775547180224
click,130,126,1775547180375
mouse,130,125,1775547180442
mouse,131,125,1775547180444
mouse,131,124,1775547180464
mouse,132,124,1775547180471
mouse,132,123,1775547180485
mouse,132,122,1775547180486
mouse,133,122,1775547180493
mouse,134,122,1775547180513
mouse,134,121,1775547180519
mouse,135,120,1775547180526
mouse,135,119,1775547180533
mouse,136,118,1775547180540
mouse,137,118,1775547180566
mouse,137,117,1775547180569
mouse,137,115,1775547180751
mouse,137,114,1775547180760
mouse,137,113,1775547180763
mouse,137,110,1775547180770
mouse,138,107,1775547180776
mouse,138,106,1775547180783
mouse,138,102,1775547180790
mouse,139,100,1775547180797
mouse,139,98,1775547180804
mouse,139,95,1775547180811
mouse,139,94,1775547180818
mouse,139,91,1775547180825
mouse,139,89,1775547180832
mouse,139,87,1775547180839
mouse,139,85,1775547180846
mouse,139,83,1775547180853
mouse,138,81,1775547180860
mouse,138,80,1775547180867
mouse,138,79,1775547180874
mouse,138,78,1775547180881
mouse,138,77,1775547180887
mouse,137,77,1775547180894
mouse,137,76,1775547180902
mouse,137,75,1775547180908
mouse,137,74,1775547180933
mouse,137,73,1775547180966
mouse,136,73,1775547181141
mouse,136,73,1775547181148
mouse,135,73,1775547181155
mouse,134,73,1775547181158
mouse,132,73,1775547181165
mouse,130,73,1775547181172
mouse,127,73,1775547181179
mouse,124,73,1775547181186
mouse,119,73,1775547181193
mouse,114,73,1775547181200
mouse,109,74,1775547181207
mouse,104,74,1775547181214
mouse,100,74,1775547181221
mouse,96,74,1775547181228
mouse,92,74,1775547181235
mouse,89,74,1775547181242
mouse,86,74,1775547181249
mouse,84,74,1775547181255
mouse,82,74,1775547181263
mouse,80,74,1775547181269
mouse,80,74,1775547181277
mouse,79,74,1775547181288
mouse,78,74,1775547181310
click,78,74,1775547181409
mouse,78,74,1775547181416
mouse,79,74,1775547181657
mouse,80,74,1775547181855
mouse,81,74,1775547181863
mouse,82,74,1775547181869
mouse,83,74,1775547181874
mouse,84,74,1775547181881
mouse,85,74,1775547181888
mouse,87,74,1775547181894
mouse,89,75,1775547181901
mouse,91,75,1775547181908
mouse,93,76,1775547181916
mouse,95,76,1775547181922
mouse,97,76,1775547181929
mouse,99,76,1775547181936
mouse,101,76,1775547181944
mouse,102,76,1775547181951
mouse,103,77,1775547181957
mouse,104,77,1775547181966
mouse,104,78,1775547181999
mouse,105,78,1775547182002
mouse,106,78,1775547182006
mouse,107,78,1775547182013
mouse,108,78,1775547182037
mouse,108,78,1775547182078
click,108,78,1775547182181
mouse,108,79,1775547182351
mouse,109,79,1775547182353
mouse,110,80,1775547182360
mouse,111,81,1775547182367
mouse,111,82,1775547182374
mouse,111,83,1775547182398
mouse,112,83,1775547182402
mouse,112,84,1775547182409
mouse,112,85,1775547182415
mouse,112,86,1775547182422
mouse,112,87,1775547182433
mouse,112,88,1775547182436
mouse,113,88,1775547182457
mouse,114,88,1775547182541
mouse,115,88,1775547182547
mouse,116,89,1775547182554
mouse,117,89,1775547182562
mouse,119,89,1775547182568
mouse,120,89,1775547182575
mouse,121,87,1775547182582
mouse,122,86,1775547182589
mouse,124,85,1775547182596
mouse,124,83,1775547182603
mouse,125,82,1775547182610
mouse,126,81,1775547182617
mouse,127,79,1775547182623
mouse,128,78,1775547182633
mouse,128,77,1775547182641
mouse,128,76,1775547182648
mouse,128,75,1775547182653
mouse,130,75,1775547182658
mouse,131,74,1775547182665
mouse,132,72,1775547182672
mouse,133,71,1775547182679
mouse,134,70,1775547182686
mouse,136,69,1775547182693
mouse,136,67,1775547182700
mouse,137,67,1775547182714
click,137,67,1775547182838
mouse,138,67,1775547182898
mouse,138,68,1775547182904
mouse,138,69,1775547182911
mouse,139,69,1775547182915
mouse,140,70,1775547182922
mouse,140,71,1775547182934
mouse,140,72,1775547182938
mouse,140,73,1775547182949
mouse,141,73,1775547182950
mouse,141,74,1775547182957
mouse,141,75,1775547182966
mouse,142,76,1775547182971
mouse,142,77,1775547182979
mouse,142,78,1775547182985
mouse,142,79,1775547183007
mouse,142,80,1775547183014
mouse,142,81,1775547183026
mouse,142,82,1775547183032
mouse,142,84,1775547183047
mouse,142,85,1775547183059
mouse,142,86,1775547183061
mouse,142,88,1775547183068
mouse,143,90,1775547183075
mouse,144,93,1775547183082
mouse,144,94,1775547183089
mouse,145,97,1775547183096
mouse,146,98,1775547183103
mouse,147,100,1775547183110
mouse,147,102,1775547183117
mouse,148,104,1775547183124
mouse,148,106,1775547183131
mouse,150,109,1775547183137
mouse,150,111,1775547183144
mouse,150,113,1775547183151
mouse,151,114,1775547183158
mouse,151,116,1775547183165
mouse,151,117,1775547183172
mouse,152,118,1775547183179
mouse,152,119,1775547183216
mouse,152,120,1775547183235
click,152,120,1775547183513
mouse,153,120,1775547183701
mouse,154,120,1775547183707
mouse,155,120,1775547183714
mouse,156,121,1775547183721
mouse,158,121,1775547183728
mouse,161,122,1775547183736
mouse,164,122,1775547183742
mouse,167,122,1775547183750
mouse,169,123,1775547183756
mouse,172,123,1775547183763
mouse,176,124,1775547183769
mouse,178,125,1775547183776
mouse,180,125,1775547183783
mouse,183,125,1775547183790
mouse,185,126,1775547183797
mouse,188,126,1775547183804
mouse,190,126,1775547183812
mouse,192,126,1775547183818
mouse,194,126,1775547183825
mouse,195,126,1775547183832
mouse,196,126,1775547183839
mouse,198,126,1775547183846
mouse,200,126,1775547183853
mouse,201,126,1775547183874
mouse,202,126,1775547183883
mouse,202,127,1775547184002
mouse,200,129,1775547184027
mouse,200,130,1775547184036
mouse,199,130,1775547184043
mouse,198,131,1775547184047
mouse,197,131,1775547184054
mouse,197,132,1775547184059
mouse,196,134,1775547184061
mouse,195,134,1775547184068
mouse,192,135,1775547184075
mouse,190,137,1775547184082
mouse,187,138,1775547184089
mouse,184,139,1775547184096
mouse,181,141,1775547184103
mouse,177,142,1775547184110
mouse,173,143,1775547184117
mouse,168,145,1775547184124
mouse,164,146,1775547184131
mouse,158,147,1775547184138
mouse,154,148,1775547184144
mouse,148,150,1775547184151
mouse,143,150,1775547184158
mouse,137,151,1775547184165
mouse,132,151,1775547184172
mouse,128,152,1775547184179
mouse,124,152,1775547184186
mouse,120,152,1775547184193
mouse,117,152,1775547184200
mouse,114,152,1775547184207
mouse,112,152,1775547184214
mouse,110,152,1775547184221
mouse,108,152,1775547184228
mouse,107,152,1775547184235
mouse,106,152,1775547184242
mouse,105,152,1775547184249
mouse,104,152,1775547184256
mouse,103,152,1775547184263
mouse,102,152,1775547184270
mouse,100,152,1775547184277
mouse,99,152,1775547184283
mouse,97,152,1775547184290
mouse,96,152,1775547184297
mouse,94,152,1775547184304
mouse,92,152,1775547184311
mouse,90,153,1775547184318
mouse,88,153,1775547184325
mouse,86,154,1775547184332
mouse,84,154,1775547184340
mouse,82,154,1775547184346
mouse,80,154,1775547184354
mouse,78,155,1775547184360
mouse,76,155,1775547184368
mouse,74,156,1775547184373
mouse,72,156,1775547184381
mouse,71,157,1775547184387
mouse,69,157,1775547184394
mouse,67,158,1775547184401
mouse,66,158,1775547184408
mouse,64,158,1775547184416
mouse,62,159,1775547184422
mouse,59,160,1775547184430
mouse,56,160,1775547184436
mouse,54,162,1775547184443
mouse,52,162,1775547184450
mouse,50,162,1775547184457
mouse,48,163,1775547184464
mouse,47,163,1775547184471
mouse,45,163,1775547184478
mouse,44,164,1775547184485
mouse,42,165,1775547184492
mouse,41,165,1775547184499
mouse,40,165,1775547184506
mouse,39,166,1775547184513
mouse,38,166,1775547184525
mouse,37,166,1775547184591
mouse,36,166,1775547184611
mouse,36,165,1775547184621
mouse,35,165,1775547184638
mouse,35,164,1775547184646
mouse,34,163,1775547184668
mouse,33,162,1775547184673
mouse,110,0,1775547194751
mouse,111,2,1775547194757
mouse,113,8,1775547194764
mouse,114,10,1775547194771
mouse,116,15,1775547194777
mouse,117,17,1775547194787
mouse,120,23,1775547194794
mouse,120,26,1775547194799
mouse,121,29,1775547194804
mouse,122,31,1775547194811
mouse,123,34,1775547194820
mouse,124,38,1775547194825
mouse,124,39,1775547194832
mouse,124,41,1775547194839
mouse,124,42,1775547194846
mouse,124,44,1775547194853
mouse,124,46,1775547194861
mouse,125,48,1775547194868
mouse,125,49,1775547194874
mouse,125,51,1775547194881
mouse,126,53,1775547194888
mouse,126,54,1775547194895
mouse,127,56,1775547194902
mouse,127,57,1775547194909
mouse,128,58,1775547194916
mouse,128,59,1775547194923
mouse,128,61,1775547194930
mouse,128,62,1775547194939
mouse,128,63,1775547194950
mouse,128,64,1775547194964
mouse,128,65,1775547194974
mouse,128,66,1775547194992
mouse,129,67,1775547195013
mouse,129,68,1775547195020
mouse,129,69,1775547195027
mouse,130,69,1775547195048
click,130,69,1775547195182
mouse,131,70,1775547195313
mouse,132,70,1775547195319
mouse,134,70,1775547195325
mouse,135,71,1775547195332
mouse,136,72,1775547195339
mouse,137,73,1775547195346
mouse,139,73,1775547195353
mouse,140,74,1775547195360
mouse,141,74,1775547195367
mouse,142,74,1775547195374
mouse,144,75,1775547195382
mouse,144,76,1775547195388
mouse,145,76,1775547195395
mouse,146,77,1775547195402
mouse,148,78,1775547195423
mouse,149,79,1775547195459
mouse,150,79,1775547195470
mouse,150,80,1775547195472
mouse,151,81,1775547195479
mouse,152,82,1775547195486
mouse,152,83,1775547195500
mouse,153,83,1775547195506
mouse,154,85,1775547195513
mouse,156,86,1775547195521
mouse,156,87,1775547195527
mouse,158,89,1775547195535
mouse,159,90,1775547195541
mouse,160,91,1775547195548
mouse,161,93,1775547195553
mouse,162,93,1775547195554
mouse,164,94,1775547195561
mouse,165,96,1775547195568
mouse,167,98,1775547195575
mouse,168,101,1775547195582
mouse,169,102,1775547195589
mouse,172,106,1775547195597
mouse,173,107,1775547195603
mouse,176,110,1775547195610
mouse,178,112,1775547195618
mouse,179,113,1775547195621
mouse,180,114,1775547195624
mouse,181,116,1775547195631
mouse,184,118,1775547195638
mouse,186,122,1775547195646
mouse,188,123,1775547195651
mouse,191,125,1775547195658
mouse,193,126,1775547195665
mouse,198,129,1775547195673
mouse,200,130,1775547195679
mouse,204,132,1775547195686
mouse,209,134,1775547195693
mouse,213,135,1775547195700
mouse,219,138,1775547195708
mouse,223,138,1775547195714
mouse,228,139,1775547195722
mouse,232,140,1775547195728
mouse,236,141,1775547195735
mouse,238,141,1775547195738
mouse,240,142,1775547195742
mouse,242,142,1775547195744
mouse,244,142,1775547195749
mouse,249,142,1775547195756
mouse,254,142,1775547195763
mouse,259,143,1775547195770
mouse,264,143,1775547195776
mouse,268,143,1775547195783
mouse,273,143,1775547195791
mouse,276,143,1775547195797
mouse,280,143,1775547195804
mouse,282,142,1775547195811
mouse,283,142,1775547195813
mouse,284,142,1775547195818
mouse,285,141,1775547195825
mouse,287,141,1775547195832
mouse,287,140,1775547195839
mouse,288,138,1775547195846
mouse,288,137,1775547195856
mouse,288,136,1775547195860
mouse,288,135,1775547195868
mouse,288,134,1775547195874
mouse,287,132,1775547195881
mouse,285,130,1775547195888
mouse,284,129,1775547195895
mouse,280,126,1775547195902
mouse,275,124,1775547195909
mouse,270,121,1775547195916
mouse,268,121,1775547195917
mouse,263,118,1775547195922
mouse,256,116,1775547195929
mouse,248,114,1775547195936
mouse,243,113,1775547195943
mouse,238,112,1775547195950
mouse,233,112,1775547195957
mouse,228,111,1775547195965
mouse,224,110,1775547195971
mouse,222,110,1775547195978
mouse,220,110,1775547195984
mouse,218,110,1775547195992
mouse,216,110,1775547195999
mouse,215,110,1775547196006
mouse,214,110,1775547196013
mouse,213,110,1775547196020
mouse,212,110,1775547196027
mouse,211,110,1775547196048
mouse,210,110,1775547196055
mouse,209,110,1775547196061
mouse,208,111,1775547196068
mouse,208,112,1775547196076
mouse,208,113,1775547196081
mouse,206,114,1775547196090
mouse,205,115,1775547196096
mouse,205,116,1775547196105
mouse,205,117,1775547196110
mouse,204,117,1775547196117
mouse,204,118,1775547196124
mouse,203,118,1775547196145
mouse,202,119,1775547196152
mouse,202,120,1775547196165
mouse,201,120,1775547196168
mouse,201,121,1775547196172
mouse,200,121,1775547196180
mouse,200,122,1775547196187
click,200,122,1775547196403
mouse,201,122,1775547196471
mouse,203,122,1775547196480
mouse,205,122,1775547196488
mouse,207,123,1775547196492
mouse,209,123,1775547196499
mouse,213,124,1775547196506
mouse,216,125,1775547196513
mouse,219,125,1775547196521
mouse,221,126,1775547196526
mouse,224,126,1775547196533
mouse,227,126,1775547196540
mouse,229,126,1775547196547
mouse,231,126,1775547196555
mouse,233,127,1775547196561
mouse,235,127,1775547196568
mouse,236,128,1775547196575
mouse,239,129,1775547196582
mouse,241,129,1775547196589
mouse,243,129,1775547196596
mouse,247,129,1775547196603
mouse,248,129,1775547196610
mouse,252,129,1775547196617
mouse,255,129,1775547196624
mouse,257,129,1775547196631
mouse,259,128,1775547196638
mouse,260,127,1775547196645
mouse,262,126,1775547196651
mouse,263,126,1775547196659
mouse,263,125,1775547196665
mouse,263,123,1775547196672
mouse,264,122,1775547196679
mouse,264,121,1775547196689
mouse,264,120,1775547196694
mouse,264,119,1775547196704
mouse,264,118,1775547196724
mouse,262,117,1775547196789
mouse,261,117,1775547196793
mouse,260,117,1775547196798
mouse,260,116,1775547196804
mouse,257,116,1775547196811
mouse,255,116,1775547196818
mouse,252,116,1775547196825
mouse,248,116,1775547196833
mouse,244,115,1775547196839
mouse,239,114,1775547196846
mouse,235,114,1775547196853
mouse,230,114,1775547196860
mouse,226,114,1775547196867
mouse,222,114,1775547196874
mouse,219,114,1775547196881
mouse,216,114,1775547196888
mouse,213,114,1775547196894
mouse,211,114,1775547196902
mouse,209,114,1775547196909
mouse,208,115,1775547196916
mouse,207,115,1775547196922
mouse,205,115,1775547196931
mouse,205,116,1775547196937
mouse,204,116,1775547196943
mouse,203,116,1775547196952
mouse,203,117,1775547196960
mouse,201,117,1775547196965
mouse,200,117,1775547196972
mouse,199,117,1775547196984
mouse,198,117,1775547196986
mouse,197,118,1775547196992
mouse,196,118,1775547196999
mouse,195,118,1775547197008
mouse,194,118,1775547197015
mouse,193,118,1775547197019
mouse,192,118,1775547197032
mouse,192,119,1775547197048
mouse,191,119,1775547197054
mouse,189,120,1775547197062
mouse,188,120,1775547197074
mouse,187,121,1775547197089
mouse,185,121,1775547197096
mouse,185,122,1775547197103
mouse,184,122,1775547197110
mouse,183,123,1775547197132
mouse,182,123,1775547197139
mouse,181,124,1775547197145
mouse,180,124,1775547197165
mouse,180,125,1775547197172
mouse,180,126,1775547197179
mouse,179,126,1775547197191
mouse,178,126,1775547197198
mouse,177,126,1775547197204
mouse,176,126,1775547197211
mouse,176,127,1775547197215
mouse,176,128,1775547197223
mouse,174,128,1775547197228
mouse,172,128,1775547197235
mouse,171,129,1775547197242
mouse,170,130,1775547197246
mouse,168,130,1775547197249
mouse,166,130,1775547197256
mouse,164,130,1775547197263
mouse,162,132,1775547197270
mouse,160,132,1775547197277
mouse,158,134,1775547197283
mouse,156,134,1775547197292
mouse,155,134,1775547197297
mouse,153,135,1775547197304
mouse,151,136,1775547197312
mouse,150,136,1775547197318
mouse,148,136,1775547197325
mouse,148,137,1775547197332
mouse,147,138,1775547197339
mouse,146,138,1775547197360
mouse,146,139,1775547197386
mouse,146,140,1775547197393
mouse,146,142,1775547197409
mouse,146,143,1775547197419
mouse,146,144,1775547197423
mouse,146,146,1775547197430
mouse,146,147,1775547197438
mouse,146,148,1775547197444
mouse,146,150,1775547197450
mouse,146,152,1775547197457
mouse,147,154,1775547197464
mouse,148,156,1775547197471
mouse,148,159,1775547197478
mouse,149,162,1775547197485
mouse,151,165,1775547197493
mouse,152,168,1775547197499
mouse,153,171,1775547197506
mouse,155,174,1775547197513
mouse,156,178,1775547197519
mouse,157,179,1775547197527
mouse,157,181,1775547197533
mouse,158,182,1775547197540
mouse,158,183,1775547197548
mouse,158,184,1775547197555
mouse,158,185,1775547197561
mouse,158,186,1775547197571
mouse,158,187,1775547197580
mouse,157,187,1775547197585
mouse,156,187,1775547197592
mouse,156,188,1775547197596
mouse,156,189,1775547197603
mouse,155,189,1775547197612
mouse,154,190,1775547197617
mouse,153,190,1775547197624
mouse,152,190,1775547197631
mouse,151,190,1775547197639
mouse,150,190,1775547197645
mouse,148,190,1775547197652
mouse,144,190,1775547197659
mouse,142,190,1775547197665
mouse,138,190,1775547197673
mouse,135,190,1775547197680
mouse,132,190,1775547197686
mouse,128,190,1775547197694
mouse,125,190,1775547197700
mouse,122,190,1775547197708
mouse,120,190,1775547197714
mouse,119,190,1775547197726
mouse,120,189,1775547197805
mouse,120,187,1775547197812
mouse,121,186,1775547197818
mouse,123,186,1775547197826
mouse,123,184,1775547197832
mouse,124,184,1775547197839
mouse,124,182,1775547197847
mouse,125,182,1775547197853
mouse,125,181,1775547197861
mouse,126,180,1775547197868
mouse,126,179,1775547197888
mouse,125,178,1775547197896
mouse,124,178,1775547197916
mouse,121,177,1775547197923
mouse,120,177,1775547197929
mouse,117,176,1775547197936
mouse,114,176,1775547197943
mouse,111,175,1775547197951
mouse,108,175,1775547197957
mouse,105,174,1775547197964
mouse,101,174,1775547197972
mouse,98,173,1775547197978
mouse,95,172,1775547197985
mouse,91,172,1775547197992
mouse,87,171,1775547197999
mouse,83,170,1775547198006
mouse,80,170,1775547198013
mouse,77,169,1775547198020
mouse,74,168,1775547198028
mouse,72,168,1775547198033
mouse,69,168,1775547198041
mouse,68,168,1775547198047
mouse,67,167,1775547198054
mouse,65,167,1775547198061
mouse,64,166,1775547198069
mouse,63,166,1775547198075
mouse,61,166,1775547198082
mouse,60,166,1775547198090
mouse,59,166,1775547198097
mouse,58,166,1775547198107
mouse,57,166,1775547198124
mouse,57,165,1775547198166
mouse,56,165,1775547198172
mouse,56,164,1775547198180
mouse,55,163,1775547198200
mouse,54,162,1775547198207
mouse,53,162,1775547198214
mouse,53,161,1775547198222
mouse,52,161,1775547198228
mouse,52,160,1775547198235
mouse,52,159,1775547198245
mouse,51,159,1775547198250
mouse,50,159,1775547198256
mouse,50,158,1775547198263
mouse,49,158,1775547198270
mouse,48,158,1775547198290
mouse,47,158,1775547198311
mouse,45,158,1775547198318
mouse,45,157,1775547198325
mouse,44,157,1775547198332
mouse,43,156,1775547198339
mouse,42,156,1775547198346
mouse,40,156,1775547198353
mouse,39,156,1775547198361
mouse,38,155,1775547198367
mouse,36,154,1775547198374
mouse,24,0,1775547207720
mouse,24,1,1775547207723
mouse,27,4,1775547207729
mouse,28,8,1775547207735
mouse,29,12,1775547207742
mouse,31,15,1775547207749
mouse,32,18,1775547207756
mouse,34,22,1775547207763
mouse,36,26,1775547207770
mouse,37,29,1775547207777
mouse,39,32,1775547207784
mouse,40,34,1775547207791
mouse,43,38,1775547207798
mouse,44,40,1775547207804
mouse,46,42,1775547207811
mouse,48,46,1775547207818
mouse,51,49,1775547207825
mouse,52,50,1775547207832
mouse,56,54,1775547207839
mouse,59,58,1775547207846
mouse,62,60,1775547207853
mouse,64,62,1775547207860
mouse,68,64,1775547207867
mouse,72,67,1775547207874
mouse,75,69,1775547207881
mouse,79,70,1775547207888
mouse,81,71,1775547207895
mouse,84,73,1775547207902
mouse,88,74,1775547207909
mouse,92,75,1775547207915
mouse,96,76,1775547207922
mouse,102,78,1775547207930
mouse,108,79,1775547207937
mouse,114,81,1775547207943
mouse,120,82,1775547207950
mouse,127,84,1775547207957
mouse,133,86,1775547207964
mouse,140,87,1775547207971
mouse,145,88,1775547207978
mouse,152,89,1775547207985
mouse,156,90,1775547207992
mouse,160,90,1775547207999
mouse,164,91,1775547208006
mouse,168,93,1775547208014
mouse,171,93,1775547208020
mouse,173,93,1775547208027
mouse,175,94,1775547208034
mouse,176,94,1775547208041
mouse,178,94,1775547208047
mouse,180,94,1775547208055
mouse,181,94,1775547208063
mouse,182,94,1775547208068
mouse,184,94,1775547208075
mouse,185,94,1775547208082
mouse,186,94,1775547208089
mouse,188,94,1775547208096
mouse,190,94,1775547208104
mouse,192,94,1775547208110
mouse,192,93,1775547208117
mouse,196,92,1775547208124
mouse,197,92,1775547208131
mouse,198,92,1775547208138
mouse,200,91,1775547208145
mouse,201,91,1775547208152
mouse,202,91,1775547208158
mouse,203,91,1775547208182
mouse,204,90,1775547208200
mouse,204,89,1775547208213
mouse,204,88,1775547208218
mouse,205,88,1775547208221
mouse,205,87,1775547208229
mouse,205,86,1775547208235
mouse,206,86,1775547208242
mouse,206,85,1775547208277
mouse,206,84,1775547208284
mouse,206,83,1775547208291
mouse,204,83,1775547208298
mouse,204,82,1775547208306
mouse,203,82,1775547208346
mouse,203,81,1775547208354
mouse,202,81,1775547208360
mouse,201,80,1775547208367
mouse,200,80,1775547208375
mouse,199,79,1775547208381
mouse,198,79,1775547208388
mouse,196,78,1775547208396
mouse,195,78,1775547208402
mouse,193,77,1775547208409
mouse,190,76,1775547208416
mouse,187,75,1775547208423
mouse,184,74,1775547208429
mouse,178,74,1775547208437
mouse,175,73,1775547208443
mouse,169,72,1775547208450
mouse,164,71,1775547208457
mouse,160,71,1775547208464
mouse,153,70,1775547208471
mouse,148,70,1775547208478
mouse,142,70,1775547208485
mouse,137,69,1775547208492
mouse,131,69,1775547208499
mouse,125,69,1775547208506
mouse,119,69,1775547208513
mouse,115,69,1775547208520
mouse,109,69,1775547208527
mouse,104,69,1775547208534
mouse,100,69,1775547208540
mouse,95,69,1775547208547
mouse,90,69,1775547208554
mouse,86,69,1775547208561
mouse,82,69,1775547208568
mouse,78,69,1775547208575
mouse,75,69,1775547208582
mouse,72,69,1775547208589
mouse,68,69,1775547208596
mouse,66,69,1775547208603
mouse,64,69,1775547208610
mouse,62,69,1775547208617
mouse,61,69,1775547208624
mouse,60,69,1775547208631
mouse,60,69,1775547208638
mouse,59,69,1775547208649
mouse,58,69,1775547208768
mouse,57,69,1775547208850
mouse,56,69,1775547208857
mouse,56,69,1775547208866
mouse,54,69,1775547208881
mouse,53,69,1775547208888
mouse,52,69,1775547208895
mouse,52,69,1775547208903
mouse,50,69,1775547208909
mouse,49,69,1775547208916
mouse,48,69,1775547208923
mouse,48,69,1775547208930
mouse,47,69,1775547208936
mouse,46,69,1775547208943
mouse,45,69,1775547208966
mouse,45,68,1775547208971
click,45,68,1775547208976
mouse,45,68,1775547208985
mouse,44,68,1775547208992
mouse,45,68,1775547209110
mouse,47,68,1775547209117
mouse,49,68,1775547209124
mouse,51,68,1775547209131
mouse,55,69,1775547209138
mouse,59,70,1775547209145
mouse,64,71,1775547209152
mouse,68,73,1775547209159
mouse,73,74,1775547209166
mouse,79,74,1775547209172
mouse,80,74,1775547209174
mouse,84,76,1775547209179
mouse,89,77,1775547209186
mouse,95,79,1775547209193
mouse,101,81,1775547209200
mouse,108,82,1775547209207
mouse,114,84,1775547209214
mouse,121,86,1775547209221
mouse,128,88,1775547209228
mouse,136,90,1775547209235
mouse,144,92,1775547209242
mouse,152,94,1775547209249
mouse,159,95,1775547209256
mouse,167,97,1775547209263
mouse,175,99,1775547209270
mouse,182,101,1775547209277
mouse,189,102,1775547209284
mouse,195,104,1775547209291
mouse,201,105,1775547209297
mouse,206,106,1775547209304
mouse,211,107,1775547209311
mouse,216,109,1775547209319
mouse,220,110,1775547209325
mouse,224,110,1775547209332
mouse,229,111,1775547209339
mouse,233,113,1775547209346
mouse,238,114,1775547209353
mouse,244,115,1775547209360
mouse,249,118,1775547209367
mouse,255,118,1775547209374
mouse,260,120,1775547209381
mouse,267,122,1775547209388
mouse,273,123,1775547209395
mouse,275,123,1775547209397
mouse,278,125,1775547209402
mouse,284,126,1775547209408
mouse,289,127,1775547209415
mouse,295,128,1775547209422
mouse,300,130,1775547209429
mouse,305,130,1775547209436
mouse,311,130,1775547209443
mouse,316,131,1775547209450
mouse,323,132,1775547209458
mouse,327,133,1775547209464
mouse,332,134,1775547209471
mouse,336,134,1775547209478
mouse,337,134,1775547209479
mouse,341,134,1775547209485
mouse,345,134,1775547209492
mouse,348,135,1775547209499
mouse,353,136,1775547209506
mouse,356,136,1775547209513
mouse,360,137,1775547209521
mouse,362,137,1775547209527
mouse,365,137,1775547209534
mouse,369,137,1775547209541
mouse,372,137,1775547209547
mouse,376,137,1775547209554
mouse,380,137,1775547209561
mouse,387,137,1775547209569
mouse,391,137,1775547209575
mouse,396,137,1775547209582
mouse,401,137,1775547209589
mouse,405,137,1775547209596
mouse,407,137,1775547209599
mouse,410,137,1775547209603
mouse,414,136,1775547209610
mouse,417,135,1775547209617
mouse,420,135,1775547209624
mouse,424,134,1775547209631
mouse,427,134,1775547209638
mouse,430,134,1775547209645
mouse,434,134,1775547209652
mouse,439,133,1775547209658
mouse,444,133,1775547209665
mouse,446,133,1775547209668
mouse,451,132,1775547209672
mouse,459,132,1775547209679
mouse,460,132,1775547209681
mouse,466,132,1775547209686
mouse,473,132,1775547209693
mouse,481,131,1775547209700
mouse,489,131,1775547209707
mouse,496,130,1775547209714
mouse,502,129,1775547209721
mouse,506,127,1775547209728
mouse,510,126,1775547209735
mouse,512,125,1775547209742
mouse,513,124,1775547209749
mouse,514,123,1775547209756
mouse,514,122,1775547209763
mouse,514,121,1775547209788
mouse,514,120,1775547209805
mouse,514,119,1775547209812
mouse,514,118,1775547209832
mouse,513,117,1775547209843
mouse,512,117,1775547209846
mouse,510,114,1775547209853
mouse,507,114,1775547209860
mouse,503,112,1775547209867
mouse,495,110,1775547209874
mouse,488,107,1775547209881
mouse,481,106,1775547209888
mouse,472,103,1775547209895
mouse,462,102,1775547209902
mouse,452,100,1775547209909
mouse,442,99,1775547209916
mouse,432,98,1775547209922
mouse,420,98,1775547209929
mouse,413,98,1775547209935
mouse,410,98,1775547209936
mouse,397,98,1775547209943
mouse,385,98,1775547209950
mouse,372,98,1775547209957
mouse,358,98,1775547209964
mouse,344,98,1775547209971
mouse,332,98,1775547209978
mouse,320,98,1775547209985
mouse,310,98,1775547209992
mouse,302,98,1775547209999
mouse,293,98,1775547210006
mouse,288,98,1775547210013
mouse,282,98,1775547210020
mouse,276,98,1775547210027
mouse,271,98,1775547210034
mouse,268,98,1775547210038
mouse,263,99,1775547210047
mouse,260,99,1775547210054
mouse,258,100,1775547210061
mouse,256,100,1775547210068
mouse,254,100,1775547210075
mouse,253,101,1775547210082
mouse,252,102,1775547210089
mouse,250,102,1775547210096
mouse,249,102,1775547210103
mouse,248,103,1775547210111
mouse,246,104,1775547210117
mouse,245,104,1775547210124
mouse,243,105,1775547210131
mouse,241,105,1775547210137
mouse,240,106,1775547210145
mouse,237,106,1775547210154
mouse,234,106,1775547210162
mouse,232,106,1775547210166
mouse,230,106,1775547210172
mouse,226,107,1775547210182
mouse,224,107,1775547210186
mouse,221,108,1775547210193
mouse,220,108,1775547210198
mouse,219,108,1775547210200
mouse,216,108,1775547210207
mouse,214,108,1775547210214
mouse,212,108,1775547210221
mouse,209,108,1775547210228
mouse,207,108,1775547210235
mouse,204,108,1775547210242
mouse,201,108,1775547210249
mouse,198,108,1775547210256
mouse,194,108,1775547210263
mouse,190,108,1775547210270
mouse,186,107,1775547210277
mouse,182,107,1775547210284
mouse,178,107,1775547210290
mouse,175,107,1775547210297
mouse,172,107,1775547210304
mouse,170,107,1775547210311
mouse,168,107,1775547210318
mouse,167,107,1775547210325
mouse,166,107,1775547210332
mouse,164,107,1775547210339
mouse,164,108,1775547210365
mouse,163,108,1775547210370
mouse,163,109,1775547210374
mouse,162,110,1775547210382
mouse,162,112,1775547210388
mouse,162,113,1775547210395
mouse,162,114,1775547210402
mouse,162,115,1775547210409
mouse,162,116,1775547210416
mouse,162,117,1775547210444
mouse,162,118,1775547210464
click,162,118,1775547210639
mouse,163,118,1775547210684
mouse,163,119,1775547210686
mouse,164,119,1775547210707
mouse,166,119,1775547210715
mouse,167,120,1775547210721
mouse,169,120,1775547210728
mouse,171,121,1775547210735
mouse,173,122,1775547210742
mouse,175,122,1775547210749
mouse,177,122,1775547210757
mouse,179,122,1775547210763
mouse,181,123,1775547210771
mouse,184,123,1775547210777
mouse,184,124,1775547210778
mouse,187,124,1775547210783
mouse,190,125,1775547210790
mouse,194,126,1775547210797
mouse,200,126,1775547210804
mouse,205,126,1775547210812
mouse,210,127,1775547210818
mouse,217,128,1775547210825
mouse,224,129,1775547210832
mouse,231,130,1775547210840
mouse,235,130,1775547210847
mouse,244,131,1775547210858
mouse,247,131,1775547210862
mouse,252,131,1775547210868
mouse,260,132,1775547210874
mouse,266,133,1775547210881
mouse,273,133,1775547210888
mouse,280,134,1775547210895
mouse,286,134,1775547210902
mouse,293,134,1775547210909
mouse,300,134,1775547210916
mouse,305,134,1775547210922
mouse,311,134,1775547210929
mouse,315,134,1775547210936
mouse,318,134,1775547210943
mouse,320,134,1775547210950
mouse,321,134,1775547210958
mouse,321,133,1775547210964
mouse,322,133,1775547210992
mouse,322,132,1775547211013
mouse,320,131,1775547211020
mouse,319,131,1775547211027
mouse,317,130,1775547211034
mouse,315,129,1775547211041
mouse,312,128,1775547211047
mouse,308,126,1775547211054
mouse,304,126,1775547211061
mouse,300,124,1775547211069
mouse,298,123,1775547211073
mouse,296,122,1775547211075
mouse,292,122,1775547211082
mouse,289,120,1775547211089
mouse,288,119,1775547211093
mouse,285,118,1775547211096
mouse,281,116,1775547211103
mouse,278,114,1775547211110
mouse,275,111,1775547211117
mouse,272,109,1775547211124
mouse,269,107,1775547211131
mouse,266,106,1775547211138
mouse,264,104,1775547211145
mouse,261,102,1775547211152
mouse,259,100,1775547211159
mouse,256,99,1775547211165
mouse,255,98,1775547211172
mouse,253,98,1775547211179
mouse,252,97,1775547211186
mouse,251,96,1775547211193
mouse,250,96,1775547211204
mouse,249,96,1775547211226
mouse,248,96,1775547211282
mouse,247,96,1775547211286
mouse,246,96,1775547211293
mouse,245,97,1775547211298
mouse,244,98,1775547211304
mouse,243,98,1775547211312
mouse,242,98,1775547211320
mouse,241,99,1775547211325
mouse,240,99,1775547211332
mouse,239,100,1775547211340
mouse,239,101,1775547211346
mouse,238,101,1775547211354
mouse,237,102,1775547211360
mouse,237,103,1775547211374
mouse,236,103,1775547211379
mouse,236,104,1775547211395
mouse,235,105,1775547211402
mouse,235,106,1775547211414
mouse,234,106,1775547211416
mouse,233,106,1775547211424
mouse,233,107,1775547211430
mouse,232,107,1775547211436
mouse,232,108,1775547211444
click,232,108,1775547211584
mouse,232,109,1775547211603
mouse,232,110,1775547211612
mouse,232,111,1775547211622
mouse,233,111,1775547211626
mouse,233,112,1775547211634
mouse,234,113,1775547211638
mouse,234,114,1775547211659
mouse,235,114,1775547211679
click,235,114,1775547212038
mouse,235,115,1775547212061
mouse,234,115,1775547212070
mouse,233,116,1775547212077
mouse,232,117,1775547212082
mouse,231,117,1775547212089
mouse,228,118,1775547212096
mouse,225,119,1775547212103
mouse,221,121,1775547212110
mouse,216,122,1775547212117
mouse,212,123,1775547212124
mouse,205,123,1775547212131
mouse,199,124,1775547212138
mouse,192,126,1775547212145
mouse,184,126,1775547212152
mouse,175,126,1775547212159
mouse,167,126,1775547212165
mouse,157,127,1775547212172
mouse,149,127,1775547212179
mouse,142,128,1775547212187
mouse,136,128,1775547212193
mouse,129,128,1775547212200
mouse,124,128,1775547212207
mouse,120,128,1775547212214
mouse,116,128,1775547212221
mouse,114,128,1775547212228
mouse,112,128,1775547212235
mouse,110,128,1775547212242
mouse,108,129,1775547212249
mouse,106,129,1775547212256
mouse,104,129,1775547212263
mouse,102,129,1775547212270
mouse,100,129,1775547212277
mouse,96,130,1775547212284
mouse,94,130,1775547212291
mouse,90,130,1775547212297
mouse,86,130,1775547212304
mouse,83,130,1775547212311
mouse,80,130,1775547212318
mouse,76,131,1775547212325
mouse,73,131,1775547212333
mouse,72,131,1775547212339
mouse,70,132,1775547212346
mouse,69,132,1775547212353
mouse,68,132,1775547212361
mouse,68,133,1775547212367
mouse,67,134,1775547212444
mouse,66,134,1775547212453
mouse,66,135,1775547212457
mouse,65,135,1775547212464
mouse,64,136,1775547212471
mouse,64,137,1775547212478
mouse,62,137,1775547212486
mouse,61,138,1775547212492
mouse,60,138,1775547212499
mouse,59,139,1775547212507
mouse,58,140,1775547212513
mouse,56,141,1775547212520
mouse,55,141,1775547212527
mouse,53,142,1775547212534
mouse,52,142,1775547212541
mouse,50,144,1775547212548
mouse,48,145,1775547212554
mouse,47,145,1775547212561
mouse,46,146,1775547212568
mouse,44,146,1775547212575
mouse,44,147,1775547212582
mouse,43,148,1775547212589
mouse,42,148,1775547212596
mouse,41,148,1775547212603
mouse,41,149,1775547212610
mouse,40,149,1775547212617
mouse,39,149,1775547212638
mouse,38,149,1775547212645
mouse,38,150,1775547212653
mouse,37,150,1775547212747
mouse,82,0,1775547223933
mouse,82,3,1775547223937
mouse,81,11,1775547223943
mouse,80,22,1775547223950
mouse,78,32,1775547223957
mouse,76,44,1775547223964
mouse,76,58,1775547223971
mouse,73,71,1775547223978
mouse,72,84,1775547223985
mouse,71,97,1775547223992
mouse,71,108,1775547223999
mouse,69,118,1775547224006
mouse,68,126,1775547224013
mouse,68,133,1775547224020
mouse,67,138,1775547224027
mouse,66,141,1775547224034
mouse,66,145,1775547224041
mouse,65,147,1775547224048
mouse,65,150,1775547224055
mouse,65,151,1775547224061
mouse,65,152,1775547224068
mouse,64,153,1775547224075
mouse,64,154,1775547224120
mouse,64,155,1775547224138
mouse,63,157,1775547224145
mouse,62,158,1775547224152
mouse,61,160,1775547224159
mouse,61,162,1775547224166
mouse,60,162,1775547224173
mouse,60,164,1775547224180
mouse,59,164,1775547224238
mouse,57,164,1775547224242
mouse,56,164,1775547224249
mouse,53,164,1775547224257
mouse,51,164,1775547224263
mouse,48,164,1775547224270
mouse,46,164,1775547224277
mouse,44,164,1775547224284
mouse,43,164,1775547224291
mouse,42,164,1775547224298
mouse,41,165,1775547224306
mouse,40,165,1775547224312
mouse,30,0,1775547229206
mouse,31,1,1775547229207
mouse,33,13,1775547229214
mouse,35,22,1775547229221
mouse,36,34,1775547229228
mouse,36,45,1775547229235
mouse,36,56,1775547229242
mouse,36,67,1775547229249
mouse,36,78,1775547229256
mouse,37,87,1775547229263
mouse,37,94,1775547229270
mouse,38,100,1775547229277
mouse,39,104,1775547229284
mouse,39,107,1775547229291
mouse,39,109,1775547229298
mouse,39,110,1775547229305
mouse,39,111,1775547229312
mouse,39,112,1775547229348
mouse,39,113,1775547229353
mouse,39,114,1775547229374
mouse,39,115,1775547229381
mouse,39,117,1775547229388
mouse,40,118,1775547229396
mouse,40,120,1775547229404
mouse,40,122,1775547229411
mouse,40,124,1775547229416
mouse,40,125,1775547229423
mouse,40,126,1775547229430
mouse,40,129,1775547229437
mouse,41,132,1775547229444
mouse,42,135,1775547229452
mouse,43,138,1775547229459
mouse,44,142,1775547229464
mouse,44,145,1775547229472
mouse,44,149,1775547229478
mouse,45,152,1775547229485
mouse,46,155,1775547229492
mouse,47,157,1775547229499
mouse,47,159,1775547229506
mouse,47,161,1775547229513
mouse,47,162,1775547229521
mouse,47,163,1775547229541
mouse,47,164,1775547229562
mouse,47,165,1775547229569
mouse,46,165,1775547229668
mouse,45,165,1775547229674
mouse,44,164,1775547229694
mouse,44,163,1775547229717
mouse,43,163,1775547229723
mouse,42,162,1775547229729
mouse,42,161,1775547229738
mouse,41,160,1775547229743
mouse,40,158,1775547229763
mouse,40,155,1775547235275
mouse,40,154,1775547235277
mouse,41,154,1775547235284
mouse,41,153,1775547235291
mouse,41,152,1775547235299
mouse,41,151,1775547235309
mouse,41,150,1775547235317
mouse,41,149,1775547235332
mouse,41,147,1775547235340
mouse,42,146,1775547235346
mouse,42,145,1775547235353
mouse,42,144,1775547235360
mouse,42,143,1775547235367
mouse,42,144,1775547235456
mouse,42,145,1775547235459
mouse,42,146,1775547235465
mouse,43,149,1775547235471
mouse,44,150,1775547235478
mouse,44,151,1775547235486
mouse,45,151,1775547235498
mouse,45,152,1775547235500
mouse,45,153,1775547235508
mouse,46,153,1775547235516
mouse,55,171,1775547242392
mouse,55,170,1775547242403
mouse,55,168,1775547242416
mouse,55,166,1775547242423
mouse,55,165,1775547242431
mouse,55,164,1775547242437
mouse,55,162,1775547242444
mouse,55,160,1775547242451
mouse,55,159,1775547242458
mouse,55,158,1775547242466
mouse,55,157,1775547242471
mouse,54,157,1775547242653
mouse,54,158,1775547242660
mouse,53,158,1775547242668
mouse,52,158,1775547242696
mouse,52,159,1775547242715
mouse,51,159,1775547242722
mouse,50,159,1775547242730
mouse,49,159,1775547242749
mouse,126,135,1775547247542
mouse,125,135,1775547247550
mouse,124,135,1775547247645
mouse,123,135,1775547247673
mouse,122,135,1775547247685
mouse,121,135,1775547247688
mouse,120,135,1775547247698
mouse,120,136,1775547247715
mouse,120,135,1775547247778
mouse,120,134,1775547247784
mouse,121,131,1775547247792
mouse,122,129,1775547247798
mouse,122,126,1775547247805
mouse,123,122,1775547247812
mouse,124,119,1775547247819
mouse,124,114,1775547247826
mouse,125,110,1775547247832
mouse,125,106,1775547247839
mouse,125,102,1775547247846
mouse,126,98,1775547247853
mouse,126,94,1775547247860
mouse,126,91,1775547247867
mouse,126,89,1775547247875
mouse,126,87,1775547247881
mouse,126,86,1775547247888
mouse,127,86,1775547247926
mouse,127,85,1775547247955
mouse,128,85,1775547247981
mouse,128,84,1775547247988
mouse,128,83,1775547248025
mouse,129,83,1775547248057
mouse,129,82,1775547248062
mouse,130,82,1775547248083
mouse,131,82,1775547248103
mouse,131,80,1775547248111
mouse,132,80,1775547248118
mouse,132,79,1775547248124
mouse,133,79,1775547248131
mouse,134,78,1775547248139
mouse,136,76,1775547248159
mouse,136,75,1775547248166
mouse,137,75,1775547248173
mouse,137,74,1775547248180
mouse,138,74,1775547248187
mouse,140,74,1775547248194
mouse,140,73,1775547248201
mouse,141,72,1775547248208
click,141,72,1775547248345
mouse,142,72,1775547248353
mouse,141,72,1775547248745
mouse,141,73,1775547248749
mouse,140,73,1775547248756
mouse,140,74,1775547248763
mouse,139,75,1775547248777
mouse,138,76,1775547248784
mouse,138,77,1775547248791
mouse,138,78,1775547248799
mouse,138,79,1775547248821
mouse,138,80,1775547248831
mouse,138,81,1775547248847
mouse,138,82,1775547248860
mouse,137,82,1775547248861
mouse,137,83,1775547248871
mouse,137,84,1775547248876
mouse,136,84,1775547248881
mouse,136,85,1775547248888
mouse,136,86,1775547248950
mouse,136,87,1775547249555
mouse,136,88,1775547249563
mouse,136,89,1775547249569
mouse,136,90,1775547249590
mouse,136,91,1775547249620
mouse,136,93,1775547249626
mouse,136,94,1775547249632
mouse,136,96,1775547249652
mouse,136,97,1775547249659
mouse,137,98,1775547249666
mouse,137,99,1775547249673
mouse,137,100,1775547249680
mouse,140,103,1775547249688
mouse,141,105,1775547249694
mouse,142,106,1775547249701
mouse,144,107,1775547249708
mouse,145,109,1775547249714
mouse,145,110,1775547249721
mouse,147,110,1775547249728
mouse,148,110,1775547249735
mouse,148,111,1775547249742
mouse,149,111,1775547249758
mouse,149,112,1775547249769
mouse,150,112,1775547249799
mouse,151,112,1775547249806
mouse,152,112,1775547249812
mouse,153,112,1775547249822
mouse,153,113,1775547249826
mouse,155,113,1775547249833
mouse,156,113,1775547249839
mouse,158,113,1775547249846
mouse,160,113,1775547249854
mouse,161,113,1775547249862
mouse,162,113,1775547249883
mouse,163,113,1775547249895
mouse,164,113,1775547249928
mouse,165,113,1775547249949
mouse,165,114,1775547250107
mouse,166,114,1775547250116
mouse,167,114,1775547250161
mouse,167,115,1775547250167
mouse,167,116,1775547250177
mouse,167,117,1775547250194
mouse,168,117,1775547250201
mouse,168,118,1775547250208
mouse,169,118,1775547250266
mouse,170,118,1775547250295
mouse,171,118,1775547250307
mouse,172,118,1775547250326
mouse,173,118,1775547250333
mouse,174,118,1775547250340
mouse,175,118,1775547250348
mouse,176,117,1775547250354
mouse,177,117,1775547250365
mouse,177,116,1775547250374
mouse,177,115,1775547250381
mouse,178,115,1775547250386
mouse,179,114,1775547250402
mouse,180,113,1775547250427
mouse,180,112,1775547250444
mouse,180,111,1775547250452
mouse,180,110,1775547250481
click,180,110,1775547250695
mouse,181,110,1775547250804
mouse,183,110,1775547250819
mouse,184,110,1775547250830
mouse,185,110,1775547250833
mouse,191,112,1775547250840
mouse,196,113,1775547250846
mouse,200,113,1775547250853
mouse,204,113,1775547250860
mouse,208,114,1775547250867
mouse,213,114,1775547250874
mouse,218,114,1775547250881
mouse,223,114,1775547250888
mouse,228,114,1775547250896
mouse,231,114,1775547250902
mouse,234,114,1775547250909
mouse,238,114,1775547250917
mouse,240,114,1775547250923
mouse,242,114,1775547250930
mouse,244,114,1775547250937
mouse,246,114,1775547250944
mouse,249,111,1775547250952
mouse,251,111,1775547250958
mouse,253,110,1775547250964
mouse,256,107,1775547250971
mouse,260,106,1775547250978
mouse,262,105,1775547250985
mouse,265,103,1775547250992
mouse,268,102,1775547250999
mouse,272,99,1775547251007
mouse,275,98,1775547251013
mouse,277,95,1775547251020
mouse,280,94,1775547251027
mouse,284,90,1775547251034
mouse,285,89,1775547251041
mouse,288,86,1775547251048
mouse,289,85,1775547251055
mouse,291,82,1775547251062
mouse,292,80,1775547251069
mouse,294,78,1775547251076
mouse,295,77,1775547251083
mouse,296,74,1775547251089
mouse,297,72,1775547251096
mouse,299,70,1775547251103
mouse,300,69,1775547251110
mouse,300,67,1775547251117
mouse,301,66,1775547251126
mouse,301,64,1775547251132
mouse,301,62,1775547251139
mouse,301,61,1775547251159
mouse,301,60,1775547251166
mouse,301,59,1775547251200
mouse,300,59,1775547251223
mouse,299,59,1775547251246
mouse,298,59,1775547251250
mouse,298,58,1775547251261
mouse,297,58,1775547251264
mouse,296,58,1775547251272
mouse,295,58,1775547251280
mouse,294,58,1775547251284
mouse,293,58,1775547251291
mouse,292,59,1775547251298
mouse,291,59,1775547251308
mouse,290,59,1775547251313
mouse,290,60,1775547251319
mouse,289,60,1775547251326
mouse,288,60,1775547251333
mouse,288,61,1775547251340
mouse,287,61,1775547251348
mouse,286,62,1775547251355
mouse,285,62,1775547251374
mouse,284,63,1775547251381
mouse,284,64,1775547251388
mouse,284,65,1775547251396
mouse,283,65,1775547251406
mouse,283,66,1775547251409
mouse,282,66,1775547251419
mouse,282,67,1775547251424
mouse,282,68,1775547251430
mouse,281,69,1775547251437
mouse,280,70,1775547251444
mouse,280,71,1775547251454
mouse,280,72,1775547251459
mouse,280,73,1775547251465
mouse,280,74,1775547251471
mouse,280,75,1775547251481
mouse,280,76,1775547251485
mouse,280,77,1775547251492
mouse,279,78,1775547251500
mouse,279,80,1775547251506
mouse,279,82,1775547251513
mouse,278,82,1775547251520
mouse,278,84,1775547251527
mouse,278,86,1775547251535
mouse,278,87,1775547251542
mouse,277,89,1775547251548
mouse,277,91,1775547251556
mouse,277,92,1775547251562
mouse,276,94,1775547251569
mouse,276,97,1775547251576
mouse,276,98,1775547251583
mouse,276,100,1775547251590
mouse,276,102,1775547251597
mouse,276,104,1775547251603
mouse,276,105,1775547251610
mouse,277,107,1775547251617
mouse,277,109,1775547251624
mouse,278,111,1775547251631
mouse,279,113,1775547251638
mouse,280,114,1775547251645
mouse,280,116,1775547251652
mouse,281,118,1775547251659
mouse,281,119,1775547251666
mouse,281,120,1775547251673
mouse,281,121,1775547251680
mouse,282,122,1775547251687
mouse,283,123,1775547251708
mouse,283,124,1775547251715
mouse,284,124,1775547251723
mouse,284,125,1775547251737
mouse,284,126,1775547251742
mouse,284,127,1775547251775
mouse,284,128,1775547251791
mouse,284,129,1775547251812
mouse,285,130,1775547251819
mouse,285,131,1775547251842
mouse,285,132,1775547251848
mouse,285,133,1775547251868
mouse,285,134,1775547251874
mouse,285,135,1775547251895
mouse,285,136,1775547251902
mouse,285,137,1775547251930
mouse,285,138,1775547251951
mouse,285,139,1775547251972
mouse,285,140,1775547251992
mouse,285,141,1775547251999
mouse,285,142,1775547252006
mouse,285,143,1775547252027
mouse,285,144,1775547252048
mouse,285,145,1775547252061
mouse,285,146,1775547252076
mouse,284,146,1775547252111
mouse,284,147,1775547252149
mouse,284,148,1775547252168
mouse,283,149,1775547252187
mouse,282,149,1775547252194
mouse,282,150,1775547252201
mouse,281,150,1775547252208
mouse,280,150,1775547252215
mouse,278,151,1775547252236
mouse,276,152,1775547252242
mouse,275,153,1775547252252
mouse,274,154,1775547252256
mouse,272,154,1775547252263
mouse,271,155,1775547252270
mouse,268,156,1775547252277
mouse,264,158,1775547252284
mouse,261,159,1775547252291
mouse,257,161,1775547252298
mouse,253,162,1775547252305
mouse,248,165,1775547252312
mouse,244,166,1775547252319
mouse,238,168,1775547252326
mouse,233,170,1775547252333
mouse,228,172,1775547252340
mouse,221,174,1775547252347
mouse,216,175,1775547252353
mouse,211,177,1775547252360
mouse,205,179,1775547252367
mouse,201,180,1775547252374
mouse,197,181,1775547252381
mouse,193,183,1775547252388
mouse,190,184,1775547252395
mouse,188,185,1775547252402
mouse,184,186,1775547252409
mouse,182,186,1775547252416
mouse,180,187,1775547252423
mouse,177,187,1775547252430
mouse,175,188,1775547252437
mouse,172,189,1775547252444
mouse,171,189,1775547252451
mouse,168,190,1775547252458
mouse,165,190,1775547252465
mouse,163,191,1775547252472
mouse,160,192,1775547252478
mouse,156,193,1775547252485
mouse,153,194,1775547252492
mouse,151,194,1775547252499
mouse,148,195,1775547252506
mouse,145,195,1775547252513
mouse,143,196,1775547252520
mouse,141,197,1775547252528
mouse,139,197,1775547252534
mouse,137,198,1775547252541
mouse,136,198,1775547252548
mouse,135,198,1775547252555
mouse,133,199,1775547252562
mouse,131,199,1775547252569
mouse,129,200,1775547252576
mouse,128,200,1775547252583
mouse,126,200,1775547252590
mouse,124,201,1775547252596
mouse,123,201,1775547252603
mouse,120,201,1775547252610
mouse,119,201,1775547252617
mouse,116,201,1775547252624
mouse,114,202,1775547252631
mouse,112,202,1775547252638
mouse,111,202,1775547252645
mouse,109,202,1775547252652
mouse,108,202,1775547252659
mouse,106,202,1775547252666
mouse,105,202,1775547252673
mouse,104,202,1775547252680
mouse,101,202,1775547252687
mouse,100,202,1775547252694
mouse,97,202,1775547252701
mouse,96,202,1775547252708
mouse,94,202,1775547252714
mouse,92,201,1775547252721
mouse,91,201,1775547252729
mouse,89,201,1775547252735
mouse,88,200,1775547252742
mouse,87,200,1775547252749
mouse,85,200,1775547252756
mouse,84,199,1775547252763
mouse,82,198,1775547252770
mouse,80,197,1775547252777
mouse,79,196,1775547252784
mouse,77,195,1775547252791
mouse,76,194,1775547252798
mouse,74,193,1775547252805
mouse,73,192,1775547252812
mouse,72,190,1775547252819
mouse,70,190,1775547252826
mouse,68,188,1775547252833
mouse,67,186,1775547252840
mouse,65,186,1775547252847
mouse,64,184,1775547252853
mouse,63,183,1775547252860
mouse,62,182,1775547252868
mouse,60,182,1775547252874
mouse,60,180,1775547252881
mouse,59,179,1775547252888
mouse,58,178,1775547252895
mouse,57,178,1775547252902
mouse,56,177,1775547252909
mouse,56,176,1775547252916
mouse,54,175,1775547252923
mouse,54,174,1775547252930
mouse,52,174,1775547252937
mouse,52,173,1775547252944
mouse,52,172,1775547252951
mouse,51,172,1775547252958
mouse,50,172,1775547252965
mouse,49,170,1775547252972
mouse,48,170,1775547252979
mouse,47,170,1775547253008
mouse,46,170,1775547253014
mouse,46,169,1775547253025
mouse,45,169,1775547253028
mouse,44,168,1775547253034
mouse,43,168,1775547253041
mouse,42,167,1775547253048
mouse,41,166,1775547253055
mouse,40,166,1775547253062
mouse,40,165,1775547253071
mouse,39,165,1775547253076
mouse,38,164,1775547253083
mouse,37,164,1775547253091
mouse,37,163,1775547253097
mouse,36,162,1775547253104
mouse,36,161,1775547253137
mouse,35,161,1775547253159
mouse,35,160,1775547253166
mouse,35,159,1775547253179
mouse,35,158,1775547253194
mouse,35,157,1775547253278
mouse,36,157,1775547253284
mouse,37,156,1775547253347
mouse,37,155,1775547253359
mouse,22,0,1775547257740
mouse,23,1,1775547257743
mouse,24,4,1775547257749
mouse,27,9,1775547257756
mouse,30,13,1775547257763
mouse,32,18,1775547257770
mouse,36,23,1775547257777
mouse,40,28,1775547257785
mouse,44,33,1775547257791
mouse,48,37,1775547257798
mouse,52,41,1775547257805
mouse,56,45,1775547257812
mouse,59,48,1775547257819
mouse,63,50,1775547257826
mouse,66,54,1775547257833
mouse,68,55,1775547257840
mouse,71,58,1775547257847
mouse,74,60,1775547257854
mouse,76,62,1775547257860
mouse,80,65,1775547257867
mouse,82,67,1775547257874
mouse,86,69,1775547257881
mouse,88,70,1775547257888
mouse,92,73,1775547257895
mouse,94,74,1775547257902
mouse,97,75,1775547257909
mouse,100,77,1775547257916
mouse,102,78,1775547257923
mouse,104,79,1775547257930
mouse,106,79,1775547257937
mouse,108,81,1775547257944
mouse,110,82,1775547257951
mouse,112,82,1775547257958
mouse,114,84,1775547257965
mouse,116,85,1775547257972
mouse,118,86,1775547257979
mouse,120,87,1775547257985
mouse,122,88,1775547257992
mouse,124,90,1775547257999
mouse,128,90,1775547258006
mouse,130,92,1775547258013
mouse,132,93,1775547258020
mouse,135,94,1775547258027
mouse,138,95,1775547258034
mouse,140,96,1775547258041
mouse,142,97,1775547258048
mouse,144,97,1775547258055
mouse,145,97,1775547258063
mouse,146,98,1775547258069
mouse,148,98,1775547258076
mouse,149,98,1775547258085
mouse,150,98,1775547258090
mouse,151,98,1775547258097
mouse,152,98,1775547258104
mouse,154,98,1775547258110
mouse,156,98,1775547258117
mouse,159,99,1775547258124
mouse,161,99,1775547258131
mouse,164,99,1775547258138
mouse,166,99,1775547258145
mouse,168,99,1775547258152
mouse,169,100,1775547258159
mouse,171,100,1775547258166
mouse,172,100,1775547258173
mouse,173,100,1775547258199
mouse,173,101,1775547258259
mouse,174,102,1775547258265
mouse,175,102,1775547258270
mouse,176,105,1775547258277
mouse,177,106,1775547258284
mouse,178,108,1775547258291
mouse,178,109,1775547258298
mouse,179,110,1775547258305
mouse,180,111,1775547258312
mouse,180,112,1775547258341
mouse,180,113,1775547258473
mouse,180,114,1775547258483
click,180,114,1775547258484
mouse,180,114,1775547258493
mouse,180,115,1775547258502
mouse,180,118,1775547258520
mouse,181,121,1775547258528
mouse,181,122,1775547258534
mouse,182,126,1775547258542
mouse,182,128,1775547258548
mouse,182,130,1775547258555
mouse,182,131,1775547258565
mouse,182,132,1775547258570
mouse,182,133,1775547258576
mouse,182,134,1775547259084
mouse,181,134,1775547259090
mouse,180,134,1775547259097
mouse,180,135,1775547259117
mouse,180,136,1775547259124
mouse,179,137,1775547259131
mouse,178,137,1775547259134
mouse,177,137,1775547259139
mouse,176,137,1775547259145
mouse,175,138,1775547259152
mouse,173,138,1775547259159
mouse,171,138,1775547259166
mouse,169,140,1775547259177
mouse,167,141,1775547259181
mouse,164,142,1775547259187
mouse,161,142,1775547259194
mouse,159,143,1775547259201
mouse,157,144,1775547259209
mouse,154,145,1775547259216
mouse,151,146,1775547259223
mouse,148,146,1775547259228
mouse,145,147,1775547259235
mouse,144,147,1775547259237
mouse,141,148,1775547259242
mouse,137,148,1775547259249
mouse,132,150,1775547259256
mouse,128,151,1775547259263
mouse,124,152,1775547259270
mouse,120,153,1775547259277
mouse,116,154,1775547259284
mouse,112,155,1775547259291
mouse,108,157,1775547259298
mouse,105,157,1775547259305
mouse,102,158,1775547259313
mouse,101,158,1775547259319
mouse,100,159,1775547259326
mouse,98,160,1775547259333
mouse,97,161,1775547259340
mouse,96,161,1775547259347
mouse,95,161,1775547259368
mouse,94,161,1775547259375
mouse,94,162,1775547259383
mouse,93,162,1775547259388
mouse,92,162,1775547259395
mouse,90,162,1775547259402
mouse,88,162,1775547259410
mouse,87,162,1775547259417
mouse,85,162,1775547259424
mouse,84,162,1775547259430
mouse,81,162,1775547259438
mouse,80,162,1775547259444
mouse,78,163,1775547259451
mouse,76,163,1775547259458
mouse,75,163,1775547259465
mouse,73,164,1775547259472
mouse,72,164,1775547259479
mouse,70,164,1775547259486
mouse,69,164,1775547259492
mouse,67,164,1775547259499
mouse,64,164,1775547259506
mouse,62,164,1775547259514
mouse,60,164,1775547259520
mouse,57,164,1775547259527
mouse,54,164,1775547259534
mouse,52,164,1775547259541
mouse,48,164,1775547259549
mouse,46,164,1775547259555
mouse,44,164,1775547259562
mouse,42,164,1775547259569
mouse,40,164,1775547259576
mouse,39,164,1775547259584
mouse,38,164,1775547259591
mouse,37,164,1775547259599
mouse,36,164,1775547259604
mouse,34,164,1775547259625
mouse,32,164,1775547259631
mouse,31,164,1775547259641
mouse,30,164,1775547259649
mouse,29,164,1775547259653
mouse,28,164,1775547259659
mouse,61,0,1775547500718
mouse,64,3,1775547500724
mouse,68,6,1775547500731
mouse,72,10,1775547500738
mouse,76,14,1775547500746
mouse,78,17,1775547500752
mouse,80,20,1775547500759
mouse,84,22,1775547500766
mouse,85,25,1775547500773
mouse,88,26,1775547500780
mouse,90,29,1775547500787
mouse,92,30,1775547500794
mouse,93,32,1775547500800
mouse,95,33,1775547500807
mouse,96,34,1775547500814
mouse,97,34,1775547500821
mouse,98,36,1775547500829
mouse,100,37,1775547500835
mouse,101,38,1775547500842
mouse,102,38,1775547500851
mouse,103,40,1775547500857
mouse,104,42,1775547500863
mouse,106,42,1775547500870
mouse,108,44,1775547500877
mouse,110,46,1775547500884
mouse,112,47,1775547500891
mouse,114,49,1775547500898
mouse,116,50,1775547500905
mouse,118,52,1775547500912
mouse,119,53,1775547500918
mouse,120,53,1775547500925
mouse,121,54,1775547500932
mouse,122,54,1775547500939
mouse,123,54,1775547500946
mouse,124,55,1775547500953
mouse,125,56,1775547500960
mouse,126,57,1775547500967
mouse,127,57,1775547500975
mouse,128,58,1775547500981
mouse,129,58,1775547500988
mouse,130,60,1775547500995
mouse,132,61,1775547501002
mouse,133,62,1775547501009
mouse,136,63,1775547501016
mouse,137,65,1775547501023
mouse,138,66,1775547501030
mouse,140,67,1775547501037
mouse,141,69,1775547501044
mouse,142,69,1775547501051
mouse,143,70,1775547501058
mouse,144,70,1775547501064
mouse,145,71,1775547501071
mouse,146,73,1775547501078
mouse,147,74,1775547501086
mouse,148,74,1775547501092
mouse,149,75,1775547501100
mouse,150,76,1775547501106
mouse,151,77,1775547501113
mouse,152,78,1775547501120
mouse,153,78,1775547501127
mouse,154,80,1775547501134
mouse,156,80,1775547501141
mouse,156,81,1775547501149
mouse,157,81,1775547501255
mouse,158,81,1775547501260
mouse,159,81,1775547501268
mouse,160,81,1775547501274
mouse,161,81,1775547501294
mouse,162,81,1775547501301
mouse,163,80,1775547501309
mouse,163,79,1775547501314
mouse,164,79,1775547501321
mouse,165,79,1775547501328
mouse,167,79,1775547501335
mouse,168,79,1775547501342
mouse,169,79,1775547501353
mouse,169,78,1775547501358
mouse,170,78,1775547501364
mouse,171,78,1775547501370
mouse,172,78,1775547501377
mouse,172,77,1775547501388
mouse,173,77,1775547501393
mouse,174,77,1775547501404
mouse,175,77,1775547501406
mouse,176,77,1775547501412
mouse,177,77,1775547501425
mouse,179,77,1775547501439
mouse,179,76,1775547501447
mouse,180,76,1775547501453
mouse,181,75,1775547501460
mouse,182,75,1775547501481
mouse,183,75,1775547501494
mouse,183,74,1775547501509
mouse,184,74,1775547501521
mouse,183,74,1775547501707
mouse,182,74,1775547501712
mouse,181,74,1775547501721
mouse,180,74,1775547501724
mouse,180,74,1775547501731
mouse,179,74,1775547501738
mouse,178,74,1775547501745
mouse,176,74,1775547501752
mouse,176,74,1775547501759
mouse,174,74,1775547501766
mouse,172,74,1775547501773
mouse,170,75,1775547501780
mouse,168,75,1775547501786
mouse,167,75,1775547501793
mouse,164,76,1775547501800
mouse,162,76,1775547501807
mouse,160,76,1775547501814
mouse,157,76,1775547501821
mouse,154,77,1775547501828
mouse,151,78,1775547501835
mouse,148,78,1775547501842
mouse,144,78,1775547501849
mouse,139,78,1775547501856
mouse,134,78,1775547501863
mouse,129,79,1775547501870
mouse,124,80,1775547501877
mouse,119,80,1775547501884
mouse,113,81,1775547501891
mouse,108,82,1775547501898
mouse,104,82,1775547501905
mouse,100,82,1775547501911
mouse,96,82,1775547501918
mouse,92,82,1775547501925
mouse,88,83,1775547501932
mouse,84,83,1775547501939
mouse,81,83,1775547501946
mouse,78,83,1775547501953
mouse,75,83,1775547501960
mouse,72,83,1775547501967
mouse,70,83,1775547501974
mouse,68,83,1775547501981
mouse,65,83,1775547501988
mouse,63,83,1775547501995
mouse,60,83,1775547502002
mouse,58,83,1775547502009
mouse,56,83,1775547502016
mouse,54,83,1775547502023
mouse,52,83,1775547502030
mouse,51,83,1775547502036
mouse,50,83,1775547502043
mouse,48,83,1775547502050
mouse,48,83,1775547502064
mouse,47,83,1775547502069
mouse,46,83,1775547502085
mouse,45,83,1775547502092
mouse,44,83,1775547502100
click,44,83,1775547502208
mouse,44,83,1775547502211
mouse,45,83,1775547502435
mouse,46,83,1775547502439
mouse,47,83,1775547502447
mouse,48,83,1775547502453
mouse,49,83,1775547502460
mouse,52,83,1775547502467
mouse,53,83,1775547502474
mouse,56,83,1775547502481
mouse,59,83,1775547502488
mouse,61,84,1775547502495
mouse,64,85,1775547502502
mouse,67,85,1775547502509
mouse,69,86,1775547502516
mouse,73,86,1775547502523
mouse,75,86,1775547502527
mouse,76,87,1775547502530
mouse,80,88,1775547502537
mouse,84,89,1775547502544
mouse,86,89,1775547502550
mouse,89,90,1775547502557
mouse,92,90,1775547502564
mouse,95,91,1775547502571
mouse,98,92,1775547502578
mouse,100,92,1775547502585
mouse,102,94,1775547502592
mouse,104,94,1775547502599
mouse,105,94,1775547502607
mouse,106,94,1775547502613
mouse,107,94,1775547502620
mouse,108,94,1775547502629
mouse,108,95,1775547502634
mouse,109,95,1775547502641
mouse,109,96,1775547502646
mouse,111,96,1775547502655
mouse,112,97,1775547502662
mouse,113,97,1775547502669
mouse,113,98,1775547502675
mouse,115,98,1775547502682
mouse,116,98,1775547502689
mouse,117,98,1775547502701
mouse,118,98,1775547502705
mouse,119,99,1775547502710
mouse,119,100,1775547502717
mouse,120,100,1775547502724
mouse,121,100,1775547502730
mouse,123,101,1775547502738
mouse,124,102,1775547502745
mouse,125,103,1775547502766
mouse,127,104,1775547502773
mouse,127,105,1775547502782
mouse,128,105,1775547502787
mouse,128,106,1775547502794
mouse,129,106,1775547502800
mouse,131,107,1775547502807
mouse,131,108,1775547502814
mouse,132,108,1775547502821
mouse,133,109,1775547502842
mouse,133,110,1775547502854
mouse,134,110,1775547502870
mouse,135,110,1775547502881
mouse,135,111,1775547502923
mouse,136,111,1775547502939
mouse,136,112,1775547502960
mouse,136,113,1775547503057
mouse,136,114,1775547503070
mouse,137,114,1775547503109
mouse,137,115,1775547503138
mouse,138,115,1775547503451
click,138,115,1775547503602
mouse,139,115,1775547503693
mouse,140,115,1775547503725
mouse,142,115,1775547503745
mouse,143,116,1775547503752
mouse,144,116,1775547503759
mouse,145,116,1775547503767
mouse,146,116,1775547503773
mouse,148,116,1775547503780
mouse,151,117,1775547503787
mouse,153,118,1775547503794
mouse,155,118,1775547503803
mouse,159,119,1775547503810
mouse,160,120,1775547503816
mouse,164,121,1775547503824
mouse,167,122,1775547503831
mouse,170,122,1775547503838
mouse,173,123,1775547503844
mouse,176,124,1775547503849
mouse,180,124,1775547503856
mouse,182,126,1775547503863
mouse,185,126,1775547503870
mouse,188,126,1775547503877
mouse,191,127,1775547503884
mouse,193,127,1775547503889
mouse,194,128,1775547503891
mouse,196,128,1775547503898
mouse,200,128,1775547503905
mouse,202,129,1775547503912
mouse,205,130,1775547503919
mouse,207,130,1775547503926
mouse,209,130,1775547503933
mouse,212,130,1775547503939
mouse,214,130,1775547503946
mouse,216,130,1775547503953
mouse,217,130,1775547503962
mouse,218,130,1775547503968
mouse,219,130,1775547503974
mouse,220,130,1775547503982
mouse,221,131,1775547503988
mouse,223,131,1775547503995
mouse,224,131,1775547504003
mouse,226,131,1775547504009
mouse,227,131,1775547504017
mouse,228,131,1775547504023
mouse,229,131,1775547504032
mouse,230,131,1775547504037
mouse,231,131,1775547504058
mouse,232,131,1775547504086
mouse,233,131,1775547504295
mouse,235,131,1775547504315
mouse,236,131,1775547504323
mouse,237,131,1775547504335
mouse,239,131,1775547504342
mouse,240,132,1775547504349
mouse,244,132,1775547504356
mouse,247,133,1775547504363
mouse,249,134,1775547504370
mouse,252,134,1775547504377
mouse,256,136,1775547504384
mouse,258,136,1775547504391
mouse,261,137,1775547504398
mouse,265,138,1775547504405
mouse,268,138,1775547504412
mouse,271,139,1775547504418
mouse,275,140,1775547504425
mouse,278,142,1775547504432
mouse,280,142,1775547504437
mouse,282,143,1775547504439
mouse,282,144,1775547504441
mouse,286,145,1775547504446
mouse,292,147,1775547504454
mouse,296,149,1775547504460
mouse,300,150,1775547504467
mouse,304,152,1775547504474
mouse,309,154,1775547504481
mouse,314,155,1775547504489
mouse,318,157,1775547504495
mouse,321,157,1775547504502
mouse,324,158,1775547504509
mouse,328,160,1775547504516
mouse,331,161,1775547504524
mouse,332,161,1775547504525
mouse,333,161,1775547504530
mouse,336,162,1775547504537
mouse,338,163,1775547504543
mouse,339,163,1775547504550
mouse,340,163,1775547504553
mouse,341,164,1775547504558
mouse,344,165,1775547504566
mouse,345,165,1775547504571
mouse,347,165,1775547504578
mouse,348,166,1775547504585
mouse,349,166,1775547504592
mouse,350,166,1775547504599
mouse,351,166,1775547504606
mouse,352,166,1775547504643
mouse,353,166,1775547504664
mouse,354,166,1775547504673
mouse,355,165,1775547504683
mouse,355,164,1775547504689
mouse,356,164,1775547504697
mouse,356,163,1775547504705
mouse,356,162,1775547504716
mouse,357,162,1775547504717
mouse,358,162,1775547504728
mouse,358,161,1775547504746
mouse,359,160,1775547504753
mouse,360,159,1775547504764
mouse,360,158,1775547504768
mouse,360,156,1775547504786
mouse,360,154,1775547504800
mouse,360,153,1775547504807
mouse,360,152,1775547504815
mouse,359,150,1775547504821
mouse,358,150,1775547504832
mouse,358,148,1775547504835
mouse,357,148,1775547504842
mouse,356,146,1775547504849
mouse,355,146,1775547504856
mouse,353,146,1775547504863
mouse,352,144,1775547504871
mouse,351,144,1775547504877
mouse,349,143,1775547504884
mouse,348,142,1775547504892
mouse,347,142,1775547504898
mouse,346,142,1775547504903
mouse,345,142,1775547504906
mouse,344,142,1775547504912
mouse,343,141,1775547504919
mouse,341,140,1775547504925
mouse,340,140,1775547504932
mouse,339,140,1775547504941
mouse,338,140,1775547504947
mouse,337,139,1775547504957
mouse,336,139,1775547504967
mouse,334,139,1775547504981
mouse,332,139,1775547504988
mouse,330,139,1775547504996
mouse,329,139,1775547504999
mouse,328,139,1775547505002
mouse,326,139,1775547505009
mouse,324,139,1775547505016
mouse,323,139,1775547505023
mouse,322,139,1775547505030
mouse,321,139,1775547505037
mouse,320,139,1775547505043
mouse,319,139,1775547505051
mouse,318,139,1775547505058
mouse,316,139,1775547505065
mouse,314,139,1775547505071
mouse,312,139,1775547505079
mouse,310,139,1775547505085
mouse,307,139,1775547505092
mouse,304,139,1775547505099
mouse,302,140,1775547505106
mouse,300,140,1775547505113
mouse,298,140,1775547505119
mouse,297,140,1775547505120
mouse,296,140,1775547505127
mouse,294,140,1775547505129
mouse,293,141,1775547505134
mouse,292,141,1775547505139
mouse,290,141,1775547505148
mouse,288,141,1775547505155
mouse,286,141,1775547505162
mouse,284,141,1775547505170
mouse,282,141,1775547505176
mouse,280,141,1775547505182
mouse,278,141,1775547505189
mouse,276,141,1775547505196
mouse,273,141,1775547505203
mouse,271,141,1775547505210
mouse,268,141,1775547505217
mouse,267,141,1775547505224
mouse,264,141,1775547505231
mouse,263,141,1775547505238
mouse,261,140,1775547505245
mouse,260,140,1775547505252
mouse,259,140,1775547505259
mouse,258,140,1775547505266
mouse,256,139,1775547505273
mouse,256,138,1775547505282
mouse,255,138,1775547505289
mouse,254,138,1775547505294
mouse,253,138,1775547505302
mouse,252,137,1775547505308
mouse,251,136,1775547505314
mouse,249,134,1775547505322
mouse,248,134,1775547505328
mouse,246,133,1775547505335
mouse,245,132,1775547505342
mouse,244,132,1775547505349
mouse,243,130,1775547505357
mouse,242,130,1775547505363
mouse,241,129,1775547505371
mouse,240,129,1775547505379
mouse,240,128,1775547505385
mouse,240,127,1775547505391
mouse,239,126,1775547505398
mouse,238,125,1775547505405
mouse,237,125,1775547505412
mouse,236,123,1775547505419
mouse,236,122,1775547505426
mouse,235,122,1775547505433
mouse,234,122,1775547505440
mouse,234,121,1775547505446
mouse,233,121,1775547505457
mouse,233,120,1775547505460
mouse,232,119,1775547505468
mouse,232,118,1775547505474
click,232,118,1775547505614
mouse,233,118,1775547505740
mouse,234,118,1775547505780
mouse,235,119,1775547505802
mouse,236,119,1775547505814
mouse,237,119,1775547505873
mouse,237,120,1775547505882
mouse,238,120,1775547505928
mouse,239,120,1775547506099
mouse,240,120,1775547506141
mouse,240,121,1775547506149
click,240,121,1775547506669
mouse,240,122,1775547506788
mouse,241,122,1775547506799
mouse,242,123,1775547506800
mouse,244,124,1775547506807
mouse,244,126,1775547506815
mouse,245,128,1775547506822
mouse,247,129,1775547506828
mouse,249,132,1775547506837
mouse,251,134,1775547506842
mouse,253,137,1775547506849
mouse,256,139,1775547506856
mouse,257,142,1775547506863
mouse,260,146,1775547506870
mouse,262,148,1775547506877
mouse,264,150,1775547506884
mouse,267,154,1775547506891
mouse,268,156,1775547506898
mouse,271,159,1775547506905
mouse,273,161,1775547506911
mouse,275,163,1775547506918
mouse,278,166,1775547506925
mouse,281,169,1775547506932
mouse,284,171,1775547506939
mouse,288,173,1775547506946
mouse,291,176,1775547506953
mouse,295,179,1775547506960
mouse,300,182,1775547506967
mouse,304,185,1775547506974
mouse,308,187,1775547506981
mouse,315,190,1775547506988
mouse,320,193,1775547506995
mouse,326,196,1775547507002
mouse,332,198,1775547507009
mouse,338,201,1775547507016
mouse,344,203,1775547507023
mouse,350,206,1775547507030
mouse,355,208,1775547507037
mouse,360,210,1775547507043
mouse,366,211,1775547507050
mouse,371,214,1775547507057
mouse,376,214,1775547507064
mouse,384,216,1775547507072
mouse,388,218,1775547507078
mouse,395,219,1775547507085
mouse,403,221,1775547507092
mouse,410,224,1775547507099
mouse,418,225,1775547507106
mouse,426,228,1775547507113
mouse,435,230,1775547507120
mouse,444,231,1775547507127
mouse,451,233,1775547507134
mouse,456,234,1775547507141
mouse,460,234,1775547507148
mouse,464,234,1775547507155
mouse,467,234,1775547507162
mouse,468,235,1775547507168
mouse,469,235,1775547507175
click,469,235,1775547507305
mouse,470,235,1775547507357
mouse,471,235,1775547507366
mouse,472,235,1775547507370
mouse,473,235,1775547507382
mouse,474,235,1775547507384
mouse,476,235,1775547507391
mouse,478,236,1775547507398
mouse,480,236,1775547507405
mouse,484,237,1775547507412
mouse,488,238,1775547507418
mouse,491,238,1775547507425
mouse,494,239,1775547507432
mouse,498,240,1775547507439
mouse,502,241,1775547507446
mouse,506,242,1775547507453
mouse,509,243,1775547507460
mouse,512,244,1775547507467
mouse,516,245,1775547507474
mouse,520,246,1775547507481
mouse,524,246,1775547507488
mouse,528,248,1775547507495
mouse,532,249,1775547507502
mouse,536,250,1775547507509
mouse,539,251,1775547507516
mouse,543,252,1775547507523
mouse,547,254,1775547507530
mouse,550,254,1775547507537
mouse,554,256,1775547507543
mouse,556,256,1775547507550
mouse,560,257,1775547507557
mouse,563,258,1775547507564
mouse,565,258,1775547507571
mouse,568,260,1775547507578
mouse,572,261,1775547507585
mouse,574,262,1775547507592
mouse,577,262,1775547507599
mouse,580,263,1775547507606
mouse,583,264,1775547507613
mouse,586,265,1775547507620
mouse,588,265,1775547507627
mouse,591,266,1775547507634
mouse,592,266,1775547507641
mouse,594,266,1775547507648
mouse,596,266,1775547507655
mouse,597,268,1775547507662
mouse,599,268,1775547507668
mouse,600,268,1775547507675
mouse,601,268,1775547507696
mouse,601,269,1775547507703
mouse,602,269,1775547507710
mouse,603,269,1775547507718
mouse,604,269,1775547507724
mouse,605,269,1775547507731
mouse,606,269,1775547507738
mouse,607,269,1775547507745
mouse,608,269,1775547507756
mouse,608,268,1775547507877
mouse,608,267,1775547507884
mouse,608,266,1775547507895
mouse,608,265,1775547507950
mouse,608,264,1775547507990
mouse,608,263,1775547508001
mouse,608,262,1775547508019
mouse,608,261,1775547508037
mouse,608,260,1775547508058
mouse,608,259,1775547508065
mouse,608,258,1775547508073
mouse,608,257,1775547508082
mouse,608,256,1775547508091
mouse,608,255,1775547508093
mouse,608,254,1775547508099
mouse,608,253,1775547508106
mouse,608,251,1775547508113
mouse,608,250,1775547508120
mouse,608,247,1775547508128
mouse,608,246,1775547508134
mouse,608,244,1775547508141
mouse,608,242,1775547508148
mouse,608,241,1775547508155
mouse,608,238,1775547508162
mouse,606,235,1775547508168
mouse,604,233,1775547508175
mouse,600,229,1775547508182
mouse,596,226,1775547508189
mouse,592,222,1775547508196
mouse,585,217,1775547508203
mouse,577,212,1775547508210
mouse,568,206,1775547508217
mouse,557,202,1775547508224
mouse,546,197,1775547508231
mouse,536,192,1775547508238
mouse,526,189,1775547508245
mouse,519,186,1775547508252
mouse,512,183,1775547508259
mouse,506,182,1775547508266
mouse,502,180,1775547508273
mouse,497,178,1775547508280
mouse,494,178,1775547508287
mouse,491,177,1775547508294
mouse,488,176,1775547508300
mouse,486,175,1775547508307
mouse,484,174,1775547508314
mouse,482,174,1775547508321
mouse,480,174,1775547508328
mouse,478,173,1775547508335
mouse,476,173,1775547508342
mouse,475,172,1775547508349
mouse,474,172,1775547508356
mouse,473,172,1775547508363
mouse,472,172,1775547508370
mouse,471,172,1775547508440
mouse,470,172,1775547508446
mouse,469,172,1775547508453
mouse,468,172,1775547508460
mouse,468,173,1775547508467
mouse,466,173,1775547508474
mouse,466,174,1775547508481
mouse,464,174,1775547508488
mouse,464,175,1775547508495
mouse,463,175,1775547508502
mouse,463,176,1775547508509
mouse,462,177,1775547508516
mouse,461,178,1775547508523
mouse,460,179,1775547508530
mouse,460,181,1775547508537
mouse,460,182,1775547508544
mouse,458,184,1775547508551
mouse,458,185,1775547508557
mouse,457,186,1775547508564
mouse,456,189,1775547508571
mouse,456,190,1775547508578
mouse,454,191,1775547508585
mouse,454,193,1775547508592
mouse,453,194,1775547508599
mouse,452,196,1775547508606
mouse,450,197,1775547508613
mouse,449,198,1775547508620
mouse,448,201,1775547508627
mouse,447,203,1775547508634
mouse,445,206,1775547508642
mouse,444,208,1775547508648
mouse,443,210,1775547508655
mouse,442,213,1775547508662
mouse,440,217,1775547508670
mouse,439,218,1775547508676
mouse,438,221,1775547508682
mouse,436,223,1775547508689
mouse,435,225,1775547508696
mouse,434,227,1775547508703
mouse,432,229,1775547508710
mouse,431,230,1775547508717
mouse,430,232,1775547508724
mouse,429,234,1775547508731
mouse,428,234,1775547508738
mouse,426,237,1775547508745
mouse,424,239,1775547508752
mouse,422,242,1775547508759
mouse,420,245,1775547508766
mouse,418,248,1775547508773
mouse,416,252,1775547508780
mouse,413,255,1775547508787
mouse,411,259,1775547508794
mouse,408,262,1775547508800
mouse,406,266,1775547508807
mouse,404,270,1775547508814
mouse,401,272,1775547508821
mouse,399,276,1775547508829
mouse,398,278,1775547508835
mouse,395,282,1775547508843
mouse,394,284,1775547508849
mouse,392,287,1775547508856
mouse,390,290,1775547508863
mouse,389,292,1775547508870
mouse,388,295,1775547508878
mouse,386,297,1775547508884
mouse,384,298,1775547508891
mouse,384,300,1775547508898
click,384,300,1775547509056
mouse,384,301,1775547509098
mouse,383,301,1775547509115
mouse,382,302,1775547509120
mouse,381,302,1775547509127
mouse,380,302,1775547509135
mouse,378,302,1775547509142
mouse,376,302,1775547509150
mouse,373,302,1775547509156
mouse,370,302,1775547509165
mouse,366,303,1775547509171
mouse,363,303,1775547509176
mouse,358,303,1775547509183
mouse,352,303,1775547509190
mouse,344,303,1775547509196
mouse,336,303,1775547509203
mouse,328,303,1775547509210
mouse,318,302,1775547509217
mouse,304,300,1775547509224
mouse,294,298,1775547509231
mouse,281,295,1775547509238
mouse,268,293,1775547509245
mouse,255,290,1775547509252
mouse,241,287,1775547509259
mouse,228,283,1775547509266
mouse,214,279,1775547509273
mouse,201,275,1775547509280
mouse,188,272,1775547509287
mouse,176,268,1775547509294
mouse,168,266,1775547509301
mouse,160,263,1775547509307
mouse,154,261,1775547509314
mouse,149,258,1775547509323
mouse,147,258,1775547509328
mouse,144,257,1775547509336
mouse,143,256,1775547509343
mouse,141,255,1775547509350
mouse,140,254,1775547509356
mouse,139,253,1775547509364
mouse,139,252,1775547509371
mouse,138,251,1775547509377
mouse,137,250,1775547509385
mouse,136,249,1775547509391
mouse,135,246,1775547509398
mouse,132,245,1775547509405
mouse,130,242,1775547509412
mouse,128,239,1775547509418
mouse,127,237,1775547509425
mouse,125,235,1775547509432
mouse,123,234,1775547509439
mouse,121,231,1775547509446
mouse,120,230,1775547509453
mouse,119,229,1775547509460
mouse,118,227,1775547509467
mouse,117,226,1775547509474
mouse,116,224,1775547509481
mouse,114,222,1775547509488
mouse,113,220,1775547509495
mouse,111,218,1775547509502
mouse,109,215,1775547509509
mouse,106,213,1775547509516
mouse,104,210,1775547509523
mouse,101,207,1775547509530
mouse,99,205,1775547509536
mouse,96,202,1775547509544
mouse,93,200,1775547509550
mouse,92,198,1775547509557
mouse,89,197,1775547509564
mouse,88,195,1775547509571
mouse,87,194,1775547509578
mouse,84,193,1775547509586
mouse,84,192,1775547509592
mouse,83,190,1775547509599
mouse,80,190,1775547509607
mouse,79,189,1775547509613
mouse,76,187,1775547509620
mouse,75,186,1775547509627
mouse,72,185,1775547509634
mouse,70,182,1775547509641
mouse,67,182,1775547509648
mouse,64,180,1775547509656
mouse,62,178,1775547509662
mouse,59,177,1775547509668
mouse,56,176,1775547509676
mouse,53,174,1775547509682
mouse,52,173,1775547509689
mouse,49,172,1775547509697
mouse,47,171,1775547509704
mouse,45,170,1775547509711
mouse,44,170,1775547509717
mouse,43,169,1775547509724
mouse,41,168,1775547509732
mouse,40,167,1775547509738
mouse,39,166,1775547509746
mouse,38,166,1775547509752
mouse,37,165,1775547509759
mouse,36,165,1775547509766
mouse,35,163,1775547509774
mouse,34,163,1775547509781
mouse,33,162,1775547509787
mouse,32,162,1775547509798
mouse,32,161,1775547509804
mouse,31,161,1775547509807
mouse,31,160,1775547509832
mouse,30,159,1775547509850
mouse,29,158,1775547509896
mouse,28,157,1775547509912
mouse,28,156,1775547509999
mouse,40,1,1775547516658
mouse,43,6,1775547516662
mouse,49,18,1775547516669
mouse,55,30,1775547516676
mouse,60,40,1775547516683
mouse,64,48,1775547516690
mouse,67,56,1775547516696
mouse,70,62,1775547516703
mouse,73,69,1775547516710
mouse,76,74,1775547516717
mouse,77,79,1775547516724
mouse,79,84,1775547516731
mouse,80,89,1775547516738
mouse,82,93,1775547516745
mouse,84,97,1775547516752
mouse,85,101,1775547516759
mouse,86,103,1775547516766
mouse,88,106,1775547516773
mouse,88,109,1775547516780
mouse,88,110,1775547516787
mouse,88,112,1775547516794
mouse,88,114,1775547516801
mouse,88,115,1775547516810
mouse,88,116,1775547516817
mouse,88,117,1775547516827
mouse,88,118,1775547516832
mouse,88,120,1775547516849
mouse,88,122,1775547516856
mouse,86,122,1775547516863
mouse,85,124,1775547516870
mouse,84,126,1775547516877
mouse,82,127,1775547516884
mouse,80,130,1775547516891
mouse,79,132,1775547516898
mouse,77,135,1775547516905
mouse,76,138,1775547516912
mouse,74,140,1775547516919
mouse,72,142,1775547516926
mouse,71,144,1775547516933
mouse,69,146,1775547516940
mouse,68,147,1775547516948
mouse,66,148,1775547516953
mouse,64,150,1775547516960
mouse,63,150,1775547516967
mouse,61,152,1775547516974
mouse,60,153,1775547516981
mouse,57,154,1775547516988
mouse,56,155,1775547516995
mouse,53,156,1775547517002
mouse,52,157,1775547517009
mouse,48,158,1775547517016
mouse,47,159,1775547517023
mouse,44,161,1775547517030
mouse,42,161,1775547517037
mouse,40,162,1775547517044
mouse,39,162,1775547517051
mouse,37,162,1775547517058
mouse,36,162,1775547517064
mouse,35,162,1775547517073
mouse,34,162,1775547517078
mouse,32,162,1775547517085
mouse,31,162,1775547517092
mouse,30,162,1775547517099
mouse,28,162,1775547517106
mouse,92,0,1775547521589
mouse,92,3,1775547521593
mouse,92,6,1775547521599
mouse,92,11,1775547521606
mouse,92,17,1775547521613
mouse,92,21,1775547521620
mouse,92,26,1775547521627
mouse,92,30,1775547521634
mouse,92,35,1775547521642
mouse,92,38,1775547521648
mouse,92,42,1775547521655
mouse,90,48,1775547521662
mouse,89,53,1775547521669
mouse,88,58,1775547521676
mouse,88,62,1775547521683
mouse,86,66,1775547521690
mouse,85,72,1775547521696
mouse,83,77,1775547521703
mouse,82,82,1775547521710
mouse,81,86,1775547521717
mouse,80,90,1775547521724
mouse,79,94,1775547521731
mouse,78,97,1775547521738
mouse,77,101,1775547521746
mouse,76,103,1775547521752
mouse,75,106,1775547521759
mouse,74,108,1775547521766
mouse,73,111,1775547521774
mouse,72,113,1775547521780
mouse,72,115,1775547521787
mouse,71,117,1775547521794
mouse,70,119,1775547521801
mouse,69,121,1775547521808
mouse,68,122,1775547521814
mouse,68,125,1775547521822
mouse,67,126,1775547521829
mouse,66,127,1775547521836
mouse,65,129,1775547521842
mouse,64,130,1775547521849
mouse,63,133,1775547521857
mouse,62,134,1775547521863
mouse,61,137,1775547521870
mouse,60,139,1775547521878
mouse,59,141,1775547521884
mouse,58,142,1775547521891
mouse,56,146,1775547521898
mouse,56,147,1775547521905
mouse,55,149,1775547521912
mouse,53,150,1775547521919
mouse,52,153,1775547521926
mouse,50,154,1775547521932
mouse,48,156,1775547521939
mouse,47,158,1775547521946
mouse,45,159,1775547521953
mouse,44,161,1775547521960
mouse,42,162,1775547521968
mouse,41,164,1775547521974
mouse,40,165,1775547521981
mouse,40,166,1775547521988
mouse,39,166,1775547522059
mouse,38,166,1775547522079
mouse,37,166,1775547522086
mouse,953,84,1775547523819
mouse,954,85,1775547523823
mouse,953,85,1775547524124
mouse,952,85,1775547524128
mouse,951,85,1775547524136
mouse,950,85,1775547524141
mouse,948,85,1775547524148
mouse,946,85,1775547524155
mouse,944,85,1775547524162
mouse,941,85,1775547524169
mouse,938,85,1775547524176
mouse,934,85,1775547524183
mouse,930,85,1775547524189
mouse,926,84,1775547524196
mouse,921,84,1775547524203
mouse,916,84,1775547524210
mouse,910,84,1775547524217
mouse,904,84,1775547524224
mouse,897,84,1775547524231
mouse,892,84,1775547524238
mouse,886,83,1775547524245
mouse,880,83,1775547524252
mouse,875,83,1775547524259
mouse,868,83,1775547524266
mouse,862,83,1775547524273
mouse,856,82,1775547524280
mouse,848,82,1775547524287
mouse,840,82,1775547524294
mouse,830,81,1775547524301
mouse,820,80,1775547524308
mouse,808,79,1775547524315
mouse,798,78,1775547524321
mouse,788,78,1775547524328
mouse,777,78,1775547524335
mouse,768,78,1775547524342
mouse,760,78,1775547524349
mouse,752,78,1775547524356
mouse,743,78,1775547524363
mouse,736,78,1775547524370
mouse,728,78,1775547524377
mouse,719,78,1775547524384
mouse,711,77,1775547524391
mouse,701,75,1775547524398
mouse,690,73,1775547524405
mouse,678,70,1775547524412
mouse,668,69,1775547524419
mouse,656,66,1775547524426
mouse,645,64,1775547524433
mouse,634,63,1775547524440
mouse,624,62,1775547524446
mouse,613,61,1775547524453
mouse,604,60,1775547524460
mouse,596,59,1775547524467
mouse,587,58,1775547524474
mouse,579,58,1775547524481
mouse,571,57,1775547524488
mouse,564,56,1775547524495
mouse,558,55,1775547524502
mouse,552,55,1775547524509
mouse,548,55,1775547524516
mouse,544,55,1775547524523
mouse,539,55,1775547524530
mouse,535,56,1775547524537
mouse,531,57,1775547524544
mouse,526,58,1775547524551
mouse,520,61,1775547524557
mouse,515,63,1775547524564
mouse,508,66,1775547524571
mouse,499,70,1775547524579
mouse,488,74,1775547524585
mouse,476,78,1775547524592
mouse,462,83,1775547524599
mouse,447,90,1775547524606
mouse,431,95,1775547524613
mouse,416,102,1775547524620
mouse,400,108,1775547524627
mouse,388,113,1775547524634
mouse,375,118,1775547524641
mouse,357,126,1775547524648
mouse,344,134,1775547524657
mouse,327,140,1775547524664
mouse,316,144,1775547524669
mouse,301,150,1775547524676
mouse,281,157,1775547524687
mouse,264,161,1775547524692
mouse,252,164,1775547524697
mouse,239,167,1775547524703
mouse,224,169,1775547524710
mouse,208,170,1775547524717
mouse,195,171,1775547524724
mouse,180,172,1775547524731
mouse,164,172,1775547524738
mouse,151,172,1775547524745
mouse,136,172,1775547524752
mouse,124,172,1775547524759
mouse,114,171,1775547524766
mouse,105,171,1775547524773
mouse,97,171,1775547524780
mouse,92,171,1775547524787
mouse,87,171,1775547524794
mouse,84,171,1775547524801
mouse,80,171,1775547524808
mouse,76,170,1775547524815
mouse,72,170,1775547524822
mouse,68,170,1775547524828
mouse,64,170,1775547524835
mouse,59,169,1775547524843
mouse,55,169,1775547524849
mouse,50,168,1775547524856
mouse,44,167,1775547524863
mouse,40,167,1775547524870
mouse,36,166,1775547524877
mouse,32,166,1775547524884
mouse,29,166,1775547524891
mouse,26,165,1775547524898
mouse,24,165,1775547524905
mouse,23,165,1775547524912
mouse,22,165,1775547524919
mouse,21,165,1775547524926
mouse,20,165,1775547524933
mouse,18,164,1775547524954
mouse,16,164,1775547524961
mouse,15,164,1775547524970
mouse,14,164,1775547524974
mouse,13,164,1775547524981
mouse,12,164,1775547524988
mouse,11,164,1775547524999
mouse,10,164,1775547525003
mouse,10,163,1775547525053
mouse,11,163,1775547525062
mouse,11,162,1775547525071
mouse,12,162,1775547525072
mouse,13,162,1775547525080
mouse,14,162,1775547525088
mouse,14,161,1775547525092
mouse,15,161,1775547525099
mouse,16,161,1775547525106
mouse,17,161,1775547525113
mouse,17,160,1775547525121
mouse,18,160,1775547525128
mouse,18,159,1775547525331
mouse,68,0,1775547530258
mouse,69,2,1775547530262
mouse,70,5,1775547530266
mouse,72,10,1775547530273
mouse,75,15,1775547530280
mouse,76,18,1775547530287
mouse,77,22,1775547530294
mouse,80,25,1775547530301
mouse,80,27,1775547530308
mouse,81,30,1775547530315
mouse,82,32,1775547530322
mouse,84,34,1775547530329
mouse,84,37,1775547530336
mouse,85,40,1775547530342
mouse,87,43,1775547530349
mouse,88,46,1775547530356
mouse,89,49,1775547530363
mouse,89,52,1775547530370
mouse,91,55,1775547530377
mouse,92,57,1775547530384
mouse,92,59,1775547530392
mouse,93,61,1775547530398
mouse,93,63,1775547530406
mouse,94,65,1775547530412
mouse,95,66,1775547530419
mouse,95,68,1775547530427
mouse,96,69,1775547530434
mouse,96,71,1775547530441
mouse,97,73,1775547530448
mouse,97,74,1775547530457
mouse,98,77,1775547530464
mouse,100,79,1775547530470
mouse,100,81,1775547530474
mouse,101,82,1775547530481
mouse,101,84,1775547530488
mouse,102,85,1775547530495
mouse,102,86,1775547530502
mouse,103,86,1775547530597
mouse,104,86,1775547530604
mouse,104,85,1775547530624
mouse,105,85,1775547530629
mouse,105,84,1775547530640
mouse,105,83,1775547530644
mouse,106,83,1775547530648
mouse,107,83,1775547530655
mouse,107,82,1775547530662
mouse,108,82,1775547530669
mouse,108,81,1775547530690
mouse,108,79,1775547530711
mouse,108,78,1775547530731
mouse,108,77,1775547530854
mouse,108,76,1775547530863
mouse,107,75,1775547530868
mouse,106,75,1775547530873
mouse,106,74,1775547530877
mouse,106,73,1775547530887
mouse,105,71,1775547530892
mouse,104,69,1775547530898
mouse,104,66,1775547530905
mouse,104,63,1775547530912
mouse,103,61,1775547530919
mouse,102,58,1775547530926
mouse,101,54,1775547530933
mouse,101,50,1775547530939
mouse,100,47,1775547530946
mouse,99,42,1775547530954
mouse,98,39,1775547530960
mouse,97,34,1775547530967
mouse,97,30,1775547530974
mouse,96,26,1775547530981
mouse,95,22,1775547530988
mouse,95,18,1775547530995
mouse,93,15,1775547531002
mouse,93,12,1775547531009
mouse,92,10,1775547531016
mouse,92,7,1775547531024
mouse,92,6,1775547531030
mouse,91,3,1775547531037
mouse,91,1,1775547531044
mouse,91,0,1775547531050
mouse,92,1,1775547531814
mouse,92,2,1775547531815
mouse,93,10,1775547531822
mouse,96,20,1775547531828
mouse,98,28,1775547531835
mouse,100,35,1775547531842
mouse,101,40,1775547531849
mouse,103,45,1775547531856
mouse,104,50,1775547531863
mouse,104,54,1775547531871
mouse,105,58,1775547531877
mouse,106,61,1775547531884
mouse,107,64,1775547531891
mouse,108,66,1775547531898
mouse,108,68,1775547531905
mouse,108,70,1775547531912
mouse,109,71,1775547531919
mouse,109,72,1775547531926
mouse,110,72,1775547531947
mouse,110,73,1775547531954
mouse,110,74,1775547531962
mouse,110,75,1775547531970
mouse,111,76,1775547531975
mouse,111,77,1775547531981
mouse,112,78,1775547531988
mouse,112,79,1775547531995
mouse,112,80,1775547532002
mouse,113,80,1775547532009
mouse,114,81,1775547532016
mouse,114,82,1775547532023
mouse,116,83,1775547532030
mouse,116,85,1775547532038
mouse,118,86,1775547532044
mouse,120,88,1775547532051
mouse,120,90,1775547532058
mouse,121,90,1775547532065
mouse,122,91,1775547532072
mouse,122,92,1775547532080
mouse,122,94,1775547532164
mouse,122,95,1775547532171
mouse,122,96,1775547532176
mouse,122,98,1775547532183
mouse,122,100,1775547532190
mouse,122,102,1775547532197
mouse,122,103,1775547532204
mouse,120,106,1775547532211
mouse,120,108,1775547532217
mouse,118,110,1775547532224
mouse,116,113,1775547532231
mouse,113,115,1775547532238
mouse,111,118,1775547532246
mouse,108,119,1775547532252
mouse,106,121,1775547532259
mouse,103,122,1775547532266
mouse,100,123,1775547532273
mouse,97,124,1775547532280
mouse,95,125,1775547532287
mouse,92,126,1775547532295
mouse,90,126,1775547532301
mouse,88,127,1775547532308
mouse,85,127,1775547532315
mouse,84,128,1775547532322
mouse,82,129,1775547532329
mouse,81,129,1775547532335
mouse,80,130,1775547532343
mouse,79,130,1775547532349
mouse,77,131,1775547532356
mouse,76,131,1775547532363
mouse,76,132,1775547532370
mouse,75,133,1775547532377
mouse,73,133,1775547532384
mouse,72,134,1775547532391
mouse,72,135,1775547532399
mouse,72,136,1775547532405
mouse,71,137,1775547532412
mouse,69,138,1775547532419
mouse,68,139,1775547532426
mouse,68,141,1775547532433
mouse,67,143,1775547532441
mouse,66,144,1775547532447
mouse,65,146,1775547532453
mouse,64,148,1775547532460
mouse,64,150,1775547532467
mouse,61,151,1775547532474
mouse,60,153,1775547532481
mouse,58,154,1775547532488
mouse,56,155,1775547532495
mouse,55,156,1775547532502
mouse,54,157,1775547532509
mouse,52,157,1775547532516
mouse,51,157,1775547532524
mouse,50,157,1775547532530
mouse,49,158,1775547532538
mouse,48,158,1775547532544
mouse,46,158,1775547532551
mouse,44,158,1775547532558
mouse,42,158,1775547532565
mouse,40,158,1775547532572
mouse,38,158,1775547532579
mouse,36,158,1775547532586
mouse,35,158,1775547532606
mouse,35,157,1775547532650
click,35,157,1775547534293
click,35,157,1775547538580
click,35,157,1775547538580
click,35,157,1775547539830
mouse,35,158,1775547541761
mouse,36,158,1775547541813
mouse,36,159,1775547541815
mouse,36,160,1775547541836
mouse,36,161,1775547541857
mouse,36,162,1775547541902
mouse,36,163,1775547541935
mouse,37,163,1775547541940
mouse,37,164,1775547541961
mouse,37,165,1775547541968
mouse,37,166,1775547542010
mouse,38,166,1775547542017
mouse,39,166,1775547542039
mouse,39,167,1775547542045
mouse,40,167,1775547542051
mouse,40,168,1775547542058
mouse,40,169,1775547542097
mouse,41,168,1775547542174
mouse,41,167,1775547542181
mouse,41,166,1775547542197
mouse,41,165,1775547542218
mouse,41,164,1775547542226
mouse,41,163,1775547542237
mouse,40,162,1775547542259
mouse,39,162,1775547542280
mouse,38,162,1775547542287
mouse,38,161,1775547542300
mouse,37,161,1775547542306
mouse,37,160,1775547542311
mouse,36,160,1775547542329
mouse,36,159,1775547542390
mouse,964,83,1775547589024
mouse,964,84,1775547589030
mouse,963,84,1775547589236
mouse,962,84,1775547589239
mouse,960,83,1775547589246
mouse,959,83,1775547589253
mouse,957,83,1775547589260
mouse,955,83,1775547589267
mouse,953,83,1775547589274
mouse,951,82,1775547589281
mouse,946,82,1775547589287
mouse,943,82,1775547589294
mouse,938,82,1775547589301
mouse,934,82,1775547589310
mouse,927,82,1775547589316
mouse,923,82,1775547589322
mouse,916,82,1775547589329
mouse,911,82,1775547589336
mouse,903,82,1775547589343
mouse,896,82,1775547589350
mouse,888,82,1775547589357
mouse,882,82,1775547589364
mouse,875,84,1775547589371
mouse,868,85,1775547589378
mouse,861,85,1775547589385
mouse,852,86,1775547589392
mouse,841,86,1775547589398
mouse,831,86,1775547589405
mouse,818,87,1775547589412
mouse,802,87,1775547589419
mouse,782,87,1775547589426
mouse,759,86,1775547589433
mouse,731,85,1775547589440
mouse,697,82,1775547589447
mouse,659,79,1775547589454
mouse,617,77,1775547589461
mouse,568,73,1775547589468
mouse,530,72,1775547589475
mouse,490,72,1775547589482
mouse,452,73,1775547589489
mouse,414,76,1775547589496
mouse,379,80,1775547589503
mouse,347,84,1775547589509
mouse,321,88,1775547589517
mouse,289,92,1775547589523
mouse,268,94,1775547589530
mouse,243,98,1775547589537
mouse,223,100,1775547589544
mouse,204,102,1775547589551
mouse,188,103,1775547589558
mouse,173,105,1775547589565
mouse,162,106,1775547589572
mouse,154,106,1775547589579
mouse,148,106,1775547589586
mouse,144,106,1775547589593
mouse,140,107,1775547589601
mouse,138,107,1775547589607
mouse,137,107,1775547589615
mouse,136,107,1775547589694
mouse,135,107,1775547589711
mouse,134,107,1775547589719
mouse,132,108,1775547589725
mouse,131,108,1775547589735
mouse,130,108,1775547589739
mouse,129,109,1775547589746
mouse,128,109,1775547589753
mouse,127,110,1775547589760
mouse,125,110,1775547589767
mouse,124,110,1775547589773
mouse,122,111,1775547589781
mouse,120,114,1775547589788
mouse,117,115,1775547589794
mouse,115,118,1775547589801
mouse,112,122,1775547589808
mouse,110,126,1775547589815
mouse,108,129,1775547589822
mouse,106,131,1775547589829
mouse,104,134,1775547589836
mouse,103,135,1775547589843
mouse,100,137,1775547589850
mouse,99,138,1775547589858
mouse,97,139,1775547589864
mouse,95,140,1775547589871
mouse,92,141,1775547589878
mouse,89,142,1775547589885
mouse,87,142,1775547589892
mouse,84,142,1775547589899
mouse,80,143,1775547589905
mouse,77,143,1775547589912
mouse,74,144,1775547589919
mouse,71,145,1775547589926
mouse,67,145,1775547589933
mouse,63,146,1775547589940
mouse,60,146,1775547589947
mouse,56,146,1775547589954
mouse,52,147,1775547589961
mouse,48,147,1775547589968
mouse,44,147,1775547589975
mouse,40,147,1775547589983
mouse,38,148,1775547589989
mouse,35,148,1775547589996
mouse,33,148,1775547590003
mouse,31,148,1775547590011
mouse,30,148,1775547590017
mouse,28,148,1775547590024
mouse,27,148,1775547590037
mouse,27,149,1775547590267
mouse,28,149,1775547590275
mouse,29,149,1775547590374
mouse,29,150,1775547590378
mouse,30,150,1775547590385
mouse,31,150,1775547590392
mouse,32,151,1775547590399
mouse,33,151,1775547590407
mouse,33,152,1775547590415
mouse,34,152,1775547590450
mouse,958,82,1775547592831
mouse,959,82,1775547592831
mouse,958,82,1775547592917
mouse,957,82,1775547592919
mouse,956,82,1775547592926
mouse,955,82,1775547592933
mouse,952,82,1775547592940
mouse,949,83,1775547592947
mouse,947,84,1775547592954
mouse,943,84,1775547592961
mouse,940,85,1775547592968
mouse,935,86,1775547592975
mouse,930,86,1775547592982
mouse,924,87,1775547592989
mouse,918,89,1775547592996
mouse,911,90,1775547593003
mouse,903,91,1775547593010
mouse,893,93,1775547593017
mouse,884,94,1775547593024
mouse,874,95,1775547593030
mouse,861,98,1775547593037
mouse,848,98,1775547593044
mouse,831,101,1775547593051
mouse,812,104,1775547593058
mouse,790,106,1775547593065
mouse,764,110,1775547593072
mouse,734,114,1775547593079
mouse,700,118,1775547593086
mouse,664,124,1775547593093
mouse,627,131,1775547593100
mouse,589,139,1775547593107
mouse,553,148,1775547593114
mouse,517,158,1775547593121
mouse,484,168,1775547593128
mouse,452,176,1775547593135
mouse,422,183,1775547593142
mouse,392,191,1775547593149
mouse,361,197,1775547593155
mouse,336,202,1775547593162
mouse,305,206,1775547593169
mouse,278,209,1775547593176
mouse,252,212,1775547593183
mouse,230,214,1775547593190
mouse,211,218,1775547593197
mouse,196,221,1775547593204
mouse,184,222,1775547593211
mouse,174,225,1775547593218
mouse,168,226,1775547593225
mouse,162,227,1775547593232
mouse,158,228,1775547593239
mouse,154,228,1775547593246
mouse,151,229,1775547593253
mouse,148,230,1775547593260
mouse,144,230,1775547593267
mouse,142,230,1775547593273
mouse,137,231,1775547593281
mouse,133,231,1775547593288
mouse,128,231,1775547593294
mouse,122,231,1775547593301
mouse,117,232,1775547593308
mouse,112,233,1775547593315
mouse,108,234,1775547593322
mouse,104,234,1775547593329
mouse,99,235,1775547593336
mouse,95,236,1775547593343
mouse,91,237,1775547593350
mouse,87,238,1775547593357
mouse,84,238,1775547593364
mouse,80,239,1775547593371
mouse,77,240,1775547593378
mouse,74,240,1775547593385
mouse,72,240,1775547593392
mouse,68,240,1775547593399
mouse,65,240,1775547593406
mouse,61,240,1775547593412
mouse,56,240,1775547593420
mouse,52,238,1775547593426
mouse,48,238,1775547593433
mouse,44,236,1775547593440
mouse,40,234,1775547593447
mouse,37,234,1775547593454
mouse,36,232,1775547593461
mouse,33,230,1775547593468
mouse,32,230,1775547593475
mouse,32,227,1775547593482
mouse,31,225,1775547593489
mouse,30,222,1775547593496
mouse,29,219,1775547593503
mouse,29,217,1775547593510
mouse,29,212,1775547593517
mouse,29,210,1775547593523
mouse,28,206,1775547593530
mouse,28,202,1775547593537
mouse,28,198,1775547593544
mouse,28,195,1775547593551
mouse,28,192,1775547593558
mouse,28,189,1775547593565
mouse,28,186,1775547593572
mouse,28,182,1775547593580
mouse,28,179,1775547593586
mouse,28,176,1775547593593
mouse,28,174,1775547593600
mouse,28,173,1775547593607
mouse,28,170,1775547593614
mouse,28,169,1775547593621
mouse,28,166,1775547593629
mouse,28,165,1775547593635
mouse,28,164,1775547593643
mouse,27,164,1775547593649
mouse,27,163,1775547593656
mouse,27,162,1775547593663
mouse,27,161,1775547593677
mouse,27,160,1775547593688
mouse,27,159,1775547593691
mouse,27,158,1775547593698
mouse,27,157,1775547593711
mouse,26,157,1775547593713
mouse,26,156,1775547593732
mouse,26,155,1775547593739
mouse,26,154,1775547593764
mouse,956,90,1775547597614
mouse,955,90,1775547669515
mouse,953,90,1775547669519
mouse,950,90,1775547669525
mouse,943,89,1775547669531
mouse,935,88,1775547669538
mouse,924,86,1775547669545
mouse,914,85,1775547669552
mouse,902,82,1775547669559
mouse,894,81,1775547669566
mouse,890,79,1775547669573
mouse,888,78,1775547669581
mouse,887,76,1775547669587
mouse,887,74,1775547669594
mouse,888,72,1775547669601
mouse,891,70,1775547669608
mouse,895,66,1775547669615
mouse,899,62,1775547669622
mouse,903,58,1775547669629
mouse,907,54,1775547669635
mouse,910,49,1775547669642
mouse,913,45,1775547669649
mouse,915,41,1775547669656
mouse,916,38,1775547669663
mouse,917,34,1775547669670
mouse,918,32,1775547669677
mouse,920,31,1775547669684
mouse,920,30,1775547669691
mouse,919,30,1775547669714
mouse,918,31,1775547669719
mouse,912,37,1775547669726
mouse,905,43,1775547669733
mouse,894,53,1775547669740
mouse,879,65,1775547669746
mouse,862,78,1775547669753
mouse,842,94,1775547669760
mouse,818,110,1775547669767
mouse,791,125,1775547669774
mouse,767,139,1775547669781
mouse,738,156,1775547669788
mouse,712,173,1775547669795
mouse,688,190,1775547669802
mouse,673,203,1775547669809
mouse,661,215,1775547669816
mouse,655,223,1775547669823
mouse,652,226,1775547669830
mouse,655,226,1775547669851
mouse,656,225,1775547669858
mouse,658,222,1775547669865
mouse,659,218,1775547669872
mouse,658,211,1775547669879
mouse,653,202,1775547669885
mouse,644,187,1775547669892
mouse,628,166,1775547669899
mouse,612,143,1775547669906
mouse,591,114,1775547669913
mouse,566,81,1775547669920
mouse,537,45,1775547669927
mouse,505,6,1775547669934
mouse,96,5,1775547670222
mouse,91,14,1775547670226
mouse,82,27,1775547670233
mouse,75,40,1775547670240
mouse,68,50,1775547670247
mouse,64,58,1775547670254
mouse,60,65,1775547670260
mouse,55,70,1775547670268
mouse,52,74,1775547670274
mouse,48,79,1775547670281
mouse,46,83,1775547670288
mouse,44,86,1775547670295
mouse,41,90,1775547670302
mouse,39,94,1775547670309
mouse,37,98,1775547670316
mouse,36,101,1775547670324
mouse,34,105,1775547670330
mouse,32,108,1775547670337
mouse,32,111,1775547670344
mouse,31,115,1775547670351
mouse,31,118,1775547670358
mouse,31,119,1775547670365
mouse,31,122,1775547670372
mouse,31,123,1775547670379
mouse,31,124,1775547670386
mouse,31,126,1775547670393
mouse,31,127,1775547670399
mouse,31,129,1775547670406
mouse,31,130,1775547670413
mouse,31,131,1775547670420
mouse,31,132,1775547670433
mouse,31,133,1775547670450
mouse,30,133,1775547670457
mouse,30,134,1775547670462
mouse,29,134,1775547670469
mouse,28,135,1775547670476
mouse,28,136,1775547670483
mouse,26,138,1775547670490
mouse,25,141,1775547670497
mouse,24,142,1775547670504
mouse,23,145,1775547670510
mouse,22,147,1775547670517
mouse,20,150,1775547670524
mouse,20,153,1775547670531
mouse,20,155,1775547670538
mouse,20,158,1775547670545
mouse,19,159,1775547670552
mouse,19,161,1775547670559
mouse,952,78,1775547676941
mouse,952,79,1775547676986
mouse,950,79,1775547676991
mouse,948,80,1775547676997
mouse,947,80,1775547677004
mouse,945,80,1775547677011
mouse,943,81,1775547677018
mouse,940,82,1775547677025
mouse,937,82,1775547677032
mouse,933,82,1775547677038
mouse,930,83,1775547677045
mouse,924,84,1775547677052
mouse,918,86,1775547677059
mouse,909,87,1775547677066
mouse,899,90,1775547677073
mouse,886,92,1775547677080
mouse,869,94,1775547677087
mouse,850,97,1775547677094
mouse,826,99,1775547677101
mouse,796,102,1775547677108
mouse,761,105,1775547677115
mouse,721,108,1775547677122
mouse,678,112,1775547677129
mouse,637,115,1775547677136
mouse,597,117,1775547677142
mouse,561,120,1775547677149
mouse,535,122,1775547677156
mouse,503,125,1775547677163
mouse,480,126,1775547677170
mouse,458,128,1775547677177
mouse,437,130,1775547677184
mouse,418,131,1775547677191
mouse,401,132,1775547677198
mouse,385,134,1775547677205
mouse,371,136,1775547677212
mouse,360,137,1775547677219
mouse,352,138,1775547677226
mouse,344,139,1775547677233
mouse,338,142,1775547677240
mouse,334,142,1775547677247
mouse,330,144,1775547677253
mouse,327,145,1775547677260
mouse,324,146,1775547677267
mouse,321,147,1775547677274
mouse,319,149,1775547677281
mouse,317,150,1775547677288
mouse,316,151,1775547677295
mouse,314,153,1775547677302
mouse,312,154,1775547677309
mouse,309,154,1775547677316
mouse,306,156,1775547677323
mouse,304,157,1775547677330
mouse,300,158,1775547677337
mouse,296,159,1775547677344
mouse,292,161,1775547677352
mouse,289,162,1775547677358
mouse,285,163,1775547677365
mouse,281,165,1775547677372
mouse,279,165,1775547677379
mouse,276,166,1775547677387
mouse,275,166,1775547677393
mouse,273,166,1775547677399
mouse,271,166,1775547677406
mouse,269,166,1775547677414
mouse,268,166,1775547677420
mouse,267,166,1775547677427
mouse,264,166,1775547677434
mouse,261,166,1775547677442
mouse,258,166,1775547677448
mouse,254,166,1775547677455
mouse,249,166,1775547677462
mouse,244,166,1775547677469
mouse,238,166,1775547677476
mouse,230,166,1775547677483
mouse,225,166,1775547677490
mouse,217,166,1775547677498
mouse,210,166,1775547677503
mouse,203,166,1775547677510
mouse,196,166,1775547677517
mouse,187,166,1775547677524
mouse,179,166,1775547677531
mouse,169,166,1775547677538
mouse,161,165,1775547677545
mouse,152,165,1775547677552
mouse,144,165,1775547677559
mouse,136,165,1775547677566
mouse,129,165,1775547677573
mouse,123,165,1775547677580
mouse,118,166,1775547677587
mouse,113,166,1775547677594
mouse,109,166,1775547677601
mouse,105,167,1775547677608
mouse,101,167,1775547677616
mouse,99,168,1775547677622
mouse,96,168,1775547677629
mouse,94,168,1775547677637
mouse,92,168,1775547677642
mouse,90,168,1775547677651
mouse,89,168,1775547677656
mouse,87,168,1775547677663
mouse,84,168,1775547677670
mouse,83,168,1775547677677
mouse,81,168,1775547677684
mouse,80,168,1775547677691
mouse,78,168,1775547677698
mouse,76,168,1775547677705
mouse,75,168,1775547677716
mouse,74,168,1775547677720
mouse,73,168,1775547677729
mouse,72,168,1775547677734
mouse,71,168,1775547677745
mouse,70,168,1775547677747
mouse,69,168,1775547677754
mouse,67,167,1775547677762
mouse,64,167,1775547677767
mouse,62,166,1775547677774
mouse,60,166,1775547677781
mouse,58,165,1775547677788
mouse,55,165,1775547677795
mouse,52,164,1775547677802
mouse,50,163,1775547677809
mouse,48,163,1775547677816
mouse,46,162,1775547677823
mouse,44,161,1775547677830
mouse,42,161,1775547677837
mouse,40,161,1775547677844
mouse,40,160,1775547677851
mouse,38,160,1775547677858
mouse,37,160,1775547677866
mouse,37,159,1775547677872
mouse,36,159,1775547677948
mouse,940,78,1775547679552
mouse,941,78,1775547679552
mouse,940,78,1775547679586
mouse,939,78,1775547679591
mouse,938,78,1775547679594
mouse,936,78,1775547679601
mouse,932,78,1775547679608
mouse,928,78,1775547679615
mouse,926,78,1775547679622
mouse,915,78,1775547679629
mouse,905,77,1775547679636
mouse,899,76,1775547679644
mouse,878,76,1775547679650
mouse,865,76,1775547679657
mouse,844,76,1775547679664
mouse,822,76,1775547679672
mouse,801,76,1775547679677
mouse,770,76,1775547679685
mouse,745,77,1775547679691
mouse,712,79,1775547679698
mouse,679,82,1775547679705
mouse,640,85,1775547679712
mouse,611,89,1775547679719
mouse,577,92,1775547679726
mouse,546,97,1775547679733
mouse,515,101,1775547679740
mouse,484,106,1775547679747
mouse,455,110,1775547679754
mouse,425,117,1775547679761
mouse,399,122,1775547679767
mouse,375,126,1775547679774
mouse,348,131,1775547679781
mouse,325,135,1775547679788
mouse,303,139,1775547679795
mouse,284,142,1775547679802
mouse,264,144,1775547679809
mouse,247,146,1775547679816
mouse,231,149,1775547679823
mouse,218,150,1775547679830
mouse,204,152,1775547679837
mouse,193,154,1775547679844
mouse,184,155,1775547679851
mouse,175,157,1775547679858
mouse,167,158,1775547679865
mouse,160,159,1775547679872
mouse,154,160,1775547679879
mouse,148,162,1775547679885
mouse,144,163,1775547679893
mouse,138,165,1775547679899
mouse,133,166,1775547679906
mouse,129,166,1775547679913
mouse,124,167,1775547679920
mouse,122,169,1775547679927
mouse,118,170,1775547679934
mouse,114,170,1775547679941
mouse,110,171,1775547679948
mouse,106,172,1775547679955
mouse,103,173,1775547679962
mouse,97,174,1775547679969
mouse,92,174,1775547679976
mouse,87,175,1775547679983
mouse,82,176,1775547679990
mouse,76,177,1775547679998
mouse,72,178,1775547680004
mouse,68,178,1775547680010
mouse,66,178,1775547680018
mouse,64,178,1775547680024
mouse,63,178,1775547680034
mouse,62,179,1775547680040
mouse,61,179,1775547680046
mouse,60,179,1775547680053
mouse,59,179,1775547680060
mouse,58,179,1775547680066
mouse,57,179,1775547680076
mouse,56,179,1775547680080
mouse,55,179,1775547680091
mouse,54,179,1775547680094
mouse,53,179,1775547680101
mouse,52,179,1775547680108
mouse,50,179,1775547680115
mouse,48,178,1775547680122
mouse,47,178,1775547680129
mouse,46,177,1775547680136
mouse,44,176,1775547680143
mouse,43,176,1775547680155
mouse,43,175,1775547680158
mouse,42,175,1775547680163
mouse,42,174,1775547680170
mouse,41,174,1775547680191
mouse,40,173,1775547680212
mouse,40,172,1775547680219
mouse,40,171,1775547680230
mouse,39,171,1775547680233
mouse,39,170,1775547680240
mouse,38,170,1775547680247
mouse,38,169,1775547680254
mouse,37,168,1775547680261
mouse,36,168,1775547680269
mouse,36,167,1775547680275
mouse,36,166,1775547680282
mouse,36,165,1775547680304
mouse,36,164,1775547680327
mouse,36,163,1775547680333
mouse,35,163,1775547680337
mouse,34,162,1775547680345
mouse,33,161,1775547680391
click,39,162,1775547684211
click,36,153,1775547691775
click,36,153,1775547696086
mouse,35,153,1775547700156
mouse,32,153,1775547700165
mouse,28,153,1775547700172
mouse,24,153,1775547700178
mouse,16,153,1775547700184
mouse,6,152,1775547700191
mouse,0,152,1775547700195
mouse,0,151,1775547700197
mouse,0,271,1775547700745
mouse,0,271,1775547700749
mouse,4,272,1775547700754
mouse,7,273,1775547700761
mouse,8,273,1775547700768
mouse,8,274,1775547700799
mouse,8,276,1775547700816
mouse,9,278,1775547700823
mouse,9,279,1775547700830
mouse,9,281,1775547700837
mouse,9,282,1775547700844
mouse,9,283,1775547700852
mouse,8,284,1775547700862
mouse,8,285,1775547700865
mouse,4,286,1775547700872
mouse,0,286,1775547700879
mouse,0,287,1775547700886
mouse,0,223,1775547701922
mouse,0,222,1775547701990
mouse,2,222,1775547701998
mouse,4,222,1775547702006
mouse,5,222,1775547702011
mouse,7,221,1775547702018
mouse,8,221,1775547702025
mouse,8,220,1775547702032
mouse,9,220,1775547702039
mouse,10,220,1775547702046
mouse,12,220,1775547702053
mouse,13,220,1775547702059
mouse,16,220,1775547702067
mouse,18,220,1775547702073
mouse,20,220,1775547702080
mouse,22,220,1775547702087
mouse,24,220,1775547702094
mouse,24,219,1775547702140
mouse,24,218,1775547702185
mouse,24,217,1775547702196
mouse,24,216,1775547702200
mouse,23,215,1775547702206
mouse,22,214,1775547702212
mouse,20,211,1775547702219
mouse,17,210,1775547702226
mouse,13,207,1775547702233
mouse,8,205,1775547702240
mouse,4,203,1775547702247
mouse,0,202,1775547702252
mouse,0,201,1775547702254
mouse,0,148,1775547702870
mouse,0,147,1775547702875
mouse,0,147,1775547702882
mouse,1,146,1775547702887
mouse,4,146,1775547702893
mouse,6,146,1775547702900
mouse,8,145,1775547702907
mouse,11,144,1775547702915
mouse,13,144,1775547702920
mouse,15,143,1775547702928
mouse,17,142,1775547702935
mouse,20,142,1775547702942
mouse,22,142,1775547702949
mouse,24,141,1775547702955
mouse,28,140,1775547702962
mouse,30,140,1775547702969
mouse,32,140,1775547702976
mouse,36,139,1775547702983
mouse,37,138,1775547702990
mouse,40,138,1775547702997
mouse,41,138,1775547703004
mouse,44,138,1775547703011
mouse,45,138,1775547703019
mouse,47,138,1775547703025
mouse,48,137,1775547703032
mouse,49,137,1775547703040
mouse,50,136,1775547703046
mouse,51,136,1775547703053
mouse,50,136,1775547703151
mouse,48,136,1775547703157
mouse,44,136,1775547703164
mouse,41,136,1775547703171
mouse,36,137,1775547703178
mouse,32,137,1775547703184
mouse,26,138,1775547703191
mouse,20,138,1775547703198
mouse,13,139,1775547703205
mouse,7,140,1775547703212
mouse,0,142,1775547703219
mouse,0,142,1775547703223
mouse,0,150,1775547704382
mouse,0,151,1775547704400
mouse,0,151,1775547704408
mouse,0,152,1775547704416
mouse,1,152,1775547704435
mouse,2,152,1775547704485
mouse,3,152,1775547704507
mouse,5,154,1775547704512
mouse,8,155,1775547704519
mouse,12,158,1775547704525
mouse,16,159,1775547704532
mouse,19,160,1775547704540
mouse,20,160,1775547704546
mouse,21,160,1775547704634
mouse,22,159,1775547704652
mouse,23,159,1775547704657
mouse,24,158,1775547704664
mouse,22,157,1775547708766
mouse,21,157,1775547708769
mouse,19,157,1775547708775
mouse,16,157,1775547708782
mouse,14,157,1775547708790
mouse,11,157,1775547708795
mouse,8,158,1775547708802
mouse,6,158,1775547708809
mouse,4,158,1775547708816
mouse,2,158,1775547708823
mouse,0,158,1775547708830
mouse,0,158,1775547708837
mouse,0,164,1775547710292
mouse,0,165,1775547710296
mouse,0,165,1775547710316
mouse,1,165,1775547710325
mouse,3,165,1775547710330
mouse,4,165,1775547710337
mouse,5,166,1775547710346
mouse,6,166,1775547710351
mouse,8,166,1775547710358
mouse,9,166,1775547710365
mouse,10,166,1775547710372
mouse,12,166,1775547710379
mouse,13,166,1775547710386
mouse,15,166,1775547710393
mouse,16,167,1775547710400
mouse,18,168,1775547710407
mouse,19,169,1775547710414
mouse,20,169,1775547710421
mouse,22,169,1775547710428
mouse,23,169,1775547710437
mouse,24,170,1775547710442
mouse,25,170,1775547710462
mouse,26,170,1775547710469
mouse,27,170,1775547710535
mouse,28,170,1775547710557
mouse,29,170,1775547710640
mouse,30,170,1775547710647
mouse,31,170,1775547710655
mouse,32,170,1775547710659
mouse,34,169,1775547710678
mouse,34,168,1775547710685
mouse,35,167,1775547710692
mouse,36,167,1775547710699
mouse,36,166,1775547710706
mouse,37,166,1775547714367
mouse,37,167,1775547714375
mouse,38,169,1775547714379
mouse,38,170,1775547714386
mouse,39,173,1775547714393
mouse,40,175,1775547714400
mouse,40,178,1775547714407
mouse,42,182,1775547714414
mouse,43,186,1775547714421
mouse,44,190,1775547714428
mouse,45,194,1775547714435
mouse,46,200,1775547714442
mouse,46,203,1775547714448
mouse,47,208,1775547714455
mouse,48,212,1775547714462
mouse,48,215,1775547714469
mouse,49,219,1775547714476
mouse,50,222,1775547714483
mouse,50,225,1775547714490
mouse,51,228,1775547714497
mouse,51,230,1775547714504
mouse,52,232,1775547714511
mouse,52,234,1775547714518
mouse,52,235,1775547714539
mouse,52,236,1775547714546
mouse,52,237,1775547714623
mouse,52,238,1775547714651
mouse,52,239,1775547714685
mouse,52,240,1775547714694
mouse,52,241,1775547714703
mouse,52,242,1775547714706
mouse,53,242,1775547714712
mouse,53,243,1775547714719
mouse,53,244,1775547714726
mouse,54,244,1775547714733
mouse,54,246,1775547714741
mouse,54,247,1775547714766
mouse,54,248,1775547714774
mouse,54,249,1775547714801
mouse,54,248,1775547715149
mouse,54,247,1775547715158
mouse,54,246,1775547715165
mouse,54,245,1775547715171
mouse,54,242,1775547715178
mouse,53,238,1775547715186
mouse,53,234,1775547715191
mouse,52,228,1775547715199
mouse,52,223,1775547715205
mouse,51,214,1775547715213
mouse,50,206,1775547715219
mouse,48,197,1775547715226
mouse,47,190,1775547715233
mouse,46,182,1775547715240
mouse,45,174,1775547715247
mouse,44,169,1775547715254
mouse,44,165,1775547715261
mouse,44,162,1775547715268
mouse,44,160,1775547715275
mouse,44,159,1775547715283
mouse,44,158,1775547715289
mouse,43,157,1775547715310
mouse,43,156,1775547715323
mouse,43,155,1775547715338
mouse,42,155,1775547715386
mouse,42,154,1775547715395
mouse,43,155,1775547722308
mouse,43,156,1775547722316
mouse,43,157,1775547722320
mouse,44,157,1775547722326
mouse,44,158,1775547722332
mouse,45,158,1775547722338
mouse,46,161,1775547722345
mouse,47,162,1775547722351
mouse,48,163,1775547722358
mouse,48,165,1775547722365
mouse,49,166,1775547722372
mouse,50,168,1775547722379
mouse,51,171,1775547722386
mouse,51,174,1775547722393
mouse,52,177,1775547722400
mouse,52,179,1775547722407
mouse,53,182,1775547722414
mouse,53,184,1775547722421
mouse,53,186,1775547722428
mouse,54,187,1775547722435
mouse,55,188,1775547722442
mouse,55,190,1775547722449
mouse,55,191,1775547722459
mouse,55,192,1775547722464
mouse,55,191,1775547722563
mouse,55,190,1775547722567
mouse,55,189,1775547722574
mouse,55,188,1775547722581
mouse,55,186,1775547722587
mouse,55,185,1775547722595
mouse,55,183,1775547722601
mouse,55,181,1775547722608
mouse,55,179,1775547722615
mouse,55,178,1775547722623
mouse,55,175,1775547722630
mouse,54,174,1775547722636
mouse,54,171,1775547722643
mouse,54,170,1775547722650
mouse,52,167,1775547722657
mouse,52,166,1775547722664
mouse,51,164,1775547722671
mouse,50,162,1775547722678
mouse,50,160,1775547722685
mouse,49,159,1775547722692
mouse,48,158,1775547722699
mouse,48,157,1775547722706
mouse,48,156,1775547722713
mouse,48,155,1775547722734
mouse,48,154,1775547726094
mouse,49,153,1775547726115
mouse,50,152,1775547726122
mouse,51,152,1775547726129
mouse,52,152,1775547726156
mouse,53,152,1775547726223
mouse,55,152,1775547726241
mouse,56,152,1775547726249
mouse,57,152,1775547726254
mouse,58,152,1775547726261
mouse,60,152,1775547726269
mouse,62,152,1775547726275
mouse,65,152,1775547726282
mouse,69,152,1775547726289
mouse,73,152,1775547726296
mouse,78,152,1775547726303
mouse,83,152,1775547726310
mouse,87,150,1775547726318
mouse,91,150,1775547726323
mouse,96,150,1775547726330
mouse,100,149,1775547726337
mouse,104,149,1775547726345
mouse,106,149,1775547726351
mouse,111,149,1775547726359
mouse,113,149,1775547726365
mouse,119,150,1775547726373
mouse,123,152,1775547726379
mouse,128,155,1775547726386
mouse,135,158,1775547726393
mouse,141,162,1775547726400
mouse,149,167,1775547726407
mouse,157,173,1775547726414
mouse,166,178,1775547726421
mouse,175,183,1775547726428
mouse,184,189,1775547726435
mouse,193,194,1775547726442
mouse,203,200,1775547726448
mouse,213,206,1775547726456
mouse,220,210,1775547726462
mouse,227,213,1775547726469
mouse,235,217,1775547726476
mouse,242,219,1775547726483
mouse,250,222,1775547726490
mouse,257,222,1775547726497
mouse,267,225,1775547726504
mouse,273,226,1775547726511
mouse,281,226,1775547726518
mouse,290,226,1775547726525
mouse,297,225,1775547726532
mouse,306,222,1775547726539
mouse,312,221,1775547726546
mouse,321,218,1775547726553
mouse,327,215,1775547726560
mouse,334,213,1775547726567
mouse,340,210,1775547726573
mouse,346,207,1775547726581
mouse,352,204,1775547726587
mouse,357,202,1775547726594
mouse,361,199,1775547726601
mouse,365,196,1775547726608
mouse,368,194,1775547726615
mouse,370,192,1775547726622
mouse,371,191,1775547726629
mouse,372,191,1775547726648
click,372,191,1775547726760
mouse,372,191,1775547726762
mouse,372,192,1775547726789
mouse,372,193,1775547726796
mouse,371,194,1775547726804
mouse,371,196,1775547726810
mouse,370,198,1775547726817
mouse,369,202,1775547726824
mouse,369,207,1775547726830
mouse,368,214,1775547726837
mouse,368,223,1775547726844
mouse,368,236,1775547726851
mouse,368,250,1775547726858
mouse,369,269,1775547726865
mouse,372,290,1775547726872
mouse,376,312,1775547726879
mouse,380,330,1775547726886
mouse,384,351,1775547726893
mouse,388,367,1775547726900
mouse,392,382,1775547726907
mouse,396,394,1775547726914
mouse,399,402,1775547726921
mouse,400,407,1775547726928
mouse,402,410,1775547726935
mouse,403,413,1775547726942
mouse,404,414,1775547726949
mouse,404,416,1775547726957
mouse,404,417,1775547726963
mouse,404,418,1775547727213
mouse,404,420,1775547727239
mouse,404,421,1775547727247
mouse,404,422,1775547727251
mouse,403,422,1775547727256
mouse,403,423,1775547727261
mouse,403,425,1775547727268
mouse,402,426,1775547727275
mouse,401,428,1775547727282
mouse,401,430,1775547727289
mouse,401,431,1775547727296
mouse,400,433,1775547727302
mouse,400,434,1775547727310
mouse,399,435,1775547727317
mouse,399,436,1775547727326
click,399,436,1775547727387
mouse,399,436,1775547727394
mouse,399,435,1775547727430
mouse,399,434,1775547727439
mouse,398,434,1775547727443
mouse,397,433,1775547727450
mouse,396,431,1775547727455
mouse,394,429,1775547727462
mouse,391,427,1775547727469
mouse,384,423,1775547727477
mouse,379,420,1775547727483
mouse,370,416,1775547727490
mouse,359,410,1775547727497
mouse,347,404,1775547727504
mouse,335,398,1775547727511
mouse,323,393,1775547727518
mouse,310,388,1775547727525
mouse,299,383,1775547727532
mouse,288,378,1775547727539
mouse,280,373,1775547727546
mouse,272,368,1775547727553
mouse,264,363,1775547727560
mouse,258,358,1775547727566
mouse,252,354,1775547727573
mouse,246,349,1775547727580
mouse,241,344,1775547727587
mouse,236,339,1775547727594
mouse,233,335,1775547727601
mouse,230,333,1775547727608
mouse,228,330,1775547727616
mouse,228,329,1775547727623
mouse,226,329,1775547727629
mouse,225,327,1775547727636
mouse,225,326,1775547727643
mouse,225,325,1775547727655
mouse,224,325,1775547727664
mouse,224,324,1775547727665
mouse,224,323,1775547727671
mouse,224,322,1775547727678
mouse,224,321,1775547727699
mouse,224,318,1775547727706
mouse,225,318,1775547727713
mouse,227,315,1775547727721
mouse,227,314,1775547727726
mouse,228,311,1775547727734
mouse,230,310,1775547727740
mouse,231,307,1775547727748
mouse,232,305,1775547727754
mouse,235,302,1775547727761
mouse,237,298,1775547727769
mouse,240,294,1775547727775
mouse,242,290,1775547727782
mouse,244,285,1775547727789
mouse,247,281,1775547727796
mouse,249,276,1775547727803
mouse,252,272,1775547727810
mouse,254,267,1775547727817
mouse,256,263,1775547727824
mouse,258,259,1775547727832
mouse,260,255,1775547727837
mouse,262,252,1775547727844
mouse,264,246,1775547727851
mouse,266,242,1775547727859
mouse,268,238,1775547727865
mouse,271,233,1775547727872
mouse,272,229,1775547727879
mouse,275,222,1775547727886
mouse,276,219,1775547727893
mouse,277,214,1775547727900
mouse,278,210,1775547727907
mouse,280,207,1775547727914
mouse,280,204,1775547727921
mouse,281,202,1775547727928
mouse,281,198,1775547727935
mouse,282,197,1775547727942
mouse,282,195,1775547727949
mouse,282,194,1775547727960
mouse,283,194,1775547727966
mouse,283,193,1775547727974
mouse,283,192,1775547727978
mouse,283,191,1775547727989
mouse,283,190,1775547727993
mouse,283,189,1775547728011
mouse,283,188,1775547728019
mouse,284,188,1775547728027
mouse,284,186,1775547728032
mouse,284,185,1775547728044
mouse,284,184,1775547728046
mouse,284,183,1775547728053
mouse,284,182,1775547728060
mouse,284,180,1775547728067
mouse,284,178,1775547728074
mouse,285,178,1775547728081
mouse,285,176,1775547728088
mouse,285,174,1775547728095
mouse,285,173,1775547728102
mouse,285,171,1775547728108
mouse,285,170,1775547728115
mouse,285,169,1775547728122
mouse,286,167,1775547728129
mouse,286,166,1775547728136
mouse,286,165,1775547728143
mouse,287,162,1775547728150
mouse,287,161,1775547728158
mouse,287,160,1775547728164
mouse,287,159,1775547728171
click,287,159,1775547728262
mouse,286,159,1775547728308
mouse,285,159,1775547728310
mouse,283,159,1775547728317
mouse,280,159,1775547728324
mouse,276,159,1775547728331
mouse,272,159,1775547728337
mouse,268,159,1775547728344
mouse,262,160,1775547728351
mouse,256,161,1775547728358
mouse,248,161,1775547728365
mouse,240,162,1775547728372
mouse,232,164,1775547728379
mouse,223,165,1775547728386
mouse,213,166,1775547728393
mouse,204,168,1775547728400
mouse,194,169,1775547728407
mouse,185,170,1775547728414
mouse,176,171,1775547728421
mouse,168,173,1775547728428
mouse,160,174,1775547728435
mouse,152,174,1775547728442
mouse,146,175,1775547728449
mouse,140,176,1775547728455
mouse,133,178,1775547728462
mouse,128,178,1775547728469
mouse,122,178,1775547728476
mouse,117,179,1775547728483
mouse,113,179,1775547728490
mouse,108,180,1775547728498
mouse,106,180,1775547728504
mouse,103,180,1775547728511
mouse,100,180,1775547728518
mouse,97,181,1775547728525
mouse,95,181,1775547728533
mouse,92,181,1775547728539
mouse,91,181,1775547728546
mouse,88,181,1775547728553
mouse,85,181,1775547728560
mouse,84,181,1775547728567
mouse,81,182,1775547728574
mouse,79,182,1775547728581
mouse,76,182,1775547728589
mouse,75,182,1775547728594
mouse,72,182,1775547728601
mouse,71,182,1775547728609
mouse,68,182,1775547728616
mouse,67,182,1775547728622
mouse,65,182,1775547728629
mouse,64,182,1775547728636
mouse,63,182,1775547728643
mouse,62,182,1775547728653
mouse,61,182,1775547728658
mouse,60,182,1775547728666
mouse,60,181,1775547728673
mouse,59,181,1775547728678
mouse,58,181,1775547728685
mouse,57,181,1775547728692
mouse,56,181,1775547728699
mouse,55,180,1775547728706
mouse,54,179,1775547728713
mouse,53,178,1775547728720
mouse,52,178,1775547728727
mouse,51,178,1775547728747
mouse,51,177,1775547728773
mouse,50,177,1775547728777
mouse,49,176,1775547728796
mouse,49,175,1775547728803
mouse,49,174,1775547728810
mouse,48,174,1775547728817
mouse,48,173,1775547728825
mouse,47,173,1775547728832
mouse,47,171,1775547728838
mouse,47,170,1775547728844
mouse,46,170,1775547728851
mouse,46,169,1775547728858
mouse,45,169,1775547728865
mouse,45,168,1775547728872
mouse,45,166,1775547728879
mouse,44,166,1775547728887
mouse,44,165,1775547728894
mouse,44,164,1775547728914
mouse,44,163,1775547728921
mouse,44,162,1775547728928
mouse,44,161,1775547728968
mouse,950,86,1775547733206
mouse,951,87,1775547733206
mouse,950,87,1775547733212
mouse,949,87,1775547733256
mouse,948,87,1775547733275
mouse,947,87,1775547733296
mouse,946,87,1775547733303
mouse,945,87,1775547733310
mouse,944,87,1775547733317
mouse,943,87,1775547733326
mouse,942,87,1775547733332
mouse,940,87,1775547733337
mouse,939,87,1775547733344
mouse,937,87,1775547733351
mouse,936,87,1775547733358
mouse,934,87,1775547733365
mouse,932,87,1775547733372
mouse,931,87,1775547733379
mouse,929,87,1775547733386
mouse,927,87,1775547733393
mouse,925,87,1775547733400
mouse,923,87,1775547733408
mouse,920,87,1775547733414
mouse,918,87,1775547733421
mouse,915,87,1775547733428
mouse,912,87,1775547733435
mouse,908,87,1775547733442
mouse,904,87,1775547733449
mouse,900,87,1775547733456
mouse,895,87,1775547733462
mouse,890,87,1775547733469
mouse,884,87,1775547733476
mouse,879,87,1775547733483
mouse,872,87,1775547733491
mouse,866,87,1775547733497
mouse,860,87,1775547733504
mouse,854,88,1775547733511
mouse,849,89,1775547733518
mouse,844,89,1775547733525
mouse,838,89,1775547733532
mouse,832,90,1775547733539
mouse,826,90,1775547733546
mouse,820,90,1775547733553
mouse,814,90,1775547733560
mouse,808,91,1775547733567
mouse,801,92,1775547733574
mouse,795,93,1775547733581
mouse,787,94,1775547733588
mouse,780,95,1775547733595
mouse,774,96,1775547733601
mouse,768,96,1775547733609
mouse,760,98,1775547733616
mouse,752,98,1775547733622
mouse,744,99,1775547733629
mouse,739,101,1775547733636
mouse,733,101,1775547733643
mouse,728,102,1775547733650
mouse,723,103,1775547733657
mouse,718,104,1775547733664
mouse,713,104,1775547733671
mouse,709,105,1775547733678
mouse,704,106,1775547733685
mouse,700,106,1775547733692
mouse,696,106,1775547733699
mouse,692,107,1775547733706
mouse,688,108,1775547733713
mouse,684,108,1775547733719
mouse,680,109,1775547733726
mouse,675,110,1775547733733
mouse,671,111,1775547733740
mouse,667,112,1775547733747
mouse,662,113,1775547733754
mouse,657,114,1775547733761
mouse,653,114,1775547733768
mouse,649,115,1775547733775
mouse,647,116,1775547733782
mouse,643,118,1775547733789
mouse,640,118,1775547733796
mouse,636,118,1775547733803
mouse,635,120,1775547733810
mouse,632,120,1775547733817
mouse,629,121,1775547733824
mouse,627,122,1775547733830
mouse,624,122,1775547733837
mouse,621,122,1775547733844
mouse,619,123,1775547733851
mouse,616,124,1775547733858
mouse,613,124,1775547733865
mouse,610,125,1775547733872
mouse,607,125,1775547733879
mouse,604,126,1775547733886
mouse,600,126,1775547733893
mouse,597,126,1775547733900
mouse,595,127,1775547733907
mouse,591,127,1775547733914
mouse,587,129,1775547733921
mouse,582,130,1775547733928
mouse,579,130,1775547733935
mouse,575,130,1775547733942
mouse,571,131,1775547733949
mouse,567,132,1775547733955
mouse,563,132,1775547733962
mouse,560,133,1775547733969
mouse,556,134,1775547733976
mouse,552,134,1775547733983
mouse,549,134,1775547733990
mouse,546,135,1775547733997
mouse,544,136,1775547734004
mouse,541,136,1775547734011
mouse,538,136,1775547734018
mouse,536,137,1775547734025
mouse,533,137,1775547734032
mouse,530,138,1775547734039
mouse,528,138,1775547734046
mouse,525,138,1775547734053
mouse,523,138,1775547734060
mouse,520,138,1775547734067
mouse,516,139,1775547734074
mouse,514,139,1775547734081
mouse,512,140,1775547734087
mouse,508,140,1775547734094
mouse,504,140,1775547734101
mouse,501,140,1775547734108
mouse,498,141,1775547734115
mouse,494,141,1775547734122
mouse,492,142,1775547734129
mouse,488,142,1775547734136
mouse,486,142,1775547734143
mouse,482,142,1775547734150
mouse,479,142,1775547734157
mouse,476,143,1775547734164
mouse,473,144,1775547734171
mouse,470,144,1775547734178
mouse,467,144,1775547734185
mouse,464,144,1775547734192
mouse,460,145,1775547734199
mouse,458,145,1775547734206
mouse,454,145,1775547734212
mouse,451,145,1775547734219
mouse,448,145,1775547734226
mouse,445,145,1775547734233
mouse,443,145,1775547734240
mouse,441,145,1775547734247
mouse,440,145,1775547734254
mouse,438,145,1775547734261
mouse,436,145,1775547734268
mouse,435,145,1775547734276
mouse,434,145,1775547734282
mouse,432,145,1775547734289
mouse,431,145,1775547734299
mouse,430,145,1775547734307
mouse,429,145,1775547734311
mouse,428,145,1775547734317
mouse,427,145,1775547734325
mouse,426,145,1775547734332
mouse,424,145,1775547734339
mouse,423,145,1775547734348
mouse,422,145,1775547734354
mouse,421,145,1775547734358
mouse,420,145,1775547734365
mouse,419,145,1775547734372
mouse,418,145,1775547734379
mouse,416,145,1775547734387
mouse,415,145,1775547734394
mouse,414,145,1775547734401
mouse,413,145,1775547734407
mouse,412,145,1775547734415
mouse,411,145,1775547734421
mouse,409,146,1775547734428
mouse,408,146,1775547734436
mouse,407,146,1775547734443
mouse,406,146,1775547734454
mouse,405,146,1775547734456
mouse,404,146,1775547734467
mouse,403,146,1775547734483
mouse,402,146,1775547734491
mouse,401,146,1775547734499
mouse,400,146,1775547734520
mouse,399,146,1775547734552
mouse,398,146,1775547734583
mouse,397,146,1775547734621
mouse,396,146,1775547734812
mouse,395,146,1775547734831
mouse,393,146,1775547734838
mouse,389,147,1775547734845
mouse,382,147,1775547734851
mouse,372,147,1775547734858
mouse,356,147,1775547734865
mouse,332,146,1775547734872
mouse,297,144,1775547734879
mouse,259,142,1775547734886
mouse,214,140,1775547734893
mouse,173,138,1775547734900
mouse,120,137,1775547734907
mouse,62,137,1775547734914
mouse,8,137,1775547734920
mouse,0,137,1775547734921
mouse,0,454,1775551143678
mouse,5,452,1775551143678
mouse,20,447,1775551143685
mouse,116,422,1775551143693
mouse,165,409,1775551143699
mouse,211,396,1775551143705
mouse,249,383,1775551143712
mouse,281,370,1775551143719
mouse,307,362,1775551143726
mouse,331,352,1775551143733
mouse,352,343,1775551143740
mouse,370,334,1775551143747
mouse,388,325,1775551143754
mouse,403,318,1775551143761
mouse,417,310,1775551143768
mouse,431,302,1775551143775
mouse,441,296,1775551143782
mouse,451,291,1775551143789
mouse,458,287,1775551143796
mouse,464,283,1775551143802
mouse,469,281,1775551143809
mouse,474,278,1775551143816
mouse,478,275,1775551143823
mouse,481,274,1775551143830
mouse,484,271,1775551143837
mouse,485,270,1775551143844
mouse,487,270,1775551143851
mouse,489,269,1775551143858
mouse,490,269,1775551143866
mouse,491,269,1775551143873
mouse,491,268,1775551143879
mouse,492,268,1775551143889
mouse,493,268,1775551143899
mouse,496,268,1775551143913
mouse,497,268,1775551143922
mouse,497,269,1775551143931
mouse,498,269,1775551143934
mouse,499,270,1775551143941
mouse,499,271,1775551143962
mouse,498,272,1775551143969
mouse,497,272,1775551143976
mouse,496,273,1775551143983
mouse,496,274,1775551143990
mouse,495,274,1775551143997
mouse,494,275,1775551144004
mouse,494,276,1775551144013
mouse,493,276,1775551144032
mouse,492,276,1775551144039
mouse,491,276,1775551144046
mouse,488,276,1775551144052
mouse,486,276,1775551144059
mouse,484,276,1775551144066
mouse,481,276,1775551144073
mouse,478,276,1775551144080
mouse,474,276,1775551144087
mouse,469,275,1775551144094
mouse,465,274,1775551144101
mouse,459,272,1775551144108
mouse,453,270,1775551144115
mouse,446,267,1775551144122
mouse,440,265,1775551144129
mouse,432,262,1775551144136
mouse,427,260,1775551144143
mouse,422,258,1775551144150
mouse,419,257,1775551144157
mouse,416,255,1775551144163
mouse,414,254,1775551144170
mouse,412,253,1775551144177
mouse,412,252,1775551144184
mouse,410,251,1775551144191
mouse,408,249,1775551144198
mouse,408,246,1775551144205
mouse,405,244,1775551144212
mouse,403,241,1775551144219
mouse,400,238,1775551144226
mouse,398,235,1775551144233
mouse,396,231,1775551144240
mouse,393,230,1775551144248
mouse,392,230,1775551144254
mouse,392,229,1775551144261
mouse,391,229,1775551144269
mouse,391,228,1775551144290
mouse,391,228,1775551144318
click,391,228,1775551144396
mouse,390,228,1775551144476
mouse,389,227,1775551144483
mouse,387,226,1775551144490
mouse,384,226,1775551144497
mouse,380,225,1775551144504
mouse,376,223,1775551144511
mouse,372,221,1775551144518
mouse,365,219,1775551144525
mouse,358,217,1775551144532
mouse,351,214,1775551144538
mouse,342,213,1775551144545
mouse,332,210,1775551144552
mouse,323,208,1775551144559
mouse,312,206,1775551144566
mouse,300,203,1775551144573
mouse,288,199,1775551144581
mouse,277,198,1775551144587
mouse,267,195,1775551144595
mouse,248,191,1775551144602
mouse,236,189,1775551144608
mouse,224,186,1775551144615
mouse,212,185,1775551144622
mouse,201,183,1775551144629
mouse,192,182,1775551144636
mouse,184,182,1775551144643
mouse,177,181,1775551144650
mouse,172,180,1775551144657
mouse,168,179,1775551144663
mouse,164,179,1775551144670
mouse,160,178,1775551144677
mouse,156,178,1775551144684
mouse,154,177,1775551144692
mouse,152,177,1775551144698
mouse,149,176,1775551144705
mouse,147,176,1775551144712
mouse,144,175,1775551144719
mouse,143,175,1775551144726
mouse,141,175,1775551144733
mouse,140,174,1775551144740
mouse,138,174,1775551144747
mouse,136,174,1775551144754
mouse,136,173,1775551144867
mouse,137,173,1775551144879
mouse,137,172,1775551144881
mouse,140,171,1775551144887
mouse,141,171,1775551144893
mouse,145,170,1775551144901
mouse,148,169,1775551144906
mouse,152,168,1775551144913
mouse,156,167,1775551144920
mouse,161,165,1775551144927
mouse,166,163,1775551144934
mouse,172,162,1775551144941
mouse,178,160,1775551144948
mouse,185,158,1775551144955
mouse,192,156,1775551144962
mouse,199,154,1775551144969
mouse,207,152,1775551144976
mouse,213,150,1775551144983
mouse,221,147,1775551144991
mouse,225,145,1775551144997
mouse,229,142,1775551145004
mouse,232,142,1775551145011
mouse,236,141,1775551145018
mouse,237,140,1775551145024
mouse,239,139,1775551145032
mouse,240,138,1775551145040
mouse,239,138,1775551145099
mouse,238,138,1775551145102
mouse,236,139,1775551145108
mouse,232,140,1775551145115
mouse,227,142,1775551145123
mouse,222,142,1775551145129
mouse,214,144,1775551145136
mouse,206,145,1775551145143
mouse,196,148,1775551145150
mouse,185,150,1775551145156
mouse,172,151,1775551145163
mouse,158,152,1775551145170
mouse,144,154,1775551145177
mouse,130,155,1775551145184
mouse,118,156,1775551145191
mouse,107,158,1775551145198
mouse,96,158,1775551145205
mouse,87,158,1775551145212
mouse,80,159,1775551145219
mouse,73,160,1775551145226
mouse,68,160,1775551145233
mouse,64,161,1775551145240
mouse,60,162,1775551145247
mouse,57,162,1775551145254
mouse,56,162,1775551145261
mouse,53,162,1775551145268
mouse,52,162,1775551145275
mouse,51,162,1775551145282
mouse,50,162,1775551145288
mouse,49,162,1775551145295
mouse,48,162,1775551145302
mouse,47,162,1775551145313
mouse,46,162,1775551145318
mouse,45,162,1775551145328
mouse,44,162,1775551145332
mouse,43,162,1775551145351
mouse,42,162,1775551145358
mouse,41,162,1775551152006
mouse,40,162,1775551152012
mouse,36,162,1775551152019
mouse,34,162,1775551152025
mouse,29,162,1775551152034
mouse,23,163,1775551152041
mouse,19,164,1775551152045
mouse,11,164,1775551152052
mouse,1,165,1775551152059
mouse,0,165,1775551152061
mouse,0,166,1775551152063
mouse,0,309,1775551153718
mouse,0,309,1775551153722
mouse,2,309,1775551153727
mouse,7,309,1775551153734
mouse,11,308,1775551153740
mouse,15,308,1775551153747
mouse,19,307,1775551153754
mouse,22,306,1775551153761
mouse,26,306,1775551153768
mouse,28,306,1775551153775
mouse,32,305,1775551153782
mouse,35,305,1775551153789
mouse,38,304,1775551153796
mouse,41,303,1775551153803
mouse,44,302,1775551153809
mouse,48,302,1775551153816
mouse,50,300,1775551153823
mouse,53,300,1775551153830
mouse,56,298,1775551153837
mouse,57,298,1775551153844
mouse,59,297,1775551153851
mouse,60,296,1775551153858
mouse,63,295,1775551153866
mouse,65,294,1775551153872
mouse,68,293,1775551153879
mouse,72,292,1775551153886
mouse,75,291,1775551153893
mouse,80,290,1775551153900
mouse,84,289,1775551153907
mouse,88,287,1775551153914
mouse,93,286,1775551153921
mouse,97,284,1775551153927
mouse,101,283,1775551153934
mouse,104,282,1775551153941
mouse,107,281,1775551153948
mouse,108,279,1775551153955
mouse,109,278,1775551153963
mouse,111,278,1775551153970
mouse,112,278,1775551153976
mouse,112,277,1775551153987
mouse,112,276,1775551153991
mouse,113,276,1775551153997
mouse,114,275,1775551154004
mouse,116,274,1775551154011
mouse,116,272,1775551154019
mouse,118,271,1775551154025
mouse,120,269,1775551154032
mouse,122,267,1775551154039
mouse,124,265,1775551154046
mouse,126,262,1775551154052
mouse,128,259,1775551154059
mouse,132,257,1775551154066
mouse,134,254,1775551154073
mouse,136,252,1775551154080
mouse,137,250,1775551154087
mouse,140,246,1775551154095
mouse,141,245,1775551154101
mouse,144,242,1775551154108
mouse,145,241,1775551154115
mouse,148,238,1775551154122
mouse,150,235,1775551154129
mouse,152,233,1775551154136
mouse,155,230,1775551154143
mouse,156,229,1775551154150
mouse,158,226,1775551154157
mouse,160,224,1775551154164
mouse,161,222,1775551154171
mouse,164,220,1775551154178
mouse,164,218,1775551154184
mouse,166,217,1775551154191
mouse,167,216,1775551154198
mouse,168,214,1775551154205
mouse,168,213,1775551154217
mouse,169,213,1775551154233
mouse,169,212,1775551154256
mouse,169,211,1775551154297
mouse,169,210,1775551154319
mouse,169,209,1775551154337
mouse,169,208,1775551154345
mouse,169,207,1775551154351
mouse,170,207,1775551154358
mouse,170,206,1775551154365
mouse,170,206,1775551154428
click,170,206,1775551154467
mouse,169,206,1775551154515
mouse,168,206,1775551154518
mouse,166,206,1775551154525
mouse,163,205,1775551154532
mouse,159,205,1775551154539
mouse,155,205,1775551154546
mouse,151,204,1775551154553
mouse,146,203,1775551154559
mouse,141,203,1775551154566
mouse,137,202,1775551154573
mouse,132,201,1775551154580
mouse,126,200,1775551154587
mouse,121,199,1775551154594
mouse,116,198,1775551154601
mouse,110,197,1775551154608
mouse,105,197,1775551154615
mouse,99,194,1775551154622
mouse,95,194,1775551154629
mouse,91,193,1775551154637
mouse,87,192,1775551154644
mouse,84,191,1775551154650
mouse,80,190,1775551154658
mouse,77,190,1775551154664
mouse,75,189,1775551154671
mouse,72,187,1775551154678
mouse,70,186,1775551154684
mouse,68,186,1775551154691
mouse,66,185,1775551154698
mouse,64,185,1775551154705
mouse,62,184,1775551154712
mouse,61,183,1775551154719
mouse,60,182,1775551154726
mouse,59,182,1775551154733
mouse,58,182,1775551154740
mouse,56,182,1775551154747
mouse,56,181,1775551154754
mouse,55,180,1775551154761
mouse,54,180,1775551154768
mouse,52,178,1775551154775
mouse,51,178,1775551154782
mouse,49,177,1775551154789
mouse,48,176,1775551154795
mouse,47,175,1775551154803
mouse,45,174,1775551154810
mouse,44,174,1775551154817
mouse,44,173,1775551154823
mouse,43,172,1775551154830
mouse,42,171,1775551154837
mouse,41,170,1775551154844
mouse,40,169,1775551154851
mouse,40,168,1775551154858
mouse,39,167,1775551154865
mouse,38,166,1775551154872
mouse,37,165,1775551154879
mouse,36,163,1775551154886
mouse,36,161,1775551154893
mouse,36,160,1775551154900
mouse,35,159,1775551154907
mouse,35,157,1775551154914
mouse,35,156,1775551154921
mouse,34,154,1775551154928
mouse,33,154,1775551154935
mouse,33,153,1775551154944
mouse,33,152,1775551154949
click,33,152,1775551158612
mouse,34,152,1775551159454
mouse,35,153,1775551159469
mouse,35,154,1775551159476
mouse,36,154,1775551159483
mouse,37,155,1775551159504
mouse,37,156,1775551159511
mouse,38,156,1775551159518
mouse,38,157,1775551159525
mouse,38,158,1775551159532
mouse,39,160,1775551159553
mouse,39,161,1775551159562
mouse,40,162,1775551159566
mouse,40,163,1775551159578
mouse,40,164,1775551159583
mouse,40,165,1775551159594
mouse,41,165,1775551159596
mouse,41,166,1775551159601
mouse,42,166,1775551159613
mouse,42,167,1775551159620
mouse,42,168,1775551159630
mouse,42,169,1775551159649
mouse,42,170,1775551159651
mouse,43,170,1775551159657
mouse,44,171,1775551159664
mouse,44,173,1775551159671
mouse,44,174,1775551159683
mouse,46,177,1775551159690
mouse,46,178,1775551159692
mouse,47,178,1775551159698
mouse,48,180,1775551159705
mouse,48,181,1775551159712
mouse,48,182,1775551159719
mouse,48,184,1775551159726
mouse,48,185,1775551159733
mouse,48,186,1775551159740
mouse,49,186,1775551159747
mouse,49,187,1775551159754
mouse,49,188,1775551159761
mouse,50,189,1775551159768
mouse,50,190,1775551159775
mouse,50,191,1775551159801
mouse,50,192,1775551159827
mouse,50,191,1775551159972
mouse,50,190,1775551159976
mouse,50,189,1775551159997
mouse,50,188,1775551160004
mouse,51,187,1775551160011
mouse,51,186,1775551160018
mouse,51,185,1775551160030
mouse,51,183,1775551160046
mouse,51,182,1775551160053
mouse,51,181,1775551160060
mouse,51,179,1775551160066
mouse,51,178,1775551160074
mouse,51,177,1775551160081
mouse,51,175,1775551160087
mouse,51,174,1775551160094
mouse,51,173,1775551160115
mouse,50,172,1775551160123
mouse,50,171,1775551160134
mouse,49,171,1775551160150
mouse,49,170,1775551160159
mouse,48,170,1775551160168
mouse,48,169,1775551160185
mouse,48,168,1775551160206
mouse,48,167,1775551160226
mouse,47,167,1775551160233
mouse,47,166,1775551160339
mouse,46,166,1775551161380
mouse,44,166,1775551161387
mouse,43,166,1775551161393
mouse,40,166,1775551161400
mouse,36,168,1775551161407
mouse,32,170,1775551161414
mouse,24,173,1775551161421
mouse,12,177,1775551161428
mouse,1,182,1775551161434
mouse,0,182,1775551161435
mouse,0,183,1775551161436
mouse,0,512,1775551435245
mouse,1,510,1775551435246
mouse,20,498,1775551435250
mouse,49,479,1775551435257
mouse,76,462,1775551435264
mouse,98,449,1775551435271
mouse,115,438,1775551435278
mouse,130,429,1775551435285
mouse,140,422,1775551435291
mouse,147,417,1775551435298
mouse,152,414,1775551435305
mouse,155,412,1775551435312
mouse,155,410,1775551435319
mouse,155,409,1775551435367
mouse,155,407,1775551435376
mouse,155,404,1775551435383
mouse,155,402,1775551435389
mouse,153,398,1775551435396
mouse,151,394,1775551435403
mouse,149,389,1775551435410
mouse,147,384,1775551435416
mouse,143,378,1775551435423
mouse,138,373,1775551435430
mouse,136,370,1775551435437
mouse,132,366,1775551435444
mouse,130,363,1775551435451
mouse,128,361,1775551435458
mouse,126,358,1775551435466
mouse,126,357,1775551435472
mouse,127,354,1775551435479
mouse,128,353,1775551435486
mouse,129,351,1775551435493
mouse,130,349,1775551435500
mouse,131,346,1775551435507
mouse,132,342,1775551435514
mouse,134,339,1775551435521
mouse,136,334,1775551435528
mouse,137,328,1775551435535
mouse,138,324,1775551435541
mouse,139,320,1775551435549
mouse,140,318,1775551435555
mouse,142,314,1775551435562
mouse,145,311,1775551435569
mouse,148,309,1775551435576
mouse,148,307,1775551435583
mouse,149,306,1775551435591
mouse,149,304,1775551435598
mouse,149,303,1775551435606
mouse,148,302,1775551435611
mouse,148,300,1775551435618
mouse,147,298,1775551435627
mouse,146,295,1775551435635
mouse,145,294,1775551435640
mouse,144,292,1775551435646
mouse,142,288,1775551435653
mouse,140,286,1775551435660
mouse,136,283,1775551435667
mouse,133,281,1775551435674
mouse,129,277,1775551435681
mouse,125,275,1775551435687
mouse,121,273,1775551435694
mouse,116,268,1775551435701
mouse,112,266,1775551435708
mouse,108,264,1775551435715
mouse,104,262,1775551435722
mouse,101,261,1775551435729
mouse,100,259,1775551435736
mouse,99,259,1775551435743
mouse,98,259,1775551435750
mouse,98,258,1775551435778
mouse,97,258,1775551435785
mouse,96,258,1775551435792
click,96,258,1775551435836
mouse,96,258,1775551435838
mouse,94,257,1775551435854
mouse,93,257,1775551435861
mouse,92,255,1775551435868
mouse,90,254,1775551435875
mouse,88,254,1775551435882
mouse,88,252,1775551435889
mouse,85,250,1775551435896
mouse,83,246,1775551435904
mouse,80,244,1775551435910
mouse,78,241,1775551435917
mouse,76,238,1775551435923
mouse,73,234,1775551435930
mouse,72,231,1775551435937
mouse,70,228,1775551435944
mouse,68,225,1775551435951
mouse,67,222,1775551435958
mouse,64,217,1775551435965
mouse,62,213,1775551435972
mouse,60,210,1775551435979
mouse,59,206,1775551435986
mouse,57,202,1775551435993
mouse,56,198,1775551436000
mouse,54,194,1775551436007
mouse,54,192,1775551436014
mouse,52,189,1775551436021
mouse,52,186,1775551436028
mouse,52,185,1775551436036
mouse,51,184,1775551436041
mouse,50,182,1775551436049
mouse,50,180,1775551436055
mouse,49,178,1775551436063
mouse,48,176,1775551436069
mouse,48,174,1775551436076
mouse,46,170,1775551436085
mouse,46,169,1775551436090
mouse,45,167,1775551436098
mouse,44,166,1775551436104
mouse,44,165,1775551436111
mouse,44,164,1775551436118
mouse,43,163,1775551436125
mouse,43,162,1775551436132
mouse,42,162,1775551436139
mouse,42,161,1775551436150
mouse,42,160,1775551436154
mouse,41,159,1775551436174
mouse,40,159,1775551436198
mouse,40,158,1775551436202
mouse,954,92,1775551443083
mouse,955,93,1775551443090
mouse,953,93,1775551443409
mouse,952,93,1775551443420
mouse,949,93,1775551443424
mouse,946,93,1775551443431
mouse,942,93,1775551443437
mouse,936,93,1775551443444
mouse,928,93,1775551443452
mouse,919,94,1775551443458
mouse,908,94,1775551443465
mouse,894,94,1775551443472
mouse,879,95,1775551443479
mouse,862,96,1775551443486
mouse,845,97,1775551443493
mouse,826,97,1775551443500
mouse,809,97,1775551443507
mouse,786,97,1775551443514
mouse,768,97,1775551443521
mouse,746,98,1775551443528
mouse,724,98,1775551443535
mouse,702,98,1775551443541
mouse,678,98,1775551443548
mouse,656,98,1775551443555
mouse,632,98,1775551443562
mouse,608,98,1775551443569
mouse,584,98,1775551443576
mouse,558,98,1775551443583
mouse,534,98,1775551443590
mouse,510,97,1775551443597
mouse,487,96,1775551443604
mouse,466,95,1775551443611
mouse,445,94,1775551443618
mouse,426,94,1775551443625
mouse,410,94,1775551443632
mouse,396,94,1775551443639
mouse,387,95,1775551443646
mouse,379,95,1775551443653
mouse,372,96,1775551443659
mouse,368,97,1775551443666
mouse,364,98,1775551443673
mouse,361,98,1775551443680
mouse,360,98,1775551443687
mouse,357,99,1775551443694
mouse,356,100,1775551443701
mouse,353,100,1775551443708
mouse,352,101,1775551443715
mouse,350,102,1775551443722
mouse,348,102,1775551443730
mouse,346,103,1775551443736
mouse,344,104,1775551443743
mouse,340,106,1775551443751
mouse,337,106,1775551443757
mouse,333,108,1775551443764
mouse,330,110,1775551443771
mouse,327,112,1775551443778
mouse,324,114,1775551443786
mouse,321,115,1775551443792
mouse,319,117,1775551443798
mouse,316,119,1775551443805
mouse,313,120,1775551443812
mouse,309,122,1775551443819
mouse,307,124,1775551443826
mouse,304,126,1775551443833
mouse,300,130,1775551443840
mouse,296,132,1775551443847
mouse,293,134,1775551443854
mouse,290,137,1775551443861
mouse,287,140,1775551443868
mouse,284,142,1775551443875
mouse,281,146,1775551443882
mouse,280,148,1775551443889
mouse,277,150,1775551443896
mouse,275,153,1775551443903
mouse,273,156,1775551443909
mouse,271,158,1775551443916
mouse,268,161,1775551443923
mouse,267,163,1775551443930
mouse,264,165,1775551443937
mouse,263,167,1775551443945
mouse,261,169,1775551443951
mouse,261,170,1775551443958
mouse,260,172,1775551443966
mouse,260,173,1775551443972
mouse,259,174,1775551443979
mouse,258,175,1775551443986
mouse,258,176,1775551443993
mouse,257,177,1775551444000
mouse,257,178,1775551444007
mouse,257,179,1775551444028
click,257,179,1775551444212
mouse,257,180,1775551444287
mouse,257,181,1775551444292
mouse,257,182,1775551444299
mouse,257,185,1775551444305
mouse,258,188,1775551444312
mouse,260,191,1775551444319
mouse,261,196,1775551444326
mouse,264,201,1775551444333
mouse,268,208,1775551444340
mouse,272,216,1775551444347
mouse,277,226,1775551444354
mouse,284,238,1775551444361
mouse,292,250,1775551444368
mouse,300,262,1775551444375
mouse,308,274,1775551444382
mouse,318,286,1775551444389
mouse,326,295,1775551444396
mouse,337,306,1775551444403
mouse,349,318,1775551444409
mouse,363,330,1775551444417
mouse,377,341,1775551444424
mouse,393,351,1775551444430
mouse,411,362,1775551444437
mouse,430,372,1775551444444
mouse,448,381,1775551444451
mouse,466,390,1775551444458
mouse,484,396,1775551444465
mouse,504,402,1775551444472
mouse,520,407,1775551444479
mouse,537,412,1775551444486
mouse,553,416,1775551444493
mouse,568,419,1775551444500
mouse,582,424,1775551444507
mouse,596,426,1775551444514
mouse,606,429,1775551444521
mouse,618,431,1775551444528
mouse,628,434,1775551444535
mouse,640,435,1775551444542
mouse,650,437,1775551444549
mouse,660,438,1775551444555
mouse,669,440,1775551444562
mouse,678,441,1775551444569
mouse,687,442,1775551444576
mouse,695,444,1775551444583
mouse,703,445,1775551444590
mouse,712,446,1775551444597
mouse,721,446,1775551444604
mouse,730,446,1775551444611
mouse,739,446,1775551444618
mouse,748,446,1775551444625
mouse,756,446,1775551444632
mouse,764,446,1775551444639
mouse,771,446,1775551444646
mouse,778,446,1775551444653
mouse,785,446,1775551444660
mouse,793,446,1775551444666
mouse,800,446,1775551444673
mouse,808,445,1775551444680
mouse,817,443,1775551444687
mouse,825,442,1775551444694
mouse,833,441,1775551444701
mouse,843,439,1775551444708
mouse,850,437,1775551444715
mouse,859,434,1775551444722
mouse,866,432,1775551444729
mouse,875,429,1775551444736
mouse,882,426,1775551444743
mouse,890,422,1775551444750
mouse,897,418,1775551444757
mouse,904,414,1775551444764
mouse,912,410,1775551444771
mouse,918,406,1775551444778
mouse,924,401,1775551444785
mouse,930,397,1775551444792
mouse,936,393,1775551444798
mouse,940,389,1775551444805
mouse,944,386,1775551444812
mouse,948,382,1775551444819
mouse,952,379,1775551444826
mouse,953,377,1775551444833
mouse,955,374,1775551444840
mouse,956,374,1775551444847
mouse,958,371,1775551444854
mouse,960,369,1775551444861
mouse,961,367,1775551444868
mouse,963,365,1775551444875
mouse,964,363,1775551444882
mouse,965,361,1775551444889
mouse,965,359,1775551444896
mouse,968,357,1775551444902
mouse,968,355,1775551444909
mouse,969,354,1775551444917
mouse,972,354,1775551444924
mouse,972,353,1775551444931
mouse,972,352,1775551444943
mouse,972,351,1775551444959
mouse,972,350,1775551445048
mouse,970,350,1775551445070
mouse,968,350,1775551445077
mouse,966,349,1775551445083
mouse,963,348,1775551445090
mouse,958,346,1775551445097
mouse,957,346,1775551445100
click,957,346,1775551445100
mouse,953,346,1775551445104
mouse,946,344,1775551445111
mouse,938,342,1775551445118
mouse,926,339,1775551445125
mouse,915,337,1775551445132
mouse,897,332,1775551445139
mouse,880,328,1775551445146
mouse,864,323,1775551445153
mouse,846,320,1775551445160
mouse,828,317,1775551445166
mouse,809,312,1775551445174
mouse,790,308,1775551445180
mouse,770,304,1775551445187
mouse,749,299,1775551445194
mouse,727,294,1775551445201
mouse,704,290,1775551445208
mouse,677,284,1775551445215
mouse,649,278,1775551445222
mouse,618,271,1775551445229
mouse,584,264,1775551445236
mouse,547,255,1775551445243
mouse,508,246,1775551445250
mouse,468,236,1775551445257
mouse,427,226,1775551445264
mouse,383,218,1775551445271
mouse,348,211,1775551445278
mouse,308,205,1775551445285
mouse,273,198,1775551445291
mouse,244,194,1775551445298
mouse,218,190,1775551445305
mouse,199,188,1775551445312
mouse,184,185,1775551445319
mouse,171,183,1775551445326
mouse,162,182,1775551445333
mouse,156,180,1775551445340
mouse,150,179,1775551445347
mouse,148,178,1775551445354
mouse,146,178,1775551445361
mouse,144,178,1775551445368
mouse,143,178,1775551445375
mouse,142,178,1775551445382
mouse,141,178,1775551445390
mouse,140,178,1775551445397
mouse,139,178,1775551445403
mouse,137,178,1775551445410
mouse,135,178,1775551445416
mouse,132,178,1775551445423
mouse,130,178,1775551445430
mouse,126,178,1775551445437
mouse,123,178,1775551445444
mouse,120,178,1775551445451
mouse,116,178,1775551445458
mouse,113,178,1775551445465
mouse,111,178,1775551445472
mouse,110,178,1775551445479
mouse,109,178,1775551445486
mouse,108,178,1775551445493
mouse,107,178,1775551445502
mouse,106,178,1775551445509
mouse,105,178,1775551445518
mouse,104,178,1775551445521
mouse,103,178,1775551445528
mouse,100,178,1775551445535
mouse,97,178,1775551445541
mouse,93,178,1775551445548
mouse,88,178,1775551445555
mouse,83,176,1775551445562
mouse,78,175,1775551445569
mouse,72,174,1775551445576
mouse,67,173,1775551445583
mouse,63,171,1775551445590
mouse,58,170,1775551445597
mouse,54,169,1775551445604
mouse,51,168,1775551445611
mouse,48,167,1775551445618
mouse,46,166,1775551445625
mouse,44,166,1775551445632
mouse,44,165,1775551445639
mouse,43,165,1775551445646
mouse,43,164,1775551445653
mouse,42,163,1775551445661
mouse,42,162,1775551445668
mouse,42,161,1775551445677
mouse,41,160,1775551445696
mouse,41,159,1775551445702
mouse,41,158,1775551445708
mouse,40,158,1775551445715
mouse,63,159,1775551447544
mouse,944,78,1775551447549
mouse,944,79,1775551447556
mouse,944,78,1775551447979
mouse,943,78,1775551448000
mouse,942,78,1775551448007
mouse,941,78,1775551448015
mouse,940,78,1775551448022
mouse,938,78,1775551448042
mouse,936,78,1775551448050
mouse,935,78,1775551448057
mouse,934,78,1775551448062
mouse,932,78,1775551448069
mouse,930,78,1775551448076
mouse,928,78,1775551448083
mouse,925,78,1775551448091
mouse,923,78,1775551448097
mouse,920,78,1775551448104
mouse,918,78,1775551448111
mouse,915,78,1775551448119
mouse,912,78,1775551448125
mouse,908,79,1775551448133
mouse,906,79,1775551448139
mouse,902,80,1775551448147
mouse,899,81,1775551448153
mouse,896,81,1775551448160
mouse,892,82,1775551448166
mouse,888,82,1775551448173
mouse,884,83,1775551448180
mouse,880,84,1775551448187
mouse,876,84,1775551448194
mouse,872,85,1775551448201
mouse,866,86,1775551448209
mouse,862,86,1775551448215
mouse,858,87,1775551448222
mouse,853,87,1775551448229
mouse,848,89,1775551448236
mouse,844,90,1775551448243
mouse,840,90,1775551448250
mouse,836,91,1775551448257
mouse,832,91,1775551448264
mouse,828,93,1775551448271
mouse,824,94,1775551448278
mouse,820,95,1775551448285
mouse,816,97,1775551448291
mouse,812,98,1775551448298
mouse,808,99,1775551448305
mouse,804,100,1775551448312
mouse,801,102,1775551448319
mouse,798,102,1775551448326
mouse,795,104,1775551448334
mouse,792,104,1775551448340
mouse,789,106,1775551448347
mouse,786,106,1775551448354
mouse,784,108,1775551448361
mouse,780,110,1775551448368
mouse,776,111,1775551448376
mouse,774,113,1775551448382
mouse,771,114,1775551448389
mouse,768,116,1775551448396
mouse,764,118,1775551448403
mouse,761,120,1775551448410
mouse,758,122,1775551448416
mouse,756,123,1775551448423
mouse,752,126,1775551448430
mouse,748,127,1775551448437
mouse,744,129,1775551448444
mouse,741,130,1775551448451
mouse,737,133,1775551448459
mouse,733,134,1775551448465
mouse,730,136,1775551448472
mouse,726,138,1775551448479
mouse,721,140,1775551448486
mouse,717,142,1775551448493
mouse,712,143,1775551448500
mouse,708,146,1775551448507
mouse,704,146,1775551448514
mouse,700,149,1775551448521
mouse,696,150,1775551448528
mouse,692,151,1775551448535
mouse,688,153,1775551448541
mouse,684,154,1775551448548
mouse,681,155,1775551448555
mouse,678,157,1775551448562
mouse,674,158,1775551448569
mouse,671,159,1775551448576
mouse,668,161,1775551448583
mouse,664,162,1775551448590
mouse,661,162,1775551448597
mouse,659,164,1775551448604
mouse,656,166,1775551448611
mouse,654,166,1775551448618
mouse,651,167,1775551448625
mouse,649,169,1775551448632
mouse,647,169,1775551448639
mouse,645,170,1775551448646
mouse,644,170,1775551448653
mouse,642,171,1775551448660
mouse,640,172,1775551448667
mouse,638,173,1775551448674
mouse,636,173,1775551448680
mouse,635,174,1775551448688
mouse,633,174,1775551448694
mouse,632,174,1775551448701
mouse,629,175,1775551448708
mouse,628,176,1775551448715
mouse,625,176,1775551448722
mouse,624,176,1775551448729
mouse,622,177,1775551448736
mouse,620,178,1775551448743
mouse,618,178,1775551448750
mouse,616,178,1775551448757
mouse,615,178,1775551448764
mouse,613,178,1775551448771
mouse,612,178,1775551448778
mouse,610,178,1775551448785
mouse,609,178,1775551448792
mouse,608,178,1775551448799
mouse,606,178,1775551448805
mouse,605,178,1775551448812
mouse,604,178,1775551448819
mouse,603,178,1775551448829
mouse,602,178,1775551448838
mouse,601,178,1775551448842
mouse,600,178,1775551448847
mouse,599,178,1775551448854
mouse,597,178,1775551448861
mouse,596,177,1775551448868
mouse,594,177,1775551448875
mouse,591,175,1775551448883
mouse,589,174,1775551448889
mouse,587,173,1775551448896
mouse,584,171,1775551448903
mouse,582,170,1775551448910
mouse,579,169,1775551448916
mouse,575,166,1775551448923
mouse,570,163,1775551448930
mouse,565,161,1775551448937
mouse,560,158,1775551448944
mouse,554,156,1775551448951
mouse,550,154,1775551448958
mouse,545,152,1775551448965
mouse,541,150,1775551448972
mouse,537,147,1775551448979
mouse,533,146,1775551448986
mouse,530,144,1775551448993
mouse,527,142,1775551449000
mouse,524,141,1775551449007
mouse,521,139,1775551449014
mouse,519,138,1775551449021
mouse,516,136,1775551449028
mouse,512,134,1775551449035
mouse,509,132,1775551449041
mouse,505,130,1775551449048
mouse,501,129,1775551449055
mouse,497,126,1775551449062
mouse,492,125,1775551449069
mouse,488,123,1775551449076
mouse,483,121,1775551449084
mouse,478,119,1775551449090
mouse,473,117,1775551449097
mouse,468,115,1775551449104
mouse,463,114,1775551449111
mouse,458,111,1775551449118
mouse,453,110,1775551449125
mouse,449,108,1775551449132
mouse,445,106,1775551449139
mouse,443,105,1775551449146
mouse,439,103,1775551449153
mouse,436,102,1775551449161
mouse,435,101,1775551449167
mouse,432,101,1775551449174
mouse,430,100,1775551449180
mouse,428,99,1775551449188
mouse,426,98,1775551449194
mouse,424,98,1775551449201
mouse,423,97,1775551449208
mouse,420,97,1775551449216
mouse,419,96,1775551449222
mouse,416,94,1775551449230
mouse,413,94,1775551449236
mouse,411,94,1775551449243
mouse,408,93,1775551449250
mouse,404,93,1775551449257
mouse,400,92,1775551449265
mouse,396,91,1775551449271
mouse,392,91,1775551449278
mouse,386,90,1775551449285
mouse,379,90,1775551449291
mouse,372,88,1775551449298
mouse,363,87,1775551449305
mouse,353,86,1775551449312
mouse,342,85,1775551449319
mouse,331,84,1775551449326
mouse,320,82,1775551449333
mouse,308,82,1775551449341
mouse,304,82,1775551449347
mouse,292,81,1775551449354
mouse,283,81,1775551449362
mouse,277,81,1775551449368
mouse,272,81,1775551449375
mouse,268,81,1775551449382
mouse,266,81,1775551449389
mouse,264,81,1775551449397
mouse,262,81,1775551449403
mouse,260,81,1775551449410
mouse,258,81,1775551449417
mouse,256,81,1775551449424
mouse,254,80,1775551449430
mouse,252,79,1775551449438
mouse,249,79,1775551449444
mouse,246,78,1775551449451
mouse,243,78,1775551449458
mouse,238,77,1775551449466
mouse,234,76,1775551449472
mouse,230,75,1775551449479
mouse,227,74,1775551449486
mouse,223,74,1775551449493
mouse,220,73,1775551449500
mouse,218,73,1775551449508
mouse,216,73,1775551449514
mouse,215,73,1775551449521
mouse,213,72,1775551449529
mouse,212,72,1775551449571
click,212,72,1775551449647
mouse,212,72,1775551449654
mouse,211,72,1775551449727
mouse,211,73,1775551450058
mouse,211,74,1775551450065
mouse,211,76,1775551450083
mouse,210,77,1775551450095
mouse,210,78,1775551450100
mouse,210,79,1775551450116
mouse,210,80,1775551450119
mouse,209,80,1775551450127
mouse,209,82,1775551450132
mouse,208,83,1775551450153
mouse,208,84,1775551450160
mouse,208,85,1775551450167
mouse,208,86,1775551450174
mouse,208,87,1775551450182
mouse,208,88,1775551450187
mouse,208,90,1775551450194
mouse,207,90,1775551450201
mouse,207,92,1775551450208
mouse,207,93,1775551450215
mouse,207,94,1775551450222
mouse,207,96,1775551450229
mouse,207,97,1775551450238
mouse,206,98,1775551450243
mouse,206,99,1775551450250
mouse,206,100,1775551450257
mouse,206,101,1775551450265
mouse,206,102,1775551450271
mouse,206,103,1775551450278
mouse,205,104,1775551450285
mouse,205,105,1775551450292
mouse,205,106,1775551450299
mouse,205,107,1775551450312
mouse,204,107,1775551450319
mouse,204,108,1775551450321
mouse,204,109,1775551450347
mouse,204,110,1775551450354
mouse,204,111,1775551450408
mouse,204,112,1775551450426
mouse,204,113,1775551450469
mouse,204,114,1775551450488
mouse,204,115,1775551450519
mouse,204,116,1775551450535
mouse,204,117,1775551450552
mouse,204,118,1775551450592
mouse,204,119,1775551450632
mouse,203,119,1775551450643
mouse,203,120,1775551450646
mouse,203,121,1775551450653
mouse,203,122,1775551450660
mouse,202,122,1775551450664
mouse,201,122,1775551450677
mouse,200,123,1775551450695
mouse,200,124,1775551450723
mouse,199,124,1775551450735
mouse,199,125,1775551450750
mouse,198,125,1775551450932
mouse,197,124,1775551450939
mouse,196,124,1775551450945
mouse,196,123,1775551450967
click,196,123,1775551451100
mouse,196,122,1775551451324
mouse,196,121,1775551451361
mouse,197,121,1775551453646
mouse,198,122,1775551453653
mouse,200,122,1775551453656
mouse,200,123,1775551453660
mouse,202,123,1775551453667
mouse,204,124,1775551453674
mouse,205,125,1775551453681
mouse,207,126,1775551453687
mouse,208,126,1775551453694
mouse,210,126,1775551453701
mouse,212,127,1775551453708
mouse,214,127,1775551453715
mouse,215,127,1775551453722
mouse,216,128,1775551453729
mouse,216,129,1775551453736
mouse,217,129,1775551453737
mouse,218,129,1775551453743
mouse,219,129,1775551453750
mouse,220,129,1775551453757
mouse,220,130,1775551453778
mouse,221,130,1775551453786
mouse,222,130,1775551453799
mouse,223,130,1775551453806
mouse,224,130,1775551453815
mouse,225,130,1775551453843
mouse,227,130,1775551453861
mouse,228,130,1775551453868
mouse,229,130,1775551453885
mouse,230,130,1775551453903
mouse,232,129,1775551453911
mouse,232,128,1775551453917
mouse,233,128,1775551453924
mouse,234,128,1775551453931
mouse,235,128,1775551453938
mouse,236,127,1775551453945
mouse,236,126,1775551453953
mouse,237,126,1775551453959
mouse,238,126,1775551453980
mouse,239,126,1775551453993
mouse,240,126,1775551454005
mouse,240,125,1775551454021
mouse,240,124,1775551454042
mouse,241,124,1775551454044
mouse,242,123,1775551454084
mouse,243,123,1775551454095
mouse,242,123,1775551454196
mouse,241,123,1775551454207
mouse,240,123,1775551454208
mouse,239,123,1775551454216
mouse,238,124,1775551454222
mouse,236,126,1775551454229
mouse,232,126,1775551454236
mouse,230,127,1775551454243
mouse,226,129,1775551454251
mouse,223,130,1775551454257
mouse,220,131,1775551454264
mouse,216,133,1775551454271
mouse,212,134,1775551454278
mouse,209,135,1775551454285
mouse,206,138,1775551454291
mouse,203,139,1775551454299
mouse,200,141,1775551454305
mouse,196,143,1775551454312
mouse,192,146,1775551454319
mouse,190,147,1775551454326
mouse,188,148,1775551454333
mouse,185,150,1775551454340
mouse,184,150,1775551454348
mouse,183,151,1775551454354
mouse,182,151,1775551454375
mouse,182,152,1775551454382
click,182,152,1775551454556
mouse,182,153,1775551454700
mouse,180,154,1775551454709
mouse,178,154,1775551454717
mouse,177,154,1775551454724
mouse,176,154,1775551454730
mouse,175,155,1775551454736
mouse,173,156,1775551454744
mouse,172,158,1775551454750
mouse,170,158,1775551454758
mouse,168,159,1775551454764
mouse,167,160,1775551454771
mouse,165,162,1775551454779
mouse,164,162,1775551454785
mouse,162,163,1775551454792
mouse,160,164,1775551454799
mouse,159,166,1775551454806
mouse,158,166,1775551454813
mouse,156,167,1775551454819
mouse,155,167,1775551454827
mouse,154,168,1775551454833
mouse,153,170,1775551454840
mouse,152,170,1775551454847
mouse,151,171,1775551454855
mouse,149,171,1775551454861
mouse,148,172,1775551454868
mouse,147,173,1775551454875
mouse,146,174,1775551454882
mouse,144,174,1775551454889
mouse,143,174,1775551454897
mouse,143,175,1775551454903
mouse,142,175,1775551454910
mouse,140,176,1775551454917
mouse,140,177,1775551454924
mouse,139,177,1775551454930
mouse,138,177,1775551454938
mouse,136,178,1775551454944
mouse,136,179,1775551454951
mouse,134,179,1775551454958
mouse,132,180,1775551454965
mouse,131,181,1775551454972
mouse,128,181,1775551454979
mouse,127,181,1775551454986
mouse,124,182,1775551454993
mouse,122,182,1775551455000
mouse,120,182,1775551455007
mouse,119,183,1775551455014
mouse,117,183,1775551455021
mouse,116,183,1775551455028
mouse,115,183,1775551455035
mouse,113,183,1775551455042
mouse,112,183,1775551455050
mouse,111,183,1775551455058
mouse,109,183,1775551455077
mouse,108,183,1775551455083
mouse,107,183,1775551455090
mouse,105,182,1775551455097
mouse,104,182,1775551455105
mouse,102,182,1775551455111
mouse,100,181,1775551455119
mouse,100,180,1775551455126
mouse,97,180,1775551455132
mouse,96,180,1775551455139
mouse,96,179,1775551455146
mouse,95,178,1775551455153
mouse,93,178,1775551455160
mouse,92,178,1775551455167
mouse,91,177,1775551455174
mouse,89,176,1775551455180
mouse,88,175,1775551455187
mouse,88,174,1775551455194
mouse,85,174,1775551455201
mouse,84,173,1775551455208
mouse,81,172,1775551455215
mouse,80,171,1775551455222
mouse,79,170,1775551455229
mouse,77,170,1775551455236
mouse,76,170,1775551455243
mouse,74,169,1775551455250
mouse,73,168,1775551455257
mouse,72,167,1775551455264
mouse,71,167,1775551455271
mouse,69,166,1775551455278
mouse,68,166,1775551455285
mouse,67,166,1775551455292
mouse,66,166,1775551455299
mouse,64,166,1775551455306
mouse,62,165,1775551455312
mouse,60,164,1775551455319
mouse,59,164,1775551455327
mouse,58,164,1775551455333
mouse,57,164,1775551455340
mouse,56,163,1775551455347
mouse,54,162,1775551455354
mouse,53,162,1775551455361
mouse,52,162,1775551455368
mouse,51,162,1775551455375
mouse,50,162,1775551455382
mouse,48,162,1775551455389
mouse,47,162,1775551455396
mouse,46,162,1775551455403
mouse,45,162,1775551455410
mouse,44,162,1775551455417
mouse,43,162,1775551455447
mouse,43,161,1775551455451
mouse,42,161,1775551455903
mouse,41,161,1775551455933
mouse,40,160,1775551455940
mouse,31,0,1775551463032
mouse,32,2,1775551463035
mouse,33,6,1775551463042
mouse,34,11,1775551463049
mouse,36,16,1775551463056
mouse,36,21,1775551463063
mouse,38,25,1775551463069
mouse,38,30,1775551463077
mouse,40,34,1775551463084
mouse,40,38,1775551463090
mouse,42,42,1775551463097
mouse,43,46,1775551463104
mouse,44,49,1775551463111
mouse,44,52,1775551463118
mouse,44,55,1775551463125
mouse,45,58,1775551463132
mouse,45,61,1775551463139
mouse,46,64,1775551463146
mouse,46,66,1775551463153
mouse,46,70,1775551463160
mouse,46,72,1775551463167
mouse,46,74,1775551463174
mouse,46,76,1775551463181
mouse,46,78,1775551463187
mouse,46,81,1775551463194
mouse,45,83,1775551463201
mouse,45,86,1775551463208
mouse,45,88,1775551463215
mouse,45,90,1775551463222
mouse,44,92,1775551463229
mouse,44,94,1775551463236
mouse,44,98,1775551463243
mouse,44,100,1775551463250
mouse,44,103,1775551463258
mouse,44,106,1775551463264
mouse,44,110,1775551463271
mouse,44,114,1775551463278
mouse,43,118,1775551463285
mouse,43,123,1775551463292
mouse,43,128,1775551463299
mouse,43,131,1775551463306
mouse,43,136,1775551463312
mouse,43,139,1775551463319
mouse,42,142,1775551463326
mouse,42,145,1775551463333
mouse,42,147,1775551463340
mouse,41,149,1775551463347
mouse,41,150,1775551463354
mouse,41,151,1775551463361
mouse,41,152,1775551463375
mouse,41,153,1775551463380
mouse,41,154,1775551463403
mouse,41,155,1775551463413
mouse,40,155,1775551463417
mouse,40,156,1775551463438
mouse,956,80,1775551465507
mouse,956,81,1775551465507
mouse,955,81,1775551465795
mouse,954,81,1775551465800
mouse,953,81,1775551465806
mouse,952,81,1775551465813
mouse,951,81,1775551465821
mouse,950,81,1775551465826
mouse,948,81,1775551465833
mouse,948,82,1775551465841
mouse,946,82,1775551465847
mouse,944,82,1775551465854
mouse,943,82,1775551465863
mouse,942,82,1775551465869
mouse,941,82,1775551465876
mouse,940,82,1775551465882
mouse,939,82,1775551465889
mouse,937,83,1775551465896
mouse,936,83,1775551465903
mouse,934,84,1775551465910
mouse,932,85,1775551465917
mouse,931,85,1775551465924
mouse,928,86,1775551465931
mouse,926,86,1775551465938
mouse,923,87,1775551465945
mouse,921,88,1775551465951
mouse,918,88,1775551465958
mouse,915,90,1775551465966
mouse,912,90,1775551465972
mouse,909,91,1775551465979
mouse,907,91,1775551465986
mouse,904,93,1775551465994
mouse,901,94,1775551466001
mouse,899,94,1775551466007
mouse,896,95,1775551466015
mouse,894,96,1775551466021
mouse,892,97,1775551466029
mouse,889,98,1775551466035
mouse,887,98,1775551466042
mouse,884,99,1775551466049
mouse,880,100,1775551466057
mouse,878,102,1775551466063
mouse,876,102,1775551466069
mouse,872,103,1775551466076
mouse,867,104,1775551466083
mouse,864,105,1775551466091
mouse,860,106,1775551466097
mouse,856,107,1775551466104
mouse,852,108,1775551466111
mouse,848,109,1775551466118
mouse,844,110,1775551466125
mouse,840,110,1775551466132
mouse,836,110,1775551466139
mouse,832,111,1775551466146
mouse,829,112,1775551466153
mouse,825,112,1775551466160
mouse,822,114,1775551466167
mouse,819,114,1775551466174
mouse,816,114,1775551466181
mouse,812,114,1775551466188
mouse,808,115,1775551466195
mouse,804,116,1775551466201
mouse,800,117,1775551466208
mouse,795,118,1775551466215
mouse,791,118,1775551466222
mouse,787,119,1775551466229
mouse,782,119,1775551466236
mouse,778,119,1775551466243
mouse,775,120,1775551466250
mouse,770,121,1775551466257
mouse,767,121,1775551466264
mouse,763,122,1775551466271
mouse,760,123,1775551466278
mouse,756,123,1775551466285
mouse,754,123,1775551466292
mouse,750,124,1775551466299
mouse,747,125,1775551466306
mouse,744,125,1775551466313
mouse,740,126,1775551466320
mouse,737,126,1775551466327
mouse,734,127,1775551466333
mouse,730,127,1775551466340
mouse,726,127,1775551466347
mouse,723,129,1775551466354
mouse,719,129,1775551466361
mouse,715,129,1775551466368
mouse,712,130,1775551466375
mouse,708,130,1775551466382
mouse,705,131,1775551466389
mouse,700,131,1775551466396
mouse,696,132,1775551466403
mouse,692,133,1775551466410
mouse,688,134,1775551466417
mouse,684,134,1775551466424
mouse,680,136,1775551466431
mouse,675,136,1775551466437
mouse,670,138,1775551466445
mouse,664,138,1775551466451
mouse,659,138,1775551466458
mouse,651,140,1775551466465
mouse,644,141,1775551466472
mouse,635,142,1775551466479
mouse,626,142,1775551466486
mouse,616,143,1775551466493
mouse,608,144,1775551466500
mouse,598,144,1775551466507
mouse,588,144,1775551466514
mouse,581,144,1775551466521
mouse,573,144,1775551466528
mouse,567,145,1775551466535
mouse,560,145,1775551466542
mouse,556,146,1775551466549
mouse,550,146,1775551466556
mouse,546,146,1775551466563
mouse,541,146,1775551466569
mouse,536,146,1775551466576
mouse,532,146,1775551466583
mouse,527,146,1775551466590
mouse,521,147,1775551466597
mouse,516,148,1775551466604
mouse,511,148,1775551466612
mouse,507,149,1775551466618
mouse,502,150,1775551466625
mouse,498,150,1775551466632
mouse,493,150,1775551466639
mouse,490,150,1775551466646
mouse,485,151,1775551466653
mouse,481,152,1775551466660
mouse,476,152,1775551466667
mouse,472,152,1775551466674
mouse,466,152,1775551466681
mouse,459,152,1775551466688
mouse,452,152,1775551466695
mouse,443,152,1775551466701
mouse,432,152,1775551466708
mouse,421,151,1775551466715
mouse,409,151,1775551466722
mouse,398,150,1775551466729
mouse,386,148,1775551466736
mouse,376,146,1775551466743
mouse,365,146,1775551466750
mouse,356,144,1775551466757
mouse,346,142,1775551466764
mouse,339,142,1775551466771
mouse,328,141,1775551466778
mouse,318,140,1775551466785
mouse,308,138,1775551466792
mouse,296,138,1775551466799
mouse,284,137,1775551466806
mouse,272,135,1775551466813
mouse,258,134,1775551466820
mouse,242,132,1775551466827
mouse,226,131,1775551466833
mouse,208,130,1775551466840
mouse,191,128,1775551466847
mouse,172,127,1775551466854
mouse,154,126,1775551466861
mouse,138,124,1775551466868
mouse,123,123,1775551466875
mouse,108,122,1775551466882
mouse,97,122,1775551466889
mouse,88,122,1775551466896
mouse,80,122,1775551466903
mouse,74,122,1775551466910
mouse,67,122,1775551466917
mouse,63,122,1775551466924
mouse,58,122,1775551466931
mouse,54,122,1775551466938
mouse,50,122,1775551466944
mouse,47,122,1775551466951
mouse,44,122,1775551466958
mouse,41,122,1775551466965
mouse,40,122,1775551466973
mouse,39,122,1775551466979
mouse,38,122,1775551466986
mouse,37,122,1775551466993
mouse,36,122,1775551467018
mouse,35,122,1775551467026
mouse,34,123,1775551467042
mouse,33,125,1775551467049
mouse,32,125,1775551467056
mouse,31,126,1775551467063
mouse,29,126,1775551467070
mouse,28,127,1775551467076
mouse,27,128,1775551467083
mouse,25,129,1775551467090
mouse,24,130,1775551467098
mouse,23,130,1775551467104
mouse,23,131,1775551467111
mouse,21,133,1775551467118
mouse,20,134,1775551467125
mouse,19,134,1775551467132
mouse,19,135,1775551467139
mouse,17,137,1775551467146
mouse,17,138,1775551467153
mouse,16,138,1775551467160
mouse,16,140,1775551467167
mouse,16,141,1775551467175
mouse,15,142,1775551467181
mouse,15,143,1775551467188
mouse,14,144,1775551467196
mouse,14,146,1775551467201
mouse,14,147,1775551467208
mouse,14,149,1775551467215
mouse,14,150,1775551467222
mouse,14,151,1775551467231
mouse,14,152,1775551467242
mouse,14,153,1775551467264
mouse,14,154,1775551467272
mouse,14,155,1775551467292
mouse,14,156,1775551467299
mouse,15,156,1775551467310
mouse,15,157,1775551467339
mouse,16,157,1775551467455
mouse,18,157,1775551467472
mouse,19,157,1775551467479
mouse,20,157,1775551467486
mouse,37,151,1775551474909
mouse,38,151,1775551474928
mouse,39,151,1775551474945
mouse,40,151,1775551474965
mouse,41,151,1775551475004
mouse,42,151,1775551475011
mouse,43,151,1775551475017
mouse,44,151,1775551475035
mouse,44,152,1775551475044
mouse,45,153,1775551475067
mouse,45,154,1775551475076
mouse,46,154,1775551475091
mouse,47,154,1775551475098
mouse,48,154,1775551475129
mouse,48,155,1775551475137
mouse,49,154,1775551475463
mouse,50,154,1775551475557
mouse,49,154,1775551475693
mouse,48,154,1775551475697
mouse,47,154,1775551475716
mouse,46,154,1775551475724
mouse,45,154,1775551475729
mouse,44,154,1775551475737
mouse,43,154,1775551475743
mouse,41,154,1775551475750
mouse,40,154,1775551475757
mouse,39,154,1775551475764
mouse,38,154,1775551475771
mouse,36,154,1775551475778
mouse,34,155,1775551475786
mouse,33,155,1775551475792
mouse,32,155,1775551475799
mouse,31,155,1775551475807
mouse,30,155,1775551475813
mouse,29,155,1775551475820
mouse,28,156,1775551475828
mouse,27,156,1775551475848
mouse,27,157,1775551475864
mouse,26,157,1775551476206
mouse,25,157,1775551476211
mouse,24,158,1775551476216
mouse,20,158,1775551476222
mouse,15,158,1775551476229
mouse,3,160,1775551476236
mouse,0,160,1775551476238
mouse,0,161,1775551476240
mouse,0,250,1775551476946
mouse,0,251,1775551476952
mouse,4,254,1775551476959
mouse,11,257,1775551476965
mouse,20,259,1775551476972
mouse,29,262,1775551476979
mouse,40,265,1775551476986
mouse,50,269,1775551476993
mouse,60,271,1775551477000
mouse,70,274,1775551477007
mouse,80,277,1775551477015
mouse,89,279,1775551477021
mouse,97,281,1775551477028
mouse,104,283,1775551477035
mouse,112,285,1775551477042
mouse,116,286,1775551477049
mouse,120,286,1775551477057
mouse,124,288,1775551477063
mouse,126,288,1775551477070
mouse,128,288,1775551477077
mouse,129,288,1775551477084
mouse,128,288,1775551477262
mouse,127,288,1775551477267
mouse,126,287,1775551477271
mouse,121,286,1775551477278
mouse,116,284,1775551477285
mouse,108,282,1775551477292
mouse,96,279,1775551477299
mouse,81,275,1775551477306
mouse,59,270,1775551477314
mouse,40,266,1775551477320
mouse,19,259,1775551477327
mouse,1,256,1775551477332
mouse,0,254,1775551477332
mouse,0,240,1775551479511
mouse,0,239,1775551479517
mouse,0,239,1775551479522
mouse,2,239,1775551479528
mouse,6,238,1775551479536
mouse,9,238,1775551479542
mouse,12,238,1775551479549
mouse,16,238,1775551479556
mouse,18,238,1775551479563
mouse,20,238,1775551479570
mouse,21,238,1775551479577
mouse,22,238,1775551479583
mouse,23,238,1775551479597
mouse,24,238,1775551479651
mouse,25,238,1775551479671
mouse,25,237,1775551479677
mouse,26,237,1775551479681
mouse,27,236,1775551479688
mouse,28,235,1775551479695
mouse,29,234,1775551479702
mouse,30,234,1775551479709
mouse,31,232,1775551479716
mouse,32,232,1775551479722
mouse,32,231,1775551479743
mouse,32,230,1775551479750
mouse,32,229,1775551479764
mouse,32,228,1775551479767
mouse,32,227,1775551479773
mouse,33,226,1775551479778
mouse,34,223,1775551479785
mouse,35,220,1775551479792
mouse,36,216,1775551479801
mouse,37,212,1775551479806
mouse,38,207,1775551479813
mouse,39,203,1775551479820
mouse,39,198,1775551479827
mouse,39,193,1775551479834
mouse,39,189,1775551479841
mouse,39,186,1775551479847
mouse,37,182,1775551479854
mouse,36,179,1775551479861
mouse,35,177,1775551479868
mouse,35,174,1775551479875
mouse,33,172,1775551479882
mouse,33,171,1775551479889
mouse,32,170,1775551479898
mouse,32,168,1775551479903
mouse,32,166,1775551479910
mouse,32,163,1775551479917
mouse,32,162,1775551479924
mouse,32,159,1775551479931
mouse,32,158,1775551479939
mouse,32,157,1775551479947
mouse,32,157,1775551480042
mouse,890,96,1775551483188
mouse,889,97,1775551483195
mouse,889,98,1775551483202
mouse,888,98,1775551483209
mouse,886,98,1775551483229
mouse,885,98,1775551483237
mouse,885,99,1775551483243
mouse,884,99,1775551483252
mouse,884,100,1775551483258
mouse,883,100,1775551483303
mouse,883,101,1775551483309
mouse,882,101,1775551483318
mouse,881,102,1775551483334
mouse,880,102,1775551483354
mouse,879,102,1775551483378
mouse,878,102,1775551483387
mouse,878,103,1775551483389
mouse,876,104,1775551483417
mouse,876,105,1775551483427
mouse,875,105,1775551483431
mouse,874,106,1775551483438
mouse,873,106,1775551483450
mouse,872,106,1775551483454
mouse,871,106,1775551483475
mouse,870,106,1775551483481
mouse,870,107,1775551483486
mouse,869,108,1775551483493
mouse,868,108,1775551483500
mouse,867,108,1775551483507
mouse,866,108,1775551483514
mouse,864,109,1775551483522
mouse,863,109,1775551483528
mouse,862,110,1775551483536
mouse,860,110,1775551483542
mouse,858,110,1775551483550
mouse,856,110,1775551483556
mouse,855,111,1775551483564
mouse,853,112,1775551483570
mouse,851,112,1775551483577
mouse,849,112,1775551483584
mouse,847,112,1775551483590
mouse,844,113,1775551483598
mouse,842,114,1775551483605
mouse,839,114,1775551483612
mouse,836,114,1775551483619
mouse,833,114,1775551483625
mouse,830,114,1775551483632
mouse,827,115,1775551483639
mouse,824,116,1775551483646
mouse,820,116,1775551483653
mouse,818,116,1775551483660
mouse,815,116,1775551483667
mouse,812,117,1775551483674
mouse,809,118,1775551483681
mouse,807,118,1775551483688
mouse,804,118,1775551483695
mouse,800,118,1775551483702
mouse,799,118,1775551483708
mouse,796,118,1775551483715
mouse,794,119,1775551483722
mouse,792,119,1775551483729
mouse,788,120,1775551483736
mouse,785,120,1775551483743
mouse,784,121,1775551483750
mouse,780,122,1775551483757
mouse,777,122,1775551483764
mouse,775,122,1775551483771
mouse,771,123,1775551483778
mouse,768,123,1775551483785
mouse,764,124,1775551483792
mouse,760,125,1775551483799
mouse,756,126,1775551483806
mouse,752,126,1775551483813
mouse,747,128,1775551483820
mouse,741,129,1775551483827
mouse,736,130,1775551483834
mouse,732,130,1775551483840
mouse,726,131,1775551483847
mouse,720,133,1775551483854
mouse,714,134,1775551483861
mouse,707,135,1775551483868
mouse,701,137,1775551483875
mouse,694,138,1775551483882
mouse,687,140,1775551483889
mouse,680,142,1775551483896
mouse,672,143,1775551483903
mouse,665,145,1775551483910
mouse,659,146,1775551483917
mouse,651,149,1775551483924
mouse,644,150,1775551483931
mouse,637,151,1775551483938
mouse,631,153,1775551483945
mouse,624,154,1775551483952
mouse,619,156,1775551483959
mouse,612,158,1775551483965
mouse,606,159,1775551483972
mouse,600,161,1775551483979
mouse,593,162,1775551483986
mouse,588,164,1775551483993
mouse,581,166,1775551484000
mouse,575,167,1775551484007
mouse,569,169,1775551484014
mouse,564,170,1775551484021
mouse,559,171,1775551484028
mouse,553,173,1775551484035
mouse,548,174,1775551484042
mouse,544,174,1775551484049
mouse,539,176,1775551484056
mouse,535,177,1775551484063
mouse,530,178,1775551484070
mouse,526,178,1775551484077
mouse,523,179,1775551484084
mouse,520,180,1775551484090
mouse,516,181,1775551484098
mouse,512,182,1775551484105
mouse,509,182,1775551484111
mouse,506,183,1775551484118
mouse,504,183,1775551484126
mouse,500,185,1775551484133
mouse,499,185,1775551484139
mouse,497,186,1775551484146
mouse,496,186,1775551484154
mouse,494,186,1775551484161
mouse,493,187,1775551484167
mouse,492,187,1775551484175
mouse,491,187,1775551484195
mouse,490,187,1775551484202
mouse,489,187,1775551484209
mouse,488,188,1775551484216
mouse,487,189,1775551484237
mouse,486,189,1775551484243
mouse,484,189,1775551484250
mouse,483,190,1775551484259
mouse,482,190,1775551484264
mouse,480,190,1775551484271
mouse,479,190,1775551484278
mouse,477,191,1775551484285
mouse,476,191,1775551484292
mouse,474,191,1775551484299
mouse,473,191,1775551484306
mouse,472,192,1775551484314
mouse,470,192,1775551484320
mouse,468,192,1775551484327
mouse,467,192,1775551484336
mouse,467,193,1775551484341
mouse,465,193,1775551484348
mouse,464,193,1775551484355
mouse,463,193,1775551484362
mouse,462,193,1775551484368
mouse,461,193,1775551484375
mouse,460,193,1775551484382
mouse,459,193,1775551484389
mouse,458,193,1775551484396
mouse,457,193,1775551484403
mouse,456,193,1775551484410
mouse,455,193,1775551484417
mouse,453,193,1775551484425
mouse,452,193,1775551484432
mouse,451,193,1775551484441
mouse,447,193,1775551484449
mouse,445,193,1775551484455
mouse,441,193,1775551484461
mouse,440,193,1775551484467
mouse,435,193,1775551484473
mouse,430,193,1775551484480
mouse,424,193,1775551484486
mouse,419,193,1775551484493
mouse,412,192,1775551484500
mouse,405,192,1775551484507
mouse,396,190,1775551484514
mouse,385,190,1775551484521
mouse,372,188,1775551484528
mouse,362,186,1775551484535
mouse,349,184,1775551484542
mouse,336,182,1775551484550
mouse,324,182,1775551484556
mouse,311,179,1775551484563
mouse,300,178,1775551484570
mouse,290,178,1775551484577
mouse,282,177,1775551484584
mouse,276,176,1775551484591
mouse,269,175,1775551484598
mouse,264,175,1775551484604
mouse,259,175,1775551484611
mouse,256,174,1775551484618
mouse,252,174,1775551484625
mouse,248,174,1775551484632
mouse,244,174,1775551484639
mouse,240,174,1775551484646
mouse,235,174,1775551484654
mouse,230,174,1775551484660
mouse,226,174,1775551484667
mouse,220,174,1775551484675
mouse,216,174,1775551484681
mouse,212,174,1775551484688
mouse,208,174,1775551484695
mouse,205,174,1775551484702
mouse,201,174,1775551484709
mouse,200,174,1775551484716
mouse,196,174,1775551484723
mouse,194,174,1775551484729
mouse,192,174,1775551484736
mouse,188,174,1775551484744
mouse,186,174,1775551484750
mouse,183,174,1775551484757
mouse,179,174,1775551484764
mouse,175,174,1775551484772
mouse,172,174,1775551484778
mouse,167,174,1775551484785
mouse,163,174,1775551484792
mouse,158,174,1775551484799
mouse,153,174,1775551484806
mouse,148,174,1775551484813
mouse,145,174,1775551484820
mouse,141,174,1775551484827
mouse,137,174,1775551484834
mouse,134,174,1775551484840
mouse,131,173,1775551484847
mouse,128,173,1775551484855
mouse,125,172,1775551484861
mouse,121,172,1775551484869
mouse,119,171,1775551484875
mouse,116,171,1775551484882
mouse,112,171,1775551484890
mouse,109,171,1775551484896
mouse,105,171,1775551484904
mouse,103,170,1775551484910
mouse,99,170,1775551484917
mouse,95,170,1775551484924
mouse,91,170,1775551484932
mouse,86,169,1775551484938
mouse,81,167,1775551484945
mouse,76,167,1775551484952
mouse,72,166,1775551484960
mouse,68,166,1775551484965
mouse,64,165,1775551484972
mouse,60,165,1775551484979
mouse,56,165,1775551484986
mouse,52,164,1775551484993
mouse,50,163,1775551485000
mouse,48,163,1775551485007
mouse,45,162,1775551485014
mouse,43,162,1775551485022
mouse,40,162,1775551485028
mouse,39,162,1775551485035
mouse,36,162,1775551485042
mouse,35,161,1775551485049
mouse,32,161,1775551485056
mouse,30,160,1775551485063
mouse,28,158,1775551485071
mouse,26,158,1775551485077
mouse,25,158,1775551485084
mouse,24,157,1775551485091
mouse,23,157,1775551489026
mouse,22,157,1775551489034
mouse,21,156,1775551489035
mouse,20,156,1775551489042
mouse,19,155,1775551489049
mouse,17,155,1775551489056
mouse,15,155,1775551489063
mouse,13,155,1775551489070
mouse,11,155,1775551489077
mouse,8,155,1775551489084
mouse,6,155,1775551489091
mouse,4,155,1775551489097
mouse,1,155,1775551489104
mouse,0,155,1775551489109
mouse,0,155,1775551489115
mouse,0,384,1775551975537
mouse,0,382,1775551975540
mouse,1,379,1775551975547
mouse,5,376,1775551975554
mouse,8,372,1775551975561
mouse,10,369,1775551975568
mouse,13,366,1775551975575
mouse,16,362,1775551975582
mouse,18,359,1775551975589
mouse,20,356,1775551975596
mouse,22,353,1775551975602
mouse,24,350,1775551975609
mouse,24,347,1775551975616
mouse,26,345,1775551975623
mouse,27,342,1775551975630
mouse,27,340,1775551975637
mouse,27,338,1775551975645
mouse,27,336,1775551975651
mouse,27,333,1775551975658
mouse,25,330,1775551975667
mouse,24,328,1775551975672
mouse,21,326,1775551975679
mouse,20,322,1775551975686
mouse,16,320,1775551975693
mouse,13,318,1775551975700
mouse,11,315,1775551975707
mouse,9,314,1775551975714
mouse,7,312,1775551975721
mouse,5,310,1775551975727
mouse,4,308,1775551975734
mouse,1,306,1775551975741
mouse,0,306,1775551975748
mouse,0,304,1775551975755
mouse,0,302,1775551975762
mouse,0,290,1775551975854
mouse,0,286,1775551975860
mouse,0,282,1775551975867
mouse,0,276,1775551975873
mouse,0,271,1775551975880
mouse,3,265,1775551975888
mouse,5,260,1775551975894
mouse,8,255,1775551975901
mouse,11,251,1775551975908
mouse,14,245,1775551975915
mouse,17,239,1775551975922
mouse,20,234,1775551975929
mouse,22,228,1775551975936
mouse,24,223,1775551975943
mouse,25,219,1775551975950
mouse,26,216,1775551975957
mouse,27,213,1775551975964
mouse,28,211,1775551975971
mouse,28,209,1775551975978
mouse,28,207,1775551975985
mouse,29,206,1775551975992
mouse,30,206,1775551975998
mouse,31,206,1775551976007
mouse,32,205,1775551976012
mouse,34,205,1775551976019
mouse,36,204,1775551976026
mouse,38,203,1775551976033
mouse,40,203,1775551976040
mouse,41,203,1775551976047
mouse,43,203,1775551976055
mouse,44,202,1775551976061
mouse,45,202,1775551976068
mouse,45,201,1775551976075
mouse,47,199,1775551976082
mouse,48,198,1775551976090
mouse,48,197,1775551976099
mouse,48,196,1775551976104
mouse,48,195,1775551976112
mouse,49,194,1775551976117
mouse,49,193,1775551976123
mouse,49,191,1775551976130
mouse,49,189,1775551976137
mouse,49,186,1775551976144
mouse,49,184,1775551976151
mouse,48,180,1775551976158
mouse,47,178,1775551976165
mouse,46,174,1775551976172
mouse,44,170,1775551976179
mouse,42,167,1775551976186
mouse,40,165,1775551976193
mouse,39,162,1775551976200
mouse,37,158,1775551976207
mouse,36,157,1775551976214
mouse,34,154,1775551976221
mouse,32,153,1775551976229
mouse,32,150,1775551976234
mouse,31,150,1775551976241
mouse,30,150,1775551976248
mouse,30,149,1775551976255
mouse,30,149,1775551976297
mouse,952,94,1775552011714
mouse,951,94,1775552011749
mouse,950,94,1775552011756
mouse,948,94,1775552011763
mouse,946,93,1775552011770
mouse,941,93,1775552011776
mouse,934,92,1775552011783
mouse,922,91,1775552011790
mouse,905,89,1775552011797
mouse,883,86,1775552011804
mouse,852,84,1775552011811
mouse,811,79,1775552011818
mouse,763,75,1775552011825
mouse,702,70,1775552011832
mouse,644,66,1775552011839
mouse,556,60,1775552011846
mouse,484,58,1775552011853
mouse,396,57,1775552011860
mouse,302,58,1775552011867
mouse,206,61,1775552011874
mouse,108,66,1775552011881
mouse,12,76,1775552011888
mouse,0,78,1775552011891
mouse,0,285,1775552033540
mouse,0,284,1775552033549
mouse,2,282,1775552033556
mouse,4,282,1775552033561
mouse,6,282,1775552033568
mouse,8,281,1775552033575
mouse,9,280,1775552033582
mouse,10,280,1775552033589
mouse,12,279,1775552033596
mouse,13,278,1775552033603
mouse,14,278,1775552033610
mouse,15,278,1775552033617
mouse,16,277,1775552033624
mouse,17,277,1775552033631
mouse,18,276,1775552033638
mouse,20,276,1775552033645
mouse,21,276,1775552033655
mouse,22,276,1775552033659
mouse,22,275,1775552033666
mouse,24,274,1775552033673
mouse,25,274,1775552033681
mouse,26,274,1775552033687
mouse,28,274,1775552033693
mouse,28,273,1775552033700
mouse,30,273,1775552033707
mouse,32,272,1775552033714
mouse,34,271,1775552033721
mouse,36,270,1775552033728
mouse,38,270,1775552033735
mouse,40,269,1775552033742
mouse,42,268,1775552033749
mouse,44,266,1775552033756
mouse,46,266,1775552033763
mouse,48,264,1775552033770
mouse,49,262,1775552033777
mouse,50,261,1775552033784
mouse,51,259,1775552033791
mouse,52,258,1775552033798
mouse,52,256,1775552033805
mouse,53,254,1775552033812
mouse,53,250,1775552033819
mouse,53,247,1775552033825
mouse,53,243,1775552033832
mouse,53,238,1775552033839
mouse,52,232,1775552033846
mouse,52,228,1775552033853
mouse,50,222,1775552033861
mouse,50,218,1775552033867
mouse,48,214,1775552033874
mouse,48,211,1775552033881
mouse,48,208,1775552033888
mouse,47,206,1775552033895
mouse,46,203,1775552033902
mouse,46,202,1775552033909
mouse,45,200,1775552033916
mouse,44,199,1775552033923
mouse,44,198,1775552033929
mouse,44,197,1775552033938
mouse,44,196,1775552033943
mouse,44,195,1775552033950
mouse,43,194,1775552033957
mouse,42,193,1775552033978
mouse,42,192,1775552033985
mouse,42,191,1775552033992
mouse,42,190,1775552034005
mouse,41,190,1775552034020
mouse,41,189,1775552034027
mouse,41,187,1775552034034
mouse,41,186,1775552034042
mouse,41,185,1775552034050
mouse,40,183,1775552034054
mouse,40,181,1775552034063
mouse,40,179,1775552034068
mouse,40,177,1775552034075
mouse,40,174,1775552034082
mouse,40,172,1775552034089
mouse,40,170,1775552034096
mouse,40,168,1775552034103
mouse,40,166,1775552034110
mouse,40,164,1775552034117
mouse,40,162,1775552034124
mouse,40,161,1775552034134
mouse,40,160,1775552034138
mouse,40,159,1775552034146
mouse,40,158,1775552034153
mouse,40,157,1775552034165
mouse,40,156,1775552034171
mouse,40,154,1775552034186
mouse,39,154,1775552034193
mouse,39,153,1775552034200
mouse,39,153,1775552034257
mouse,948,82,1775552039013
mouse,947,82,1775552039190
mouse,946,82,1775552039196
mouse,945,82,1775552039205
mouse,944,82,1775552039210
mouse,944,83,1775552039214
mouse,943,83,1775552039221
mouse,942,83,1775552039228
mouse,940,83,1775552039236
mouse,939,84,1775552039242
mouse,938,85,1775552039249
mouse,936,85,1775552039256
mouse,934,85,1775552039263
mouse,932,85,1775552039270
mouse,930,86,1775552039277
mouse,928,86,1775552039284
mouse,926,86,1775552039291
mouse,924,86,1775552039298
mouse,920,86,1775552039304
mouse,918,86,1775552039311
mouse,915,87,1775552039318
mouse,912,87,1775552039325
mouse,910,87,1775552039332
mouse,906,87,1775552039340
mouse,904,87,1775552039346
mouse,900,88,1775552039353
mouse,897,88,1775552039360
mouse,895,88,1775552039367
mouse,891,88,1775552039375
mouse,888,88,1775552039381
mouse,887,89,1775552039388
mouse,884,89,1775552039395
mouse,880,89,1775552039402
mouse,878,89,1775552039409
mouse,876,89,1775552039416
mouse,873,89,1775552039423
mouse,871,89,1775552039429
mouse,869,89,1775552039436
mouse,867,89,1775552039443
mouse,865,90,1775552039451
mouse,863,90,1775552039458
mouse,861,90,1775552039464
mouse,860,90,1775552039471
mouse,859,90,1775552039478
mouse,858,90,1775552039485
mouse,857,90,1775552039492
mouse,856,90,1775552039499
mouse,855,90,1775552039509
mouse,854,90,1775552039527
mouse,853,90,1775552039534
mouse,852,90,1775552039544
mouse,852,91,1775552039548
mouse,851,91,1775552039556
mouse,851,92,1775552039566
mouse,850,92,1775552039568
mouse,849,92,1775552039575
mouse,848,92,1775552039586
mouse,847,93,1775552039603
mouse,846,93,1775552039612
mouse,845,93,1775552039618
mouse,844,93,1775552039638
mouse,843,94,1775552039659
mouse,842,94,1775552039666
mouse,841,94,1775552039673
mouse,840,94,1775552039680
mouse,839,94,1775552039691
mouse,838,94,1775552039694
mouse,837,94,1775552039700
mouse,836,94,1775552039708
mouse,835,94,1775552039714
mouse,833,95,1775552039722
mouse,832,95,1775552039728
mouse,830,96,1775552039736
mouse,829,96,1775552039742
mouse,828,97,1775552039749
mouse,826,97,1775552039756
mouse,824,97,1775552039763
mouse,823,97,1775552039770
mouse,821,97,1775552039777
mouse,820,98,1775552039784
mouse,819,98,1775552039791
mouse,818,98,1775552039798
mouse,816,98,1775552039805
mouse,815,98,1775552039812
mouse,813,98,1775552039820
mouse,812,98,1775552039825
mouse,811,99,1775552039832
mouse,809,99,1775552039840
mouse,808,99,1775552039848
mouse,806,100,1775552039856
mouse,804,101,1775552039864
mouse,802,101,1775552039867
mouse,800,101,1775552039874
mouse,799,102,1775552039881
mouse,796,102,1775552039889
mouse,795,102,1775552039895
mouse,792,102,1775552039902
mouse,791,103,1775552039909
mouse,789,103,1775552039916
mouse,787,104,1775552039922
mouse,784,105,1775552039929
mouse,782,106,1775552039936
mouse,780,106,1775552039943
mouse,778,106,1775552039950
mouse,775,107,1775552039958
mouse,772,108,1775552039964
mouse,769,110,1775552039972
mouse,767,110,1775552039978
mouse,764,111,1775552039985
mouse,760,112,1775552039992
mouse,758,113,1775552039999
mouse,755,114,1775552040006
mouse,751,114,1775552040013
mouse,748,115,1775552040020
mouse,745,116,1775552040027
mouse,743,118,1775552040034
mouse,740,118,1775552040041
mouse,736,119,1775552040048
mouse,734,120,1775552040054
mouse,731,121,1775552040062
mouse,728,122,1775552040068
mouse,726,123,1775552040075
mouse,722,124,1775552040082
mouse,718,126,1775552040090
mouse,714,126,1775552040096
mouse,709,129,1775552040103
mouse,705,130,1775552040110
mouse,699,132,1775552040118
mouse,695,133,1775552040124
mouse,689,134,1775552040131
mouse,686,136,1775552040138
mouse,680,138,1775552040145
mouse,676,139,1775552040152
mouse,671,141,1775552040159
mouse,667,142,1775552040166
mouse,662,143,1775552040172
mouse,656,146,1775552040179
mouse,652,147,1775552040186
mouse,647,149,1775552040193
mouse,643,150,1775552040200
mouse,637,152,1775552040207
mouse,632,153,1775552040214
mouse,627,154,1775552040221
mouse,620,156,1775552040229
mouse,616,158,1775552040235
mouse,612,160,1775552040242
mouse,607,162,1775552040249
mouse,603,163,1775552040256
mouse,599,165,1775552040264
mouse,596,166,1775552040270
mouse,594,166,1775552040277
mouse,591,168,1775552040284
mouse,588,168,1775552040291
mouse,585,170,1775552040297
mouse,580,171,1775552040304
mouse,576,173,1775552040311
mouse,572,174,1775552040318
mouse,566,175,1775552040325
mouse,560,177,1775552040332
mouse,554,178,1775552040339
mouse,548,179,1775552040346
mouse,542,182,1775552040353
mouse,534,182,1775552040360
mouse,528,184,1775552040367
mouse,520,186,1775552040374
mouse,513,186,1775552040381
mouse,506,188,1775552040388
mouse,500,189,1775552040395
mouse,492,190,1775552040402
mouse,484,191,1775552040409
mouse,476,192,1775552040415
mouse,468,193,1775552040423
mouse,460,194,1775552040429
mouse,452,195,1775552040436
mouse,444,196,1775552040443
mouse,436,198,1775552040450
mouse,429,199,1775552040457
mouse,421,202,1775552040465
mouse,416,202,1775552040471
mouse,409,204,1775552040478
mouse,404,206,1775552040485
mouse,397,206,1775552040492
mouse,392,209,1775552040499
mouse,386,210,1775552040506
mouse,381,210,1775552040513
mouse,374,211,1775552040520
mouse,368,213,1775552040527
mouse,360,214,1775552040534
mouse,352,214,1775552040540
mouse,345,215,1775552040547
mouse,337,216,1775552040554
mouse,328,218,1775552040561
mouse,322,218,1775552040568
mouse,315,218,1775552040575
mouse,308,218,1775552040582
mouse,302,220,1775552040589
mouse,295,221,1775552040597
mouse,290,221,1775552040604
mouse,286,222,1775552040610
mouse,283,223,1775552040617
mouse,280,224,1775552040624
mouse,278,225,1775552040632
mouse,277,226,1775552040638
mouse,276,226,1775552040640
mouse,276,226,1775552040645
click,276,226,1775552040747
mouse,276,227,1775552040839
mouse,274,229,1775552040847
mouse,272,230,1775552040855
mouse,272,233,1775552040861
mouse,270,234,1775552040867
mouse,268,237,1775552040874
mouse,266,240,1775552040881
mouse,263,244,1775552040889
mouse,261,246,1775552040895
mouse,258,250,1775552040902
mouse,256,253,1775552040909
mouse,254,256,1775552040916
mouse,252,259,1775552040922
mouse,250,262,1775552040929
mouse,248,265,1775552040936
mouse,246,268,1775552040943
mouse,244,271,1775552040950
mouse,242,273,1775552040957
mouse,240,276,1775552040965
mouse,240,278,1775552040971
mouse,238,280,1775552040978
mouse,236,282,1775552040985
mouse,236,286,1775552040993
mouse,234,288,1775552040999
mouse,234,290,1775552041006
mouse,232,294,1775552041013
mouse,232,297,1775552041020
mouse,231,299,1775552041027
mouse,230,302,1775552041034
mouse,229,305,1775552041041
mouse,228,308,1775552041048
mouse,228,310,1775552041055
mouse,227,312,1775552041062
mouse,226,314,1775552041068
mouse,226,315,1775552041075
mouse,225,317,1775552041083
mouse,224,318,1775552041089
mouse,224,320,1775552041096
mouse,224,322,1775552041103
mouse,224,324,1775552041111
mouse,222,327,1775552041118
mouse,222,330,1775552041124
mouse,221,332,1775552041131
mouse,220,336,1775552041138
mouse,220,339,1775552041145
mouse,219,342,1775552041152
mouse,218,346,1775552041159
mouse,217,348,1775552041166
mouse,216,350,1775552041172
mouse,216,353,1775552041179
mouse,214,355,1775552041186
mouse,214,356,1775552041193
mouse,213,358,1775552041200
mouse,212,358,1775552041207
mouse,212,359,1775552041216
mouse,212,360,1775552041235
mouse,211,360,1775552041242
mouse,210,360,1775552041310
mouse,209,360,1775552041314
mouse,208,359,1775552041318
mouse,208,357,1775552041325
mouse,204,354,1775552041332
mouse,202,348,1775552041339
mouse,198,342,1775552041346
mouse,194,334,1775552041353
mouse,189,324,1775552041360
mouse,184,317,1775552041367
mouse,179,309,1775552041374
mouse,172,300,1775552041381
mouse,166,292,1775552041388
mouse,160,283,1775552041395
mouse,152,274,1775552041402
mouse,147,266,1775552041409
mouse,139,257,1775552041416
mouse,132,248,1775552041423
mouse,125,239,1775552041430
mouse,119,231,1775552041437
mouse,114,224,1775552041443
mouse,108,218,1775552041450
mouse,104,212,1775552041457
mouse,100,207,1775552041464
mouse,97,203,1775552041471
mouse,96,199,1775552041478
mouse,94,197,1775552041485
mouse,92,195,1775552041492
mouse,92,194,1775552041499
mouse,92,193,1775552041506
mouse,91,191,1775552041513
mouse,91,190,1775552041538
mouse,91,189,1775552041575
mouse,90,189,1775552041584
mouse,89,187,1775552041591
mouse,89,186,1775552041598
mouse,88,185,1775552041603
mouse,88,183,1775552041610
mouse,88,181,1775552041617
mouse,88,179,1775552041624
mouse,87,176,1775552041631
mouse,87,174,1775552041638
mouse,86,173,1775552041645
mouse,86,171,1775552041652
mouse,85,170,1775552041659
mouse,84,168,1775552041666
mouse,84,167,1775552041673
mouse,84,166,1775552041680
mouse,83,166,1775552041769
mouse,81,166,1775552041784
mouse,77,166,1775552041792
mouse,74,166,1775552041798
mouse,71,166,1775552041804
mouse,68,166,1775552041811
mouse,63,166,1775552041818
mouse,59,166,1775552041825
mouse,53,166,1775552041833
mouse,50,166,1775552041839
mouse,46,165,1775552041846
mouse,42,164,1775552041854
mouse,40,163,1775552041860
mouse,37,163,1775552041867
mouse,36,163,1775552041874
mouse,35,163,1775552041896
mouse,966,79,1775552046279
mouse,967,80,1775552046280
mouse,966,80,1775552046305
mouse,964,80,1775552046312
mouse,963,80,1775552046322
mouse,962,80,1775552046329
mouse,961,79,1775552046333
mouse,960,79,1775552046339
mouse,959,78,1775552046346
mouse,956,78,1775552046353
mouse,954,78,1775552046360
mouse,951,78,1775552046367
mouse,948,78,1775552046374
mouse,944,78,1775552046381
mouse,940,78,1775552046388
mouse,933,79,1775552046395
mouse,927,80,1775552046402
mouse,920,82,1775552046409
mouse,910,83,1775552046416
mouse,899,86,1775552046423
mouse,885,90,1775552046430
mouse,870,94,1775552046437
mouse,854,97,1775552046443
mouse,834,102,1775552046450
mouse,815,107,1775552046457
mouse,792,112,1775552046464
mouse,768,118,1775552046471
mouse,744,123,1775552046478
mouse,721,129,1775552046485
mouse,699,134,1775552046492
mouse,679,140,1775552046499
mouse,659,145,1775552046506
mouse,640,150,1775552046513
mouse,623,156,1775552046520
mouse,607,161,1775552046527
mouse,594,165,1775552046534
mouse,580,168,1775552046541
mouse,569,171,1775552046548
mouse,557,174,1775552046555
mouse,547,177,1775552046561
mouse,539,179,1775552046568
mouse,532,182,1775552046575
mouse,524,183,1775552046582
mouse,520,185,1775552046589
mouse,516,186,1775552046596
mouse,514,186,1775552046603
mouse,512,187,1775552046611
mouse,510,188,1775552046618
click,510,188,1775552046723
mouse,509,188,1775552046749
mouse,508,189,1775552046756
mouse,506,190,1775552046763
mouse,504,190,1775552046770
mouse,500,192,1775552046778
mouse,496,193,1775552046784
mouse,490,194,1775552046791
mouse,480,197,1775552046798
mouse,468,200,1775552046805
mouse,455,204,1775552046811
mouse,440,208,1775552046818
mouse,424,214,1775552046825
mouse,409,219,1775552046832
mouse,394,225,1775552046839
mouse,383,229,1775552046846
mouse,371,234,1775552046853
mouse,360,238,1775552046860
mouse,352,241,1775552046867
mouse,346,243,1775552046874
mouse,341,245,1775552046881
mouse,339,246,1775552046888
mouse,338,246,1775552046891
mouse,337,246,1775552046895
mouse,336,247,1775552046902
mouse,336,248,1775552047003
click,336,248,1775552047005
mouse,336,249,1775552047008
mouse,336,251,1775552047013
mouse,336,255,1775552047020
mouse,336,260,1775552047027
mouse,336,268,1775552047034
mouse,336,274,1775552047041
mouse,336,280,1775552047048
mouse,336,287,1775552047055
mouse,337,294,1775552047062
mouse,338,304,1775552047069
mouse,340,313,1775552047075
mouse,344,321,1775552047082
mouse,347,326,1775552047089
mouse,349,333,1775552047096
mouse,352,338,1775552047103
mouse,353,340,1775552047110
mouse,354,342,1775552047117
mouse,355,343,1775552047124
mouse,356,343,1775552047131
click,356,343,1775552047240
mouse,355,342,1775552047290
mouse,352,339,1775552047298
mouse,350,335,1775552047306
mouse,348,331,1775552047312
mouse,342,326,1775552047319
mouse,336,318,1775552047326
mouse,327,307,1775552047332
mouse,317,296,1775552047339
mouse,305,283,1775552047346
mouse,292,269,1775552047353
mouse,277,254,1775552047360
mouse,260,240,1775552047367
mouse,244,224,1775552047374
mouse,228,210,1775552047381
mouse,208,193,1775552047388
mouse,193,179,1775552047395
mouse,181,168,1775552047402
mouse,165,154,1775552047409
mouse,156,146,1775552047416
mouse,146,136,1775552047423
mouse,139,130,1775552047430
mouse,134,125,1775552047437
mouse,132,121,1775552047443
mouse,129,118,1775552047451
mouse,128,116,1775552047458
mouse,128,114,1775552047464
mouse,128,113,1775552047472
mouse,128,112,1775552047478
mouse,128,110,1775552047485
mouse,128,109,1775552047492
mouse,128,106,1775552047499
mouse,128,105,1775552047506
mouse,128,104,1775552047513
mouse,128,102,1775552047520
mouse,128,101,1775552047541
mouse,128,100,1775552047548
mouse,128,99,1775552047555
mouse,128,98,1775552047562
mouse,128,96,1775552047582
mouse,128,95,1775552047590
mouse,128,94,1775552047596
mouse,128,93,1775552047603
mouse,128,92,1775552047610
mouse,128,90,1775552047617
mouse,127,89,1775552047624
mouse,127,88,1775552047632
mouse,127,87,1775552047640
mouse,127,86,1775552047648
mouse,127,85,1775552047666
mouse,127,84,1775552047673
mouse,127,83,1775552047680
mouse,127,82,1775552047690
click,127,82,1775552047837
mouse,128,82,1775552048248
mouse,128,83,1775552048300
mouse,128,84,1775552048307
mouse,129,84,1775552048312
mouse,130,84,1775552048339
mouse,130,85,1775552048374
mouse,131,85,1775552048382
mouse,131,86,1775552048407
mouse,132,86,1775552048458
mouse,132,87,1775552048472
mouse,132,88,1775552048478
mouse,132,89,1775552048487
mouse,133,90,1775552048492
mouse,134,90,1775552048503
mouse,135,91,1775552048506
mouse,135,93,1775552048513
mouse,136,94,1775552048521
mouse,136,95,1775552048529
mouse,136,96,1775552048532
mouse,137,97,1775552048541
mouse,138,98,1775552048545
mouse,138,100,1775552048555
mouse,139,101,1775552048564
mouse,140,102,1775552048569
mouse,140,104,1775552048576
mouse,141,104,1775552048583
mouse,142,106,1775552048590
mouse,142,107,1775552048600
mouse,142,108,1775552048605
mouse,143,108,1775552048610
mouse,143,109,1775552048619
mouse,144,110,1775552048624
mouse,144,111,1775552048664
mouse,144,112,1775552048668
mouse,144,113,1775552048698
mouse,144,114,1775552048722
click,144,114,1775552049373
mouse,144,115,1775552051314
mouse,144,116,1775552051322
mouse,144,117,1775552051332
mouse,145,118,1775552051339
mouse,145,119,1775552051346
mouse,146,120,1775552051353
mouse,146,122,1775552051360
mouse,146,123,1775552051368
mouse,147,124,1775552051375
mouse,148,126,1775552051381
mouse,148,127,1775552051389
mouse,148,128,1775552051396
mouse,149,130,1775552051402
mouse,150,130,1775552051409
mouse,150,131,1775552051416
mouse,150,134,1775552051423
mouse,150,135,1775552051430
mouse,151,137,1775552051437
mouse,152,139,1775552051443
mouse,152,142,1775552051450
mouse,152,143,1775552051457
mouse,153,145,1775552051460
mouse,154,146,1775552051464
mouse,154,148,1775552051471
mouse,155,151,1775552051478
mouse,156,154,1775552051485
mouse,156,157,1775552051493
mouse,156,159,1775552051499
mouse,156,162,1775552051506
mouse,157,165,1775552051513
mouse,158,167,1775552051520
mouse,158,170,1775552051527
mouse,158,172,1775552051534
mouse,159,174,1775552051541
mouse,160,177,1775552051548
mouse,160,182,1775552051556
mouse,160,184,1775552051562
mouse,161,188,1775552051569
mouse,162,192,1775552051575
mouse,162,194,1775552051580
mouse,162,195,1775552051582
mouse,163,198,1775552051589
mouse,163,202,1775552051596
mouse,164,206,1775552051603
mouse,164,208,1775552051610
mouse,164,210,1775552051617
mouse,164,213,1775552051624
mouse,164,214,1775552051631
mouse,164,216,1775552051638
mouse,164,218,1775552051645
mouse,164,219,1775552051652
mouse,165,221,1775552051659
mouse,165,222,1775552051666
mouse,166,224,1775552051673
mouse,166,226,1775552051680
mouse,166,227,1775552051687
mouse,167,230,1775552051694
mouse,167,231,1775552051701
mouse,168,233,1775552051707
mouse,168,235,1775552051714
mouse,168,237,1775552051721
mouse,168,238,1775552051728
mouse,168,239,1775552051735
mouse,168,241,1775552051742
mouse,169,242,1775552051749
mouse,169,243,1775552051756
mouse,170,244,1775552051763
mouse,170,245,1775552051770
mouse,170,246,1775552051777
mouse,170,247,1775552051784
mouse,171,248,1775552051791
mouse,171,249,1775552051798
mouse,171,250,1775552051809
mouse,172,250,1775552051816
mouse,172,251,1775552051836
click,172,251,1775552051940
mouse,172,251,1775552051945
mouse,172,252,1775552052019
mouse,172,256,1775552052028
mouse,172,262,1775552052035
mouse,172,268,1775552052041
mouse,172,275,1775552052048
mouse,172,285,1775552052055
mouse,172,296,1775552052062
mouse,172,307,1775552052069
mouse,172,320,1775552052075
mouse,172,331,1775552052083
mouse,172,343,1775552052089
mouse,172,354,1775552052096
mouse,171,364,1775552052103
mouse,170,372,1775552052110
mouse,169,380,1775552052117
mouse,169,386,1775552052124
mouse,168,391,1775552052131
mouse,168,395,1775552052138
mouse,168,398,1775552052145
mouse,167,402,1775552052152
mouse,166,403,1775552052159
mouse,165,405,1775552052166
mouse,165,406,1775552052173
click,165,406,1775552052324
mouse,166,406,1775552052396
mouse,168,407,1775552052402
mouse,172,408,1775552052409
mouse,176,410,1775552052416
mouse,184,410,1775552052423
mouse,191,412,1775552052430
mouse,203,414,1775552052437
mouse,218,416,1775552052443
mouse,235,418,1775552052450
mouse,256,421,1775552052457
mouse,278,422,1775552052464
mouse,302,423,1775552052471
mouse,327,424,1775552052478
mouse,352,424,1775552052485
mouse,379,424,1775552052492
mouse,407,424,1775552052499
mouse,433,423,1775552052506
mouse,459,422,1775552052513
mouse,481,422,1775552052520
mouse,503,422,1775552052527
mouse,522,422,1775552052534
mouse,540,422,1775552052541
mouse,552,422,1775552052548
mouse,564,422,1775552052555
mouse,574,422,1775552052562
mouse,580,422,1775552052569
mouse,585,422,1775552052575
mouse,588,422,1775552052583
mouse,592,422,1775552052589
mouse,593,422,1775552052596
mouse,594,422,1775552052603
mouse,595,422,1775552052611
mouse,595,423,1775552052617
mouse,596,423,1775552052624
click,596,423,1775552052879
mouse,596,424,1775552052911
mouse,596,425,1775552052916
mouse,596,427,1775552052923
mouse,596,429,1775552052930
mouse,596,433,1775552052937
mouse,595,438,1775552052944
mouse,592,442,1775552052950
mouse,590,448,1775552052957
mouse,588,454,1775552052964
mouse,583,462,1775552052971
mouse,580,468,1775552052978
mouse,575,476,1775552052985
mouse,571,484,1775552052992
mouse,565,491,1775552052999
mouse,561,498,1775552053006
mouse,556,506,1775552053013
mouse,552,511,1775552053020
mouse,548,517,1775552053027
mouse,544,522,1775552053034
mouse,540,526,1775552053041
mouse,539,529,1775552053048
mouse,536,533,1775552053055
mouse,533,535,1775552053062
mouse,532,538,1775552053069
mouse,531,539,1775552053076
mouse,529,541,1775552053083
mouse,529,542,1775552053090
mouse,528,542,1775552053096
mouse,528,543,1775552053103
mouse,528,544,1775552053135
click,528,544,1775552053262
mouse,528,544,1775552053265
mouse,527,544,1775552053317
mouse,526,544,1775552053319
mouse,523,544,1775552053326
mouse,519,543,1775552053332
mouse,513,542,1775552053339
mouse,505,541,1775552053346
mouse,496,538,1775552053353
mouse,485,537,1775552053360
mouse,473,534,1775552053367
mouse,458,531,1775552053374
mouse,440,527,1775552053381
mouse,423,522,1775552053388
mouse,401,517,1775552053395
mouse,380,512,1775552053402
mouse,357,507,1775552053409
mouse,334,501,1775552053416
mouse,315,496,1775552053423
mouse,290,490,1775552053430
mouse,269,484,1775552053437
mouse,249,478,1775552053444
mouse,234,473,1775552053451
mouse,220,468,1775552053457
mouse,210,465,1775552053464
mouse,203,462,1775552053471
mouse,199,459,1775552053478
mouse,196,457,1775552053485
mouse,195,454,1775552053492
mouse,193,450,1775552053499
mouse,193,448,1775552053506
mouse,193,445,1775552053513
mouse,193,441,1775552053520
mouse,193,436,1775552053527
mouse,193,430,1775552053534
mouse,193,425,1775552053541
mouse,193,417,1775552053548
mouse,194,410,1775552053555
mouse,195,402,1775552053562
mouse,196,395,1775552053568
mouse,196,387,1775552053575
mouse,197,381,1775552053582
mouse,197,374,1775552053589
mouse,200,366,1775552053596
mouse,200,360,1775552053603
mouse,203,352,1775552053610
mouse,204,346,1775552053617
mouse,208,337,1775552053625
mouse,208,330,1775552053633
mouse,211,323,1775552053639
mouse,212,316,1775552053645
mouse,214,308,1775552053653
mouse,216,302,1775552053659
mouse,216,297,1775552053667
mouse,218,290,1775552053674
mouse,220,285,1775552053680
mouse,220,280,1775552053687
mouse,221,275,1775552053694
mouse,222,273,1775552053700
mouse,222,269,1775552053707
mouse,223,267,1775552053714
mouse,224,264,1775552053721
mouse,224,261,1775552053728
mouse,225,258,1775552053735
mouse,226,255,1775552053742
mouse,226,253,1775552053749
mouse,227,250,1775552053756
mouse,228,250,1775552053763
mouse,228,249,1775552053770
click,228,249,1775552053882
mouse,228,248,1775552053900
mouse,228,247,1775552053903
mouse,226,246,1775552053910
mouse,224,245,1775552053916
mouse,220,242,1775552053924
mouse,216,240,1775552053930
mouse,212,238,1775552053937
mouse,207,235,1775552053944
mouse,200,233,1775552053951
mouse,192,230,1775552053958
mouse,184,226,1775552053964
mouse,176,223,1775552053971
mouse,165,219,1775552053978
mouse,156,217,1775552053985
mouse,148,213,1775552053992
mouse,138,210,1775552053999
mouse,127,206,1775552054006
mouse,118,203,1775552054013
mouse,108,199,1775552054020
mouse,101,197,1775552054027
mouse,92,194,1775552054034
mouse,84,192,1775552054041
mouse,77,190,1775552054048
mouse,71,187,1775552054055
mouse,66,186,1775552054062
mouse,62,185,1775552054068
mouse,59,184,1775552054075
mouse,56,183,1775552054082
mouse,55,182,1775552054089
mouse,52,182,1775552054096
mouse,52,181,1775552054103
mouse,51,181,1775552054110
mouse,50,181,1775552054117
mouse,48,180,1775552054125
mouse,48,179,1775552054134
mouse,47,179,1775552054138
mouse,46,179,1775552054145
mouse,44,178,1775552054152
mouse,43,178,1775552054163
mouse,43,177,1775552054167
mouse,41,177,1775552054174
mouse,41,176,1775552054185
mouse,40,176,1775552054188
mouse,40,175,1775552054195
mouse,39,175,1775552054201
mouse,38,175,1775552054209
mouse,38,174,1775552054215
mouse,37,174,1775552054221
mouse,36,174,1775552054228
mouse,36,173,1775552054235
mouse,35,173,1775552054242
mouse,34,172,1775552054254
mouse,33,172,1775552054270
mouse,33,171,1775552054277
mouse,32,171,1775552054311
mouse,32,170,1775552054345
mouse,31,170,1775552054375
mouse,31,169,1775552054419
mouse,31,168,1775552054464
mouse,31,167,1775552054485
mouse,31,166,1775552054510
mouse,31,165,1775552054527
mouse,31,164,1775552054552
mouse,31,163,1775552054558
mouse,32,163,1775552054576
mouse,32,162,1775552054583
mouse,32,161,1775552054603
mouse,32,160,1775552054624
mouse,32,159,1775552054632
mouse,32,158,1775552054644
mouse,960,86,1775552060437
mouse,961,87,1775552060444
mouse,960,87,1775552060585
mouse,959,87,1775552060594
mouse,958,87,1775552060598
mouse,956,87,1775552060603
mouse,955,87,1775552060610
mouse,951,87,1775552060617
mouse,948,88,1775552060624
mouse,944,88,1775552060631
mouse,938,88,1775552060638
mouse,933,89,1775552060645
mouse,926,90,1775552060652
mouse,918,90,1775552060659
mouse,908,91,1775552060666
mouse,897,91,1775552060673
mouse,884,93,1775552060680
mouse,872,94,1775552060687
mouse,856,95,1775552060694
mouse,840,98,1775552060700
mouse,822,99,1775552060707
mouse,805,102,1775552060714
mouse,787,105,1775552060721
mouse,768,108,1775552060728
mouse,751,111,1775552060735
mouse,735,113,1775552060742
mouse,718,115,1775552060749
mouse,703,118,1775552060756
mouse,688,120,1775552060763
mouse,674,121,1775552060770
mouse,661,122,1775552060777
mouse,648,124,1775552060784
mouse,634,126,1775552060791
mouse,621,126,1775552060798
mouse,606,127,1775552060805
mouse,593,127,1775552060812
mouse,576,127,1775552060819
mouse,559,127,1775552060826
mouse,540,127,1775552060832
mouse,519,127,1775552060840
mouse,493,127,1775552060847
mouse,475,127,1775552060853
mouse,452,127,1775552060860
mouse,431,127,1775552060867
mouse,408,127,1775552060874
mouse,389,129,1775552060881
mouse,370,130,1775552060888
mouse,352,131,1775552060895
mouse,335,133,1775552060902
mouse,319,134,1775552060909
mouse,304,135,1775552060916
mouse,293,137,1775552060923
mouse,280,138,1775552060930
mouse,272,138,1775552060937
mouse,262,138,1775552060944
mouse,252,139,1775552060950
mouse,241,139,1775552060957
mouse,232,139,1775552060964
mouse,222,139,1775552060971
mouse,211,139,1775552060978
mouse,200,139,1775552060985
mouse,188,139,1775552060992
mouse,174,140,1775552060999
mouse,160,141,1775552061006
mouse,141,141,1775552061014
mouse,128,142,1775552061020
mouse,112,144,1775552061027
mouse,97,146,1775552061034
mouse,81,147,1775552061041
mouse,65,150,1775552061048
mouse,49,152,1775552061055
mouse,34,155,1775552061062
mouse,18,157,1775552061069
mouse,3,160,1775552061076
mouse,0,160,1775552061077
mouse,0,161,1775552061079
mouse,0,429,1775552460913
mouse,4,428,1775552460914
mouse,46,422,1775552460920
mouse,79,418,1775552460927
mouse,120,413,1775552460934
mouse,149,409,1775552460941
mouse,176,406,1775552460948
mouse,198,403,1775552460955
mouse,212,401,1775552460962
mouse,225,399,1775552460969
mouse,235,398,1775552460976
mouse,240,396,1775552460983
mouse,243,395,1775552460989
mouse,244,394,1775552460996
mouse,243,394,1775552461023
mouse,242,394,1775552461025
mouse,240,392,1775552461031
mouse,238,390,1775552461038
mouse,234,389,1775552461045
mouse,229,386,1775552461052
mouse,224,385,1775552461059
mouse,219,383,1775552461066
mouse,213,381,1775552461073
mouse,208,379,1775552461080
mouse,203,378,1775552461087
mouse,197,375,1775552461094
mouse,192,373,1775552461101
mouse,188,371,1775552461107
mouse,183,369,1775552461114
mouse,176,366,1775552461121
mouse,172,364,1775552461128
mouse,167,361,1775552461135
mouse,160,358,1775552461142
mouse,153,354,1775552461149
mouse,146,352,1775552461156
mouse,139,349,1775552461163
mouse,130,346,1775552461170
mouse,122,342,1775552461177
mouse,115,338,1775552461184
mouse,105,334,1775552461192
mouse,96,331,1775552461198
mouse,88,327,1775552461205
mouse,78,324,1775552461212
mouse,71,321,1775552461219
mouse,63,318,1775552461227
mouse,57,315,1775552461232
mouse,53,314,1775552461239
mouse,48,313,1775552461246
mouse,46,310,1775552461253
mouse,44,309,1775552461260
mouse,43,308,1775552461267
mouse,42,306,1775552461274
mouse,41,304,1775552461281
mouse,40,301,1775552461288
mouse,40,298,1775552461295
mouse,39,295,1775552461302
mouse,37,294,1775552461309
mouse,37,291,1775552461316
mouse,36,290,1775552461323
mouse,36,287,1775552461330
mouse,36,286,1775552461337
mouse,35,285,1775552461344
mouse,35,282,1775552461351
mouse,35,281,1775552461358
mouse,35,279,1775552461365
mouse,35,277,1775552461372
mouse,36,273,1775552461379
mouse,38,270,1775552461385
mouse,40,266,1775552461392
mouse,41,263,1775552461399
mouse,44,259,1775552461406
mouse,46,254,1775552461413
mouse,48,250,1775552461420
mouse,51,246,1775552461427
mouse,52,241,1775552461434
mouse,55,236,1775552461442
mouse,57,232,1775552461448
mouse,59,229,1775552461455
mouse,61,226,1775552461463
mouse,63,222,1775552461469
mouse,64,221,1775552461476
mouse,66,218,1775552461482
mouse,67,215,1775552461489
mouse,69,213,1775552461496
mouse,71,210,1775552461503
mouse,72,207,1775552461510
mouse,73,205,1775552461517
mouse,74,202,1775552461524
mouse,75,200,1775552461531
mouse,76,198,1775552461538
mouse,76,196,1775552461545
mouse,77,194,1775552461552
mouse,77,193,1775552461559
mouse,77,191,1775552461566
mouse,77,190,1775552461573
mouse,77,188,1775552461581
mouse,77,187,1775552461587
mouse,77,186,1775552461594
mouse,77,185,1775552461603
mouse,77,184,1775552461608
mouse,77,183,1775552461615
mouse,76,182,1775552461621
mouse,76,180,1775552461628
mouse,74,179,1775552461635
mouse,74,178,1775552461642
mouse,73,177,1775552461649
mouse,72,175,1775552461656
mouse,72,174,1775552461663
mouse,70,172,1775552461670
mouse,69,170,1775552461677
mouse,68,168,1775552461684
mouse,66,166,1775552461691
mouse,64,164,1775552461699
mouse,60,162,1775552461705
mouse,58,160,1775552461712
mouse,56,158,1775552461719
mouse,52,156,1775552461726
mouse,50,155,1775552461732
mouse,47,154,1775552461740
mouse,43,152,1775552461747
mouse,40,150,1775552461753
mouse,37,150,1775552461760
mouse,34,148,1775552461767
mouse,32,147,1775552461774
mouse,29,146,1775552461781
mouse,26,146,1775552461788
mouse,24,146,1775552461795
mouse,22,146,1775552461802
mouse,20,146,1775552461809
mouse,19,146,1775552461818
mouse,18,146,1775552461823
mouse,18,146,1775552461858
mouse,106,0,1775552465338
mouse,107,2,1775552465343
mouse,108,6,1775552465351
mouse,108,10,1775552465359
mouse,109,12,1775552465364
mouse,110,15,1775552465371
mouse,110,18,1775552465378
mouse,112,21,1775552465385
mouse,112,24,1775552465392
mouse,113,27,1775552465399
mouse,114,30,1775552465406
mouse,115,34,1775552465413
mouse,116,38,1775552465420
mouse,116,41,1775552465427
mouse,117,44,1775552465434
mouse,118,46,1775552465441
mouse,119,49,1775552465448
mouse,120,51,1775552465455
mouse,120,54,1775552465462
mouse,120,56,1775552465469
mouse,120,58,1775552465476
mouse,120,60,1775552465482
mouse,120,62,1775552465489
mouse,120,64,1775552465496
mouse,120,66,1775552465503
mouse,120,69,1775552465510
mouse,120,72,1775552465517
mouse,120,74,1775552465524
mouse,120,78,1775552465531
mouse,120,80,1775552465538
mouse,120,84,1775552465545
mouse,119,87,1775552465552
mouse,118,90,1775552465559
mouse,117,94,1775552465566
mouse,116,98,1775552465573
mouse,116,102,1775552465580
mouse,115,106,1775552465587
mouse,113,110,1775552465593
mouse,112,114,1775552465600
mouse,110,118,1775552465607
mouse,108,122,1775552465614
mouse,108,126,1775552465621
mouse,107,130,1775552465629
mouse,106,134,1775552465635
mouse,104,138,1775552465644
mouse,103,142,1775552465650
mouse,103,144,1775552465656
mouse,102,148,1775552465663
mouse,100,150,1775552465670
mouse,100,154,1775552465677
mouse,99,156,1775552465684
mouse,99,158,1775552465691
mouse,98,159,1775552465698
mouse,98,161,1775552465705
mouse,97,162,1775552465712
mouse,97,163,1775552465719
mouse,96,165,1775552465725
mouse,96,166,1775552465732
mouse,96,168,1775552465739
mouse,95,168,1775552465746
mouse,94,170,1775552465753
mouse,92,171,1775552465760
mouse,92,173,1775552465767
mouse,91,174,1775552465774
mouse,90,174,1775552465867
mouse,89,174,1775552465871
mouse,88,174,1775552465879
mouse,87,174,1775552465885
mouse,85,174,1775552465892
mouse,84,174,1775552465899
mouse,83,174,1775552465907
mouse,80,174,1775552465913
mouse,79,173,1775552465920
mouse,77,173,1775552465928
mouse,76,171,1775552465934
mouse,75,170,1775552465941
mouse,74,169,1775552465949
mouse,73,167,1775552465955
mouse,72,166,1775552465962
mouse,71,165,1775552465969
mouse,69,164,1775552465976
mouse,68,162,1775552465982
mouse,67,162,1775552465990
mouse,65,161,1775552465996
mouse,65,160,1775552466004
mouse,64,159,1775552466010
mouse,63,159,1775552466017
mouse,62,158,1775552466025
mouse,61,157,1775552466031
mouse,60,157,1775552466038
mouse,59,156,1775552466045
mouse,58,155,1775552466052
mouse,57,154,1775552466059
mouse,56,154,1775552466066
mouse,55,154,1775552466073
mouse,762,164,1775552469663
mouse,760,165,1775552469670
mouse,759,165,1775552469677
mouse,758,165,1775552469684
mouse,756,166,1775552469691
mouse,755,166,1775552469698
mouse,753,166,1775552469705
mouse,752,166,1775552469712
mouse,748,166,1775552469719
mouse,746,166,1775552469726
mouse,742,166,1775552469732
mouse,739,166,1775552469739
mouse,735,166,1775552469746
mouse,731,167,1775552469753
mouse,727,167,1775552469760
mouse,721,167,1775552469767
mouse,716,168,1775552469774
mouse,712,169,1775552469781
mouse,704,170,1775552469788
mouse,696,171,1775552469795
mouse,688,174,1775552469802
mouse,681,174,1775552469809
mouse,674,175,1775552469816
mouse,665,176,1775552469823
mouse,656,178,1775552469830
mouse,646,178,1775552469837
mouse,636,179,1775552469844
mouse,624,180,1775552469850
mouse,612,181,1775552469857
mouse,600,182,1775552469864
mouse,587,183,1775552469871
mouse,575,184,1775552469878
mouse,560,186,1775552469885
mouse,546,186,1775552469892
mouse,532,187,1775552469899
mouse,514,187,1775552469907
mouse,501,188,1775552469913
mouse,485,188,1775552469920
mouse,467,188,1775552469927
mouse,448,188,1775552469934
mouse,428,188,1775552469941
mouse,409,187,1775552469948
mouse,392,187,1775552469955
mouse,373,187,1775552469962
mouse,358,187,1775552469969
mouse,344,187,1775552469975
mouse,332,187,1775552469982
mouse,320,187,1775552469989
mouse,310,187,1775552469996
mouse,301,188,1775552470003
mouse,293,189,1775552470010
mouse,285,189,1775552470017
mouse,277,190,1775552470024
mouse,270,190,1775552470031
mouse,263,190,1775552470038
mouse,256,190,1775552470045
mouse,249,190,1775552470052
mouse,243,190,1775552470059
mouse,238,190,1775552470066
mouse,232,190,1775552470073
mouse,227,190,1775552470080
mouse,222,190,1775552470087
mouse,216,190,1775552470094
mouse,212,190,1775552470100
mouse,208,190,1775552470107
mouse,204,190,1775552470114
mouse,200,189,1775552470121
mouse,196,189,1775552470128
mouse,192,188,1775552470135
mouse,188,188,1775552470142
mouse,184,187,1775552470149
mouse,180,187,1775552470156
mouse,176,186,1775552470163
mouse,172,186,1775552470170
mouse,168,186,1775552470177
mouse,164,186,1775552470184
mouse,160,186,1775552470191
mouse,157,186,1775552470198
mouse,153,186,1775552470205
mouse,151,186,1775552470212
mouse,148,186,1775552470219
mouse,145,186,1775552470225
mouse,144,186,1775552470232
mouse,141,186,1775552470239
mouse,140,186,1775552470246
mouse,139,186,1775552470253
mouse,137,186,1775552470260
mouse,136,186,1775552470267
mouse,135,186,1775552470274
mouse,133,186,1775552470281
mouse,131,186,1775552470288
mouse,128,186,1775552470295
mouse,125,186,1775552470302
mouse,123,187,1775552470309
mouse,118,188,1775552470316
mouse,115,188,1775552470323
mouse,111,188,1775552470330
mouse,106,188,1775552470337
mouse,101,188,1775552470343
mouse,96,188,1775552470350
mouse,92,188,1775552470357
mouse,88,188,1775552470364
mouse,85,187,1775552470371
mouse,83,187,1775552470378
mouse,80,186,1775552470385
mouse,76,186,1775552470392
mouse,75,186,1775552470399
mouse,73,186,1775552470406
mouse,72,186,1775552470413
mouse,71,186,1775552470421
mouse,70,185,1775552470427
mouse,69,185,1775552470434
mouse,68,185,1775552470441
mouse,67,185,1775552470453
mouse,67,184,1775552470458
mouse,66,184,1775552470464
mouse,65,183,1775552470470
mouse,65,182,1775552470476
mouse,64,182,1775552470484
mouse,63,181,1775552470490
mouse,62,181,1775552470496
mouse,61,180,1775552470503
mouse,60,178,1775552470510
mouse,59,178,1775552470517
mouse,58,177,1775552470524
mouse,57,176,1775552470531
mouse,56,175,1775552470538
mouse,55,174,1775552470545
mouse,55,173,1775552470552
mouse,53,172,1775552470559
mouse,53,171,1775552470566
mouse,52,170,1775552470573
mouse,52,169,1775552470580
mouse,51,169,1775552470587
mouse,49,168,1775552470594
mouse,49,167,1775552470601
mouse,49,166,1775552470611
mouse,48,166,1775552470615
mouse,47,166,1775552470641
mouse,46,165,1775552470650
mouse,45,164,1775552470657
mouse,44,164,1775552470663
mouse,44,163,1775552470670
mouse,44,162,1775552470677
mouse,43,161,1775552470684
mouse,42,161,1775552470691
mouse,41,160,1775552470698
mouse,41,159,1775552470705
mouse,40,159,1775552470717
mouse,40,158,1775552470719
mouse,41,158,1775552473678
mouse,42,158,1775552473688
mouse,43,158,1775552473705
mouse,44,158,1775552473726
mouse,45,158,1775552473738
mouse,46,158,1775552473739
mouse,47,158,1775552473747
mouse,48,159,1775552473753
mouse,50,159,1775552473761
mouse,51,159,1775552473767
mouse,52,160,1775552473774
mouse,53,160,1775552473781
mouse,55,160,1775552473789
mouse,56,160,1775552473795
mouse,58,160,1775552473802
mouse,60,160,1775552473809
mouse,60,161,1775552473816
mouse,62,161,1775552473823
mouse,64,161,1775552473830
mouse,68,162,1775552473838
mouse,70,162,1775552473844
mouse,74,162,1775552473850
mouse,77,163,1775552473857
mouse,80,164,1775552473864
mouse,83,164,1775552473871
mouse,85,164,1775552473878
mouse,88,165,1775552473885
mouse,90,165,1775552473892
mouse,92,166,1775552473899
mouse,95,166,1775552473906
mouse,96,166,1775552473913
mouse,98,166,1775552473921
mouse,100,166,1775552473927
mouse,101,166,1775552473934
mouse,103,167,1775552473941
mouse,104,168,1775552473948
mouse,106,168,1775552473955
mouse,108,169,1775552473962
mouse,112,170,1775552473970
mouse,114,170,1775552473975
mouse,117,170,1775552473982
mouse,121,172,1775552473989
mouse,124,172,1775552473996
mouse,127,173,1775552474004
mouse,129,174,1775552474010
mouse,132,174,1775552474017
mouse,135,174,1775552474024
mouse,136,175,1775552474031
mouse,138,176,1775552474038
mouse,140,176,1775552474045
mouse,142,177,1775552474052
mouse,144,178,1775552474059
mouse,146,178,1775552474067
mouse,148,179,1775552474073
mouse,151,181,1775552474080
mouse,154,182,1775552474087
mouse,157,183,1775552474094
mouse,160,185,1775552474100
mouse,163,186,1775552474107
mouse,167,188,1775552474114
mouse,170,190,1775552474121
mouse,172,191,1775552474128
mouse,176,191,1775552474135
mouse,178,193,1775552474142
mouse,180,194,1775552474149
mouse,183,195,1775552474156
mouse,186,196,1775552474163
mouse,188,198,1775552474170
mouse,192,198,1775552474177
mouse,195,200,1775552474184
mouse,198,202,1775552474192
mouse,200,203,1775552474198
mouse,204,205,1775552474205
mouse,207,206,1775552474212
mouse,209,207,1775552474219
mouse,212,209,1775552474226
mouse,212,210,1775552474233
mouse,214,211,1775552474240
mouse,216,211,1775552474246
mouse,216,213,1775552474253
mouse,217,214,1775552474260
mouse,218,214,1775552474267
mouse,219,214,1775552474274
mouse,220,215,1775552474281
mouse,220,216,1775552474294
mouse,221,216,1775552474300
mouse,222,217,1775552474316
mouse,223,218,1775552474337
mouse,224,218,1775552474346
mouse,224,219,1775552474352
mouse,226,219,1775552474358
mouse,227,221,1775552474365
mouse,228,222,1775552474372
mouse,229,223,1775552474379
mouse,231,224,1775552474385
mouse,232,225,1775552474392
mouse,234,226,1775552474399
mouse,235,227,1775552474406
mouse,236,227,1775552474413
mouse,236,228,1775552474421
mouse,237,229,1775552474427
mouse,238,229,1775552474434
mouse,239,229,1775552474445
mouse,240,229,1775552474450
click,240,229,1775552474623
mouse,240,230,1775552474768
mouse,240,231,1775552474779
mouse,239,233,1775552474796
mouse,239,234,1775552474805
mouse,237,236,1775552474810
mouse,236,238,1775552474816
mouse,236,239,1775552474823
mouse,235,242,1775552474831
mouse,235,244,1775552474837
mouse,234,246,1775552474844
mouse,233,248,1775552474851
mouse,232,250,1775552474857
mouse,232,251,1775552474864
mouse,232,253,1775552474873
mouse,232,254,1775552474878
mouse,232,255,1775552474885
mouse,231,257,1775552474892
mouse,231,258,1775552474899
mouse,231,261,1775552474906
mouse,231,262,1775552474914
mouse,230,265,1775552474920
mouse,229,268,1775552474927
mouse,229,270,1775552474934
mouse,228,273,1775552474941
mouse,228,275,1775552474948
mouse,228,278,1775552474956
mouse,228,280,1775552474962
mouse,228,282,1775552474969
mouse,228,284,1775552474976
mouse,228,286,1775552474984
mouse,228,288,1775552474990
mouse,228,290,1775552474996
mouse,228,292,1775552475004
mouse,228,294,1775552475010
mouse,228,296,1775552475017
mouse,227,298,1775552475024
mouse,227,300,1775552475032
mouse,227,302,1775552475038
mouse,227,306,1775552475045
mouse,227,309,1775552475052
mouse,227,312,1775552475059
mouse,226,316,1775552475066
mouse,226,318,1775552475073
mouse,226,322,1775552475080
mouse,226,324,1775552475087
mouse,225,327,1775552475094
mouse,225,330,1775552475100
mouse,225,332,1775552475107
mouse,225,334,1775552475114
mouse,225,336,1775552475121
mouse,225,339,1775552475128
mouse,225,342,1775552475135
mouse,225,344,1775552475142
mouse,225,347,1775552475149
mouse,225,350,1775552475156
mouse,226,353,1775552475163
mouse,226,355,1775552475170
mouse,226,358,1775552475177
mouse,226,360,1775552475184
mouse,228,363,1775552475191
mouse,228,366,1775552475198
mouse,229,369,1775552475205
mouse,230,372,1775552475212
mouse,232,375,1775552475219
mouse,235,378,1775552475225
mouse,238,382,1775552475232
mouse,242,386,1775552475239
mouse,247,390,1775552475246
mouse,252,394,1775552475253
mouse,260,398,1775552475260
mouse,268,402,1775552475267
mouse,276,406,1775552475274
mouse,285,410,1775552475281
mouse,293,412,1775552475288
mouse,302,414,1775552475295
mouse,310,418,1775552475302
mouse,317,419,1775552475309
mouse,325,422,1775552475316
mouse,331,422,1775552475323
mouse,336,423,1775552475330
mouse,342,425,1775552475338
mouse,346,426,1775552475344
mouse,351,426,1775552475350
mouse,355,426,1775552475357
mouse,358,427,1775552475364
mouse,362,427,1775552475371
mouse,366,427,1775552475379
mouse,368,427,1775552475385
mouse,372,427,1775552475392
mouse,373,427,1775552475399
mouse,376,427,1775552475406
mouse,378,427,1775552475413
mouse,380,426,1775552475421
mouse,382,426,1775552475427
mouse,384,426,1775552475434
mouse,386,426,1775552475441
mouse,387,425,1775552475448
mouse,389,425,1775552475455
mouse,392,425,1775552475462
mouse,394,423,1775552475469
mouse,396,423,1775552475475
mouse,398,422,1775552475482
mouse,400,422,1775552475489
mouse,401,422,1775552475497
mouse,402,422,1775552475503
mouse,403,422,1775552475510
mouse,404,421,1775552475517
mouse,405,420,1775552475530
mouse,405,419,1775552475536
mouse,406,419,1775552475540
mouse,406,418,1775552475546
mouse,408,418,1775552475552
mouse,408,417,1775552475559
mouse,408,416,1775552475566
mouse,409,414,1775552475573
mouse,410,414,1775552475580
mouse,412,413,1775552475587
mouse,412,412,1775552475608
mouse,412,411,1775552475615
mouse,413,411,1775552475622
mouse,413,410,1775552475642
mouse,413,409,1775552475728
click,413,409,1775552475906
mouse,414,409,1775552475975
mouse,414,408,1775552475984
mouse,415,407,1775552475992
mouse,416,405,1775552475997
mouse,417,404,1775552476004
mouse,417,402,1775552476010
mouse,419,398,1775552476017
mouse,420,394,1775552476024
mouse,421,390,1775552476031
mouse,422,382,1775552476038
mouse,423,374,1775552476045
mouse,423,365,1775552476052
mouse,423,355,1775552476059
mouse,420,343,1775552476066
mouse,416,330,1775552476073
mouse,408,314,1775552476080
mouse,401,301,1775552476087
mouse,392,285,1775552476094
mouse,380,269,1775552476100
mouse,366,253,1775552476107
mouse,352,238,1775552476114
mouse,339,223,1775552476121
mouse,326,212,1775552476128
mouse,314,201,1775552476135
mouse,304,192,1775552476142
mouse,294,184,1775552476149
mouse,284,176,1775552476156
mouse,276,169,1775552476163
mouse,269,162,1775552476170
mouse,263,156,1775552476177
mouse,256,150,1775552476184
mouse,251,145,1775552476191
mouse,246,140,1775552476198
mouse,242,134,1775552476205
mouse,238,131,1775552476212
mouse,235,127,1775552476219
mouse,231,124,1775552476226
mouse,228,119,1775552476232
mouse,224,116,1775552476239
mouse,222,113,1775552476246
mouse,219,110,1775552476255
mouse,216,107,1775552476260
mouse,212,104,1775552476267
mouse,210,102,1775552476274
mouse,208,98,1775552476281
mouse,204,96,1775552476288
mouse,201,94,1775552476295
mouse,197,90,1775552476302
mouse,194,88,1775552476309
mouse,192,86,1775552476316
mouse,188,83,1775552476323
mouse,185,81,1775552476330
mouse,184,78,1775552476337
mouse,180,77,1775552476344
mouse,179,75,1775552476351
mouse,177,74,1775552476358
mouse,176,72,1775552476366
mouse,175,72,1775552476371
mouse,174,72,1775552476378
mouse,174,71,1775552476385
mouse,173,71,1775552476392
mouse,173,70,1775552476399
mouse,172,70,1775552476421
mouse,172,71,1775552476508
mouse,172,72,1775552476513
mouse,172,73,1775552476517
mouse,173,75,1775552476524
mouse,175,79,1775552476531
mouse,176,82,1775552476538
mouse,177,85,1775552476545
mouse,178,87,1775552476552
mouse,179,89,1775552476559
mouse,180,90,1775552476566
mouse,180,91,1775552476573
mouse,181,91,1775552476582
click,181,91,1775552476742
mouse,180,91,1775552476809
mouse,180,90,1775552476816
mouse,179,90,1775552476827
mouse,179,89,1775552476830
mouse,178,87,1775552476837
mouse,178,86,1775552476844
mouse,177,85,1775552476851
mouse,177,83,1775552476858
mouse,177,82,1775552476865
mouse,176,81,1775552476872
mouse,176,80,1775552476879
mouse,176,79,1775552476886
mouse,176,78,1775552476894
mouse,176,77,1775552476916
mouse,175,76,1775552476925
click,175,76,1775552477063
mouse,175,77,1775552478023
mouse,175,78,1775552478043
mouse,174,78,1775552478116
mouse,174,79,1775552478153
mouse,173,79,1775552478162
mouse,173,80,1775552478177
mouse,173,81,1775552478200
mouse,172,82,1775552478206
mouse,172,83,1775552478240
mouse,172,84,1775552478292
mouse,171,84,1775552478297
mouse,171,85,1775552478304
mouse,170,85,1775552478326
mouse,170,86,1775552478334
mouse,169,87,1775552478351
mouse,169,88,1775552478383
mouse,169,89,1775552478406
mouse,168,89,1775552478414
mouse,168,90,1775552478441
mouse,168,91,1775552478484
mouse,168,92,1775552478506
mouse,168,93,1775552478513
mouse,168,94,1775552478526
mouse,168,95,1775552478539
mouse,168,96,1775552478552
mouse,167,97,1775552478573
mouse,167,98,1775552478581
mouse,167,99,1775552478593
mouse,166,99,1775552478598
mouse,166,100,1775552478604
mouse,166,101,1775552478615
mouse,166,102,1775552478624
mouse,166,103,1775552478633
mouse,165,103,1775552478642
mouse,165,104,1775552478650
mouse,165,105,1775552478665
mouse,165,106,1775552478689
mouse,165,107,1775552478703
mouse,165,108,1775552478725
mouse,165,109,1775552478746
mouse,165,110,1775552478772
mouse,165,111,1775552478804
mouse,165,112,1775552478810
mouse,165,113,1775552478817
mouse,165,114,1775552478837
mouse,165,115,1775552478850
mouse,165,116,1775552478856
mouse,165,117,1775552478872
mouse,165,118,1775552478894
mouse,164,118,1775552478943
click,164,118,1775552479125
mouse,164,119,1775552479747
mouse,164,120,1775552479775
mouse,163,120,1775552479866
mouse,163,121,1775552479885
mouse,162,121,1775552480030
mouse,162,122,1775552480101
mouse,161,122,1775552480187
mouse,160,122,1775552480252
mouse,160,123,1775552480285
mouse,160,124,1775552480332
mouse,160,125,1775552480378
mouse,159,125,1775552480434
mouse,158,126,1775552480455
mouse,157,126,1775552480503
mouse,156,126,1775552480525
mouse,156,127,1775552480531
mouse,156,128,1775552480544
mouse,155,129,1775552480559
mouse,154,129,1775552480564
mouse,154,130,1775552480573
mouse,153,130,1775552480580
mouse,152,130,1775552480587
mouse,152,131,1775552480594
mouse,151,132,1775552480601
mouse,151,133,1775552480608
mouse,150,133,1775552480615
mouse,149,134,1775552480624
mouse,148,134,1775552480628
mouse,148,135,1775552480642
mouse,147,135,1775552480642
mouse,146,136,1775552480650
mouse,146,137,1775552480659
mouse,145,138,1775552480663
mouse,144,138,1775552480670
mouse,143,139,1775552480691
mouse,142,140,1775552480698
mouse,141,141,1775552480719
mouse,140,142,1775552480726
mouse,140,143,1775552480757
mouse,139,143,1775552480762
mouse,138,143,1775552480774
mouse,138,144,1775552480788
mouse,137,144,1775552480799
mouse,136,144,1775552480804
mouse,136,145,1775552480811
mouse,135,146,1775552480826
mouse,134,146,1775552480833
mouse,133,146,1775552480843
mouse,132,146,1775552480849
mouse,132,147,1775552480856
mouse,131,147,1775552480859
mouse,130,148,1775552480864
mouse,128,148,1775552480872
mouse,127,148,1775552480880
mouse,125,149,1775552480885
mouse,124,150,1775552480892
mouse,122,150,1775552480900
mouse,120,150,1775552480906
mouse,118,150,1775552480911
mouse,116,150,1775552480913
mouse,115,150,1775552480920
mouse,112,151,1775552480927
mouse,109,152,1775552480935
mouse,108,152,1775552480941
mouse,105,152,1775552480948
mouse,103,152,1775552480955
mouse,100,152,1775552480962
mouse,99,153,1775552480970
mouse,96,153,1775552480976
mouse,95,153,1775552480983
mouse,92,153,1775552480990
mouse,91,154,1775552480997
mouse,89,154,1775552481003
mouse,86,154,1775552481010
mouse,84,154,1775552481017
mouse,81,154,1775552481024
mouse,80,154,1775552481028
mouse,79,154,1775552481031
mouse,75,154,1775552481038
mouse,72,154,1775552481046
mouse,70,154,1775552481049
mouse,68,154,1775552481052
mouse,66,154,1775552481059
mouse,63,154,1775552481066
mouse,60,154,1775552481073
mouse,58,154,1775552481080
mouse,56,154,1775552481088
mouse,54,154,1775552481094
mouse,52,154,1775552481101
mouse,51,154,1775552481108
mouse,49,154,1775552481115
mouse,48,154,1775552481122
mouse,47,154,1775552481129
mouse,45,154,1775552481137
mouse,44,154,1775552481142
mouse,43,154,1775552481149
mouse,42,154,1775552481156
mouse,41,154,1775552481163
mouse,40,154,1775552481173
mouse,39,154,1775552481181
mouse,38,154,1775552481201
mouse,37,154,1775552481211
mouse,32,0,1775552489064
mouse,32,1,1775552489066
mouse,32,3,1775552489073
mouse,33,6,1775552489080
mouse,33,8,1775552489087
mouse,34,11,1775552489094
mouse,34,14,1775552489101
mouse,34,16,1775552489108
mouse,34,18,1775552489115
mouse,34,19,1775552489122
mouse,35,22,1775552489129
mouse,35,23,1775552489136
mouse,36,26,1775552489143
mouse,36,27,1775552489150
mouse,36,28,1775552489158
mouse,36,29,1775552489163
mouse,36,30,1775552489170
mouse,36,31,1775552489179
mouse,36,32,1775552489186
mouse,36,33,1775552489191
mouse,36,34,1775552489198
mouse,37,34,1775552489205
mouse,37,35,1775552489212
mouse,37,36,1775552489219
mouse,37,37,1775552489226
mouse,38,38,1775552489233
mouse,38,39,1775552489244
mouse,39,42,1775552489261
mouse,39,43,1775552489270
mouse,40,43,1775552489274
mouse,40,45,1775552489282
mouse,40,46,1775552489290
mouse,40,47,1775552489296
mouse,40,49,1775552489303
mouse,41,50,1775552489314
mouse,42,53,1775552489322
mouse,42,54,1775552489327
mouse,42,56,1775552489332
mouse,43,57,1775552489337
mouse,44,58,1775552489344
mouse,44,59,1775552489351
mouse,44,62,1775552489358
mouse,45,63,1775552489365
mouse,46,65,1775552489372
mouse,46,66,1775552489379
mouse,47,68,1775552489386
mouse,48,69,1775552489393
mouse,48,71,1775552489399
mouse,48,73,1775552489406
mouse,49,74,1775552489413
mouse,50,77,1775552489420
mouse,52,79,1775552489427
mouse,52,82,1775552489434
mouse,53,85,1775552489441
mouse,53,87,1775552489448
mouse,55,89,1775552489455
mouse,56,91,1775552489462
mouse,56,93,1775552489469
mouse,57,94,1775552489476
mouse,59,96,1775552489483
mouse,60,97,1775552489490
mouse,60,98,1775552489497
mouse,61,98,1775552489504
mouse,62,98,1775552489511
mouse,64,98,1775552489517
mouse,65,99,1775552489524
mouse,68,101,1775552489531
mouse,70,101,1775552489538
mouse,73,101,1775552489545
mouse,77,101,1775552489552
mouse,80,101,1775552489559
mouse,84,101,1775552489566
mouse,88,101,1775552489573
mouse,92,101,1775552489580
mouse,96,101,1775552489587
mouse,100,101,1775552489594
mouse,104,100,1775552489601
mouse,108,100,1775552489608
mouse,112,99,1775552489615
mouse,114,99,1775552489622
mouse,117,99,1775552489629
mouse,120,98,1775552489635
mouse,121,98,1775552489643
mouse,124,98,1775552489649
mouse,127,98,1775552489656
mouse,129,97,1775552489663
mouse,131,96,1775552489670
mouse,133,95,1775552489677
mouse,134,94,1775552489684
mouse,136,93,1775552489691
mouse,137,91,1775552489698
mouse,139,90,1775552489705
mouse,141,89,1775552489712
mouse,143,88,1775552489719
mouse,144,86,1775552489726
mouse,146,86,1775552489733
mouse,147,84,1775552489740
mouse,148,83,1775552489747
mouse,149,82,1775552489754
mouse,150,82,1775552489761
mouse,151,82,1775552489768
mouse,152,80,1775552489775
mouse,152,79,1775552489781
mouse,153,78,1775552489788
mouse,155,78,1775552489796
mouse,155,77,1775552489802
mouse,156,76,1775552489809
mouse,156,75,1775552489818
mouse,156,74,1775552489823
mouse,157,74,1775552489835
mouse,157,73,1775552489839
mouse,158,73,1775552489845
mouse,158,72,1775552489851
mouse,159,72,1775552489859
mouse,159,71,1775552489865
mouse,159,70,1775552489886
mouse,160,70,1775552489909
mouse,159,70,1775552490005
mouse,157,70,1775552490011
mouse,155,70,1775552490017
mouse,152,70,1775552490024
mouse,148,70,1775552490031
mouse,145,70,1775552490038
mouse,140,70,1775552490045
mouse,134,69,1775552490052
mouse,128,68,1775552490059
mouse,124,68,1775552490066
mouse,117,67,1775552490073
mouse,111,67,1775552490080
mouse,103,67,1775552490087
mouse,95,66,1775552490094
mouse,88,66,1775552490101
mouse,81,65,1775552490108
mouse,73,64,1775552490115
mouse,67,64,1775552490122
mouse,61,63,1775552490129
mouse,56,63,1775552490135
mouse,50,62,1775552490142
mouse,46,62,1775552490149
mouse,42,62,1775552490156
mouse,39,62,1775552490164
mouse,36,62,1775552490170
mouse,34,62,1775552490177
mouse,33,62,1775552490184
mouse,32,62,1775552490191
mouse,32,62,1775552490198
click,32,62,1775552490224
mouse,32,62,1775552490227
mouse,33,62,1775552490358
mouse,35,62,1775552490365
mouse,38,63,1775552490373
mouse,41,64,1775552490379
mouse,44,65,1775552490386
mouse,46,66,1775552490392
mouse,49,67,1775552490400
mouse,52,68,1775552490407
mouse,55,69,1775552490413
mouse,57,70,1775552490422
mouse,60,71,1775552490428
mouse,62,72,1775552490433
mouse,65,73,1775552490441
mouse,67,74,1775552490450
mouse,69,75,1775552490455
mouse,71,75,1775552490462
mouse,73,76,1775552490469
mouse,75,77,1775552490477
mouse,76,78,1775552490483
mouse,79,79,1775552490490
mouse,80,79,1775552490497
mouse,81,79,1775552490504
mouse,82,80,1775552490511
mouse,83,80,1775552490517
mouse,83,81,1775552490522
mouse,84,81,1775552490524
mouse,84,82,1775552490589
mouse,85,82,1775552490640
mouse,85,83,1775552490705
mouse,86,83,1775552490726
mouse,86,84,1775552490738
mouse,87,85,1775552490754
mouse,87,86,1775552490765
mouse,88,86,1775552490781
mouse,88,87,1775552490788
mouse,88,88,1775552490796
mouse,88,89,1775552490805
mouse,89,89,1775552490813
mouse,89,90,1775552490817
mouse,90,90,1775552490824
mouse,91,90,1775552490836
mouse,91,91,1775552490839
mouse,91,92,1775552490846
mouse,91,93,1775552490853
mouse,92,93,1775552490858
mouse,92,94,1775552490866
mouse,92,95,1775552490872
mouse,93,97,1775552490879
mouse,94,98,1775552490887
mouse,95,99,1775552490892
mouse,95,101,1775552490899
mouse,96,101,1775552490900
mouse,96,102,1775552490906
mouse,96,103,1775552490917
mouse,97,105,1775552490927
mouse,98,106,1775552490935
mouse,98,107,1775552490945
mouse,98,108,1775552490950
mouse,99,109,1775552490955
mouse,99,110,1775552490962
mouse,100,110,1775552490969
mouse,100,111,1775552490976
mouse,100,112,1775552490983
mouse,100,113,1775552490990
mouse,101,113,1775552490992
mouse,101,114,1775552490997
mouse,102,114,1775552491003
mouse,102,115,1775552491011
mouse,103,115,1775552491018
mouse,104,116,1775552491024
mouse,104,117,1775552491037
mouse,104,118,1775552491042
mouse,105,118,1775552491064
mouse,106,118,1775552491071
mouse,106,119,1775552491078
mouse,107,119,1775552491084
mouse,107,120,1775552491087
mouse,108,120,1775552491094
mouse,109,121,1775552491101
mouse,110,122,1775552491108
mouse,111,122,1775552491114
mouse,112,122,1775552491123
mouse,112,123,1775552491128
mouse,113,124,1775552491135
mouse,114,124,1775552491142
mouse,114,125,1775552491149
mouse,115,125,1775552491156
mouse,116,126,1775552491163
mouse,117,126,1775552491170
mouse,118,126,1775552491177
mouse,120,126,1775552491184
mouse,121,126,1775552491197
mouse,122,127,1775552491205
mouse,124,127,1775552491212
mouse,126,127,1775552491233
mouse,127,127,1775552491246
mouse,128,127,1775552491251
mouse,129,127,1775552491273
mouse,130,127,1775552491279
mouse,130,126,1775552491284
mouse,131,126,1775552491289
mouse,132,126,1775552491295
mouse,132,125,1775552491303
mouse,133,125,1775552491316
mouse,133,124,1775552491323
mouse,134,123,1775552491331
mouse,135,122,1775552491351
mouse,136,121,1775552491372
mouse,136,120,1775552491418
mouse,136,119,1775552491447
mouse,136,118,1775552491490
click,136,118,1775552491632
mouse,137,118,1775552492493
mouse,138,118,1775552492499
mouse,139,118,1775552492505
mouse,140,118,1775552492511
mouse,141,119,1775552492519
mouse,143,120,1775552492524
mouse,144,120,1775552492531
mouse,146,120,1775552492538
mouse,148,121,1775552492545
mouse,151,122,1775552492552
mouse,152,122,1775552492559
mouse,154,122,1775552492567
mouse,156,122,1775552492573
mouse,157,123,1775552492581
mouse,158,123,1775552492589
mouse,158,124,1775552492641
mouse,157,124,1775552492657
mouse,156,125,1775552492664
mouse,153,126,1775552492670
mouse,150,126,1775552492677
mouse,147,127,1775552492684
mouse,143,128,1775552492691
mouse,138,130,1775552492698
mouse,133,130,1775552492705
mouse,127,131,1775552492712
mouse,120,133,1775552492719
mouse,113,133,1775552492726
mouse,106,134,1775552492733
mouse,100,136,1775552492740
mouse,92,137,1775552492747
mouse,88,138,1775552492754
mouse,82,138,1775552492760
mouse,77,140,1775552492767
mouse,73,141,1775552492774
mouse,70,142,1775552492781
mouse,67,142,1775552492788
mouse,64,143,1775552492795
mouse,63,144,1775552492802
mouse,62,144,1775552492809
mouse,60,144,1775552492816
mouse,60,145,1775552492823
mouse,59,145,1775552492837
mouse,59,146,1775552492837
mouse,58,146,1775552492876
mouse,57,147,1775552492893
mouse,56,147,1775552492905
mouse,56,148,1775552492910
mouse,56,149,1775552492927
mouse,56,150,1775552492935
mouse,55,150,1775552492941
mouse,54,151,1775552492948
mouse,53,152,1775552492955
mouse,52,154,1775552492962
mouse,51,154,1775552492975
mouse,51,155,1775552492981
mouse,50,156,1775552492997
mouse,49,156,1775552493004
mouse,48,156,1775552493011
mouse,48,157,1775552493018
mouse,46,157,1775552493025
mouse,45,158,1775552493032
mouse,44,158,1775552493038
mouse,42,158,1775552493045
mouse,40,158,1775552493052
mouse,39,159,1775552493059
mouse,38,159,1775552493066
mouse,37,159,1775552493073
mouse,36,159,1775552493080
mouse,35,159,1775552493093
mouse,89,0,1775552502535
mouse,89,2,1775552502538
mouse,88,12,1775552502545
mouse,88,19,1775552502552
mouse,87,28,1775552502559
mouse,86,34,1775552502566
mouse,85,42,1775552502573
mouse,84,50,1775552502580
mouse,84,55,1775552502587
mouse,84,61,1775552502594
mouse,83,65,1775552502601
mouse,82,70,1775552502608
mouse,80,74,1775552502615
mouse,80,79,1775552502622
mouse,78,84,1775552502629
mouse,76,89,1775552502636
mouse,75,93,1775552502643
mouse,73,98,1775552502649
mouse,72,102,1775552502657
mouse,71,106,1775552502664
mouse,69,110,1775552502670
mouse,68,112,1775552502677
mouse,68,115,1775552502684
mouse,67,118,1775552502691
mouse,65,120,1775552502698
mouse,64,122,1775552502705
mouse,63,125,1775552502712
mouse,62,126,1775552502719
mouse,61,128,1775552502726
mouse,60,130,1775552502733
mouse,58,133,1775552502740
mouse,56,135,1775552502747
mouse,56,138,1775552502754
mouse,54,139,1775552502761
mouse,53,141,1775552502768
mouse,52,142,1775552502774
mouse,52,143,1775552502782
mouse,50,144,1775552502788
mouse,50,145,1775552502795
mouse,50,146,1775552502802
mouse,48,146,1775552502809
mouse,47,147,1775552502854
mouse,47,148,1775552502862
mouse,46,148,1775552502865
mouse,46,147,1775552502941
mouse,46,146,1775552502949
click,40,159,1775552508610
mouse,40,158,1775552514873
mouse,40,157,1775552514939
click,40,157,1775552518273
mouse,40,158,1775552524096
mouse,41,158,1775552524100
mouse,43,160,1775552525123
mouse,44,153,1775552525428
mouse,44,152,1775552525471
mouse,44,151,1775552525492
mouse,44,150,1775552525517
mouse,44,149,1775552525563
mouse,44,148,1775552525644
mouse,44,149,1775552525852
mouse,44,150,1775552525863
mouse,45,150,1775552525868
mouse,57,177,1775552527858
mouse,57,176,1775552527865
mouse,57,175,1775552527873
mouse,57,174,1775552527879
mouse,56,174,1775552527888
mouse,56,173,1775552527897
mouse,56,172,1775552527901
mouse,56,171,1775552527910
mouse,56,170,1775552527918
mouse,55,170,1775552527925
mouse,54,169,1775552527932
mouse,54,168,1775552527948
mouse,53,167,1775552527955
mouse,52,166,1775552527962
mouse,52,165,1775552527970
mouse,51,165,1775552527979
mouse,51,164,1775552527983
mouse,50,163,1775552527990
mouse,49,162,1775552527997
mouse,48,162,1775552528004
mouse,48,161,1775552528011
mouse,47,161,1775552528018
mouse,46,160,1775552528025
mouse,46,159,1775552528032
mouse,46,158,1775552528039
mouse,44,158,1775552528046
mouse,44,157,1775552528058
mouse,43,157,1775552528073
mouse,42,156,1775552528081
mouse,42,155,1775552528101
mouse,41,155,1775552528108
mouse,41,154,1775552528120
mouse,40,154,1775552528150
mouse,39,154,1775552530894
mouse,38,154,1775552530904
mouse,37,154,1775552530927
mouse,37,153,1775552530935
mouse,36,153,1775552530942
mouse,36,152,1775552530971
mouse,35,152,1775552530978
mouse,34,152,1775552530983
mouse,34,151,1775552530990
mouse,33,151,1775552530998
mouse,33,150,1775552531024
mouse,32,150,1775552531080
mouse,33,150,1775552533716
mouse,34,150,1775552533720
mouse,36,150,1775552533727
mouse,37,150,1775552533733
mouse,38,150,1775552533740
mouse,40,150,1775552533747
mouse,41,150,1775552533768
mouse,42,150,1775552533789
mouse,42,151,1775552534031
mouse,42,152,1775552534089
mouse,41,153,1775552534120
mouse,41,154,1775552534136
mouse,40,154,1775552534205
mouse,39,154,1775552534252
mouse,38,154,1775552534337
mouse,38,157,1775552535905
mouse,38,158,1775552535956
mouse,39,158,1775552535981
mouse,40,158,1775552536006
mouse,40,159,1775552536040
mouse,40,160,1775552536051
mouse,41,160,1775552536057
mouse,41,161,1775552536074
mouse,42,162,1775552536080
mouse,43,162,1775552536087
mouse,44,162,1775552536108
mouse,45,162,1775552536343
mouse,45,161,1775552536352
mouse,45,160,1775552536359
mouse,46,160,1775552536386
mouse,46,159,1775552536407
mouse,47,159,1775552536419
mouse,76,2,1775552543867
mouse,73,10,1775552543872
mouse,70,20,1775552543879
mouse,66,33,1775552543886
mouse,63,46,1775552543893
mouse,59,58,1775552543900
mouse,56,70,1775552543907
mouse,51,83,1775552543914
mouse,48,93,1775552543922
mouse,46,102,1775552543928
mouse,44,110,1775552543935
mouse,43,117,1775552543942
mouse,40,122,1775552543948
mouse,40,127,1775552543956
mouse,39,132,1775552543962
mouse,39,136,1775552543969
mouse,39,139,1775552543976
mouse,38,142,1775552543983
mouse,38,145,1775552543990
mouse,38,146,1775552543997
mouse,38,147,1775552544004
mouse,38,148,1775552544011
mouse,37,149,1775552544018
mouse,37,150,1775552544025
mouse,37,152,1775552544046
mouse,37,153,1775552544053
mouse,37,154,1775552544060
mouse,37,156,1775552544081
mouse,37,157,1775552544088
mouse,37,158,1775552544108
mouse,37,159,1775552544122
mouse,37,160,1775552544124
mouse,36,161,1775552544129
mouse,36,162,1775552544136
mouse,36,164,1775552544143
mouse,36,166,1775552544150
mouse,36,169,1775552544157
mouse,36,170,1775552544164
mouse,37,170,1775552544252
mouse,37,169,1775552544256
mouse,37,168,1775552544262
mouse,38,167,1775552544269
mouse,38,165,1775552544276
mouse,39,163,1775552544282
mouse,39,162,1775552544289
mouse,40,162,1775552544296
mouse,40,160,1775552544303
mouse,40,159,1775552544310
mouse,40,158,1775552544317
mouse,40,157,1775552544325
mouse,40,156,1775552544331
mouse,40,155,1775552544339
mouse,40,154,1775552544348
mouse,40,153,1775552544373
mouse,40,152,1775552544380
mouse,40,151,1775552548962
mouse,42,150,1775552548970
mouse,44,150,1775552548978
mouse,46,148,1775552548983
mouse,48,147,1775552548990
mouse,50,146,1775552548997
mouse,52,144,1775552549004
mouse,56,142,1775552549011
mouse,58,141,1775552549018
mouse,60,138,1775552549025
mouse,64,137,1775552549032
mouse,67,135,1775552549039
mouse,69,132,1775552549046
mouse,72,130,1775552549053
mouse,76,128,1775552549060
mouse,80,125,1775552549067
mouse,82,122,1775552549073
mouse,85,120,1775552549080
mouse,87,118,1775552549088
mouse,90,117,1775552549094
mouse,91,115,1775552549101
mouse,93,114,1775552549108
mouse,94,112,1775552549115
mouse,96,110,1775552549122
mouse,96,109,1775552549131
mouse,97,108,1775552549136
mouse,98,108,1775552549143
mouse,98,107,1775552549150
mouse,99,106,1775552549171
mouse,100,106,1775552549192
mouse,100,105,1775552549200
mouse,100,104,1775552549205
mouse,100,103,1775552549213
mouse,102,102,1775552549220
mouse,102,101,1775552549226
mouse,103,99,1775552549234
mouse,103,98,1775552549240
mouse,104,98,1775552549247
mouse,104,97,1775552549254
mouse,104,96,1775552549265
mouse,104,95,1775552549283
mouse,104,94,1775552549296
mouse,105,94,1775552549310
mouse,105,93,1775552549317
mouse,106,92,1775552549324
mouse,106,91,1775552549423
mouse,106,90,1775552549452
mouse,106,89,1775552549471
mouse,106,88,1775552549477
mouse,106,86,1775552549485
mouse,106,85,1775552549497
mouse,106,84,1775552549504
mouse,106,83,1775552549511
mouse,106,82,1775552549518
mouse,106,82,1775552549525
mouse,106,80,1775552549532
mouse,106,79,1775552549540
click,106,79,1775552549540
mouse,106,78,1775552549546
mouse,106,77,1775552549567
mouse,106,76,1775552549616
click,106,76,1775552549699
mouse,105,76,1775552549707
mouse,104,77,1775552549713
mouse,104,78,1775552549944
mouse,104,79,1775552549963
mouse,104,80,1775552549969
mouse,105,82,1775552549977
mouse,106,83,1775552549983
mouse,106,86,1775552549991
mouse,106,87,1775552549997
mouse,107,89,1775552550004
mouse,108,90,1775552550011
mouse,108,91,1775552550018
mouse,109,91,1775552550025
mouse,110,92,1775552550032
mouse,111,93,1775552550039
mouse,112,93,1775552550046
mouse,113,93,1775552550054
mouse,114,93,1775552550061
mouse,116,93,1775552550068
mouse,117,93,1775552550075
mouse,118,93,1775552550081
mouse,121,93,1775552550087
mouse,125,94,1775552550094
mouse,128,95,1775552550101
mouse,129,95,1775552550101
mouse,133,96,1775552550108
mouse,138,98,1775552550115
mouse,142,98,1775552550122
mouse,146,99,1775552550129
mouse,151,100,1775552550136
mouse,152,100,1775552550139
mouse,155,101,1775552550143
mouse,160,102,1775552550150
mouse,164,102,1775552550157
mouse,168,102,1775552550164
mouse,171,102,1775552550171
mouse,173,102,1775552550178
mouse,176,102,1775552550185
mouse,178,102,1775552550192
mouse,179,102,1775552550201
mouse,180,102,1775552550206
mouse,181,102,1775552550226
mouse,182,102,1775552550232
mouse,183,101,1775552550240
mouse,184,100,1775552550247
mouse,186,100,1775552550254
mouse,187,99,1775552550258
mouse,188,98,1775552550261
mouse,190,98,1775552550268
mouse,192,96,1775552550275
mouse,193,95,1775552550282
mouse,196,94,1775552550289
mouse,196,93,1775552550296
mouse,198,92,1775552550303
mouse,200,91,1775552550310
mouse,201,90,1775552550317
mouse,202,90,1775552550324
mouse,203,90,1775552550326
mouse,203,89,1775552550331
mouse,204,89,1775552550338
mouse,204,90,1775552550553
mouse,203,91,1775552550560
mouse,203,92,1775552550567
mouse,202,93,1775552550574
mouse,201,94,1775552550581
mouse,201,95,1775552550589
mouse,200,95,1775552550595
mouse,200,97,1775552550602
mouse,199,98,1775552550608
mouse,198,98,1775552550616
mouse,197,99,1775552550621
mouse,197,101,1775552550629
mouse,196,102,1775552550636
mouse,195,102,1775552550643
mouse,195,103,1775552550649
mouse,195,104,1775552550650
mouse,193,105,1775552550657
mouse,192,106,1775552550665
mouse,192,107,1775552550673
mouse,191,107,1775552550678
mouse,191,108,1775552550688
mouse,190,108,1775552550692
mouse,190,109,1775552550699
mouse,189,110,1775552550706
mouse,188,110,1775552550718
mouse,188,111,1775552550724
mouse,187,113,1775552550740
mouse,187,114,1775552550748
mouse,186,114,1775552550754
mouse,186,115,1775552550763
mouse,185,115,1775552550768
mouse,185,116,1775552550779
mouse,185,117,1775552550916
click,185,117,1775552551078
mouse,184,117,1775552551468
mouse,184,118,1775552551478
mouse,184,119,1775552551486
mouse,184,120,1775552551490
mouse,184,122,1775552551497
mouse,184,123,1775552551499
mouse,184,126,1775552551505
mouse,183,130,1775552551511
mouse,182,133,1775552551518
mouse,180,138,1775552551525
mouse,178,141,1775552551532
mouse,176,144,1775552551539
mouse,173,148,1775552551546
mouse,170,151,1775552551553
mouse,168,154,1775552551560
mouse,164,156,1775552551567
mouse,160,158,1775552551574
mouse,155,161,1775552551581
mouse,151,163,1775552551588
mouse,146,165,1775552551595
mouse,142,166,1775552551602
mouse,137,167,1775552551609
mouse,133,168,1775552551616
mouse,129,169,1775552551622
mouse,126,170,1775552551629
mouse,122,170,1775552551636
mouse,119,170,1775552551643
mouse,116,170,1775552551650
mouse,113,170,1775552551657
mouse,112,170,1775552551664
mouse,109,170,1775552551671
mouse,107,170,1775552551678
mouse,105,170,1775552551685
mouse,104,170,1775552551692
mouse,103,169,1775552551701
mouse,102,169,1775552551705
mouse,101,169,1775552551715
mouse,100,168,1775552551719
mouse,99,168,1775552551727
mouse,98,168,1775552551733
mouse,96,167,1775552551740
mouse,94,166,1775552551747
mouse,92,166,1775552551754
mouse,89,166,1775552551761
mouse,86,165,1775552551768
mouse,84,165,1775552551775
mouse,80,165,1775552551782
mouse,77,165,1775552551789
mouse,74,165,1775552551796
mouse,72,165,1775552551803
mouse,69,165,1775552551810
mouse,68,164,1775552551817
mouse,66,164,1775552551824
mouse,64,164,1775552551831
mouse,63,164,1775552551839
mouse,62,164,1775552551845
mouse,60,164,1775552551851
mouse,58,164,1775552551858
mouse,56,163,1775552551865
mouse,52,163,1775552551872
mouse,51,163,1775552551879
mouse,48,163,1775552551886
mouse,45,162,1775552551893
mouse,44,162,1775552551900
mouse,41,162,1775552551907
mouse,40,162,1775552551914
mouse,38,162,1775552551921
mouse,36,162,1775552551928
mouse,35,162,1775552551936
mouse,34,162,1775552551947
mouse,33,162,1775552551952
mouse,32,162,1775552551976
mouse,32,161,1775552551984
mouse,103,0,1775552561287
mouse,103,1,1775552561289
mouse,103,7,1775552561296
mouse,104,11,1775552561303
mouse,104,17,1775552561310
mouse,105,22,1775552561317
mouse,105,26,1775552561324
mouse,105,30,1775552561331
mouse,106,34,1775552561338
mouse,106,37,1775552561345
mouse,107,40,1775552561353
mouse,107,42,1775552561358
mouse,107,45,1775552561365
mouse,108,46,1775552561372
mouse,108,48,1775552561380
mouse,108,50,1775552561386
mouse,108,51,1775552561393
mouse,108,53,1775552561401
mouse,108,55,1775552561407
mouse,108,57,1775552561414
mouse,109,59,1775552561421
mouse,109,62,1775552561428
mouse,109,63,1775552561435
mouse,110,66,1775552561442
mouse,111,67,1775552561449
mouse,111,69,1775552561456
mouse,112,70,1775552561463
mouse,112,73,1775552561470
mouse,112,74,1775552561477
mouse,112,77,1775552561484
mouse,113,78,1775552561490
mouse,113,80,1775552561497
mouse,113,82,1775552561504
mouse,114,84,1775552561511
mouse,114,86,1775552561518
mouse,115,87,1775552561525
mouse,115,88,1775552561532
mouse,115,89,1775552561539
mouse,116,89,1775552561645
mouse,116,88,1775552561664
mouse,116,87,1775552561673
mouse,117,86,1775552561678
mouse,117,85,1775552561690
mouse,118,85,1775552561695
mouse,118,84,1775552561699
mouse,119,83,1775552561706
mouse,119,82,1775552561713
mouse,120,81,1775552561720
mouse,120,80,1775552561727
mouse,120,79,1775552561733
mouse,120,78,1775552561740
mouse,121,78,1775552561747
mouse,121,77,1775552561755
click,121,77,1775552561883
mouse,122,77,1775552562449
mouse,123,78,1775552562470
mouse,124,78,1775552562491
mouse,124,80,1775552562498
mouse,125,82,1775552562505
mouse,126,82,1775552562511
mouse,127,84,1775552562518
mouse,128,86,1775552562525
mouse,129,87,1775552562532
mouse,129,88,1775552562539
mouse,130,90,1775552562544
mouse,131,90,1775552562546
mouse,131,91,1775552562553
mouse,132,93,1775552562560
mouse,133,94,1775552562567
mouse,134,96,1775552562574
mouse,135,98,1775552562581
mouse,136,100,1775552562587
mouse,136,101,1775552562595
mouse,137,102,1775552562602
mouse,137,104,1775552562609
mouse,139,106,1775552562616
mouse,139,107,1775552562622
mouse,140,109,1775552562629
mouse,140,110,1775552562636
mouse,141,111,1775552562643
mouse,141,112,1775552562650
mouse,141,114,1775552562657
mouse,142,114,1775552562664
mouse,142,115,1775552562685
click,142,115,1775552563110
mouse,141,115,1775552563230
mouse,140,115,1775552563236
mouse,140,116,1775552563244
mouse,139,116,1775552563247
mouse,137,117,1775552563254
mouse,136,118,1775552563261
mouse,133,118,1775552563268
mouse,132,118,1775552563275
mouse,130,119,1775552563278
mouse,128,119,1775552563282
mouse,127,120,1775552563289
mouse,124,122,1775552563296
mouse,122,122,1775552563303
mouse,119,123,1775552563310
mouse,116,125,1775552563317
mouse,112,126,1775552563324
mouse,109,127,1775552563331
mouse,106,129,1775552563338
mouse,102,130,1775552563345
mouse,96,132,1775552563352
mouse,93,133,1775552563358
mouse,88,134,1775552563365
mouse,84,135,1775552563372
mouse,80,136,1775552563379
mouse,79,137,1775552563382
mouse,77,138,1775552563386
mouse,76,138,1775552563387
mouse,73,138,1775552563393
mouse,70,140,1775552563400
mouse,67,141,1775552563407
mouse,65,142,1775552563414
mouse,63,142,1775552563421
mouse,61,144,1775552563428
mouse,59,144,1775552563435
mouse,58,145,1775552563442
mouse,57,146,1775552563449
mouse,56,146,1775552563462
mouse,56,147,1775552563477
mouse,55,147,1775552563485
mouse,53,148,1775552563490
mouse,52,148,1775552563497
mouse,52,149,1775552563504
mouse,49,150,1775552563511
mouse,48,150,1775552563518
mouse,46,150,1775552563526
mouse,45,150,1775552563532
mouse,44,150,1775552563540
mouse,42,150,1775552563546
mouse,41,150,1775552563553
mouse,41,151,1775552563560
mouse,40,151,1775552563567
mouse,218,114,1775552567907
mouse,217,114,1775552567933
mouse,216,114,1775552567956
mouse,215,114,1775552568058
mouse,214,114,1775552568061
mouse,213,112,1775552568067
mouse,212,111,1775552568074
mouse,211,110,1775552568081
mouse,209,109,1775552568088
mouse,208,108,1775552568095
mouse,207,106,1775552568102
mouse,205,104,1775552568109
mouse,204,102,1775552568115
mouse,201,100,1775552568122
mouse,200,98,1775552568129
mouse,198,96,1775552568136
mouse,196,95,1775552568143
mouse,195,93,1775552568150
mouse,193,92,1775552568157
mouse,192,90,1775552568164
mouse,191,90,1775552568171
mouse,189,88,1775552568178
mouse,188,86,1775552568185
mouse,187,86,1775552568192
mouse,185,85,1775552568199
mouse,184,84,1775552568206
mouse,184,83,1775552568213
mouse,184,82,1775552568220
mouse,181,82,1775552568226
mouse,181,81,1775552568233
mouse,180,81,1775552568245
mouse,180,80,1775552568251
mouse,180,79,1775552568261
mouse,179,78,1775552568299
mouse,178,78,1775552568309
mouse,177,77,1775552568324
mouse,177,76,1775552568336
mouse,176,76,1775552568338
mouse,176,75,1775552568345
mouse,176,74,1775552568376
click,176,74,1775552568477
mouse,176,75,1775552568603
mouse,176,76,1775552568611
mouse,176,77,1775552568633
mouse,176,78,1775552568636
mouse,176,79,1775552568662
mouse,176,80,1775552568665
mouse,176,81,1775552568675
mouse,176,82,1775552568678
mouse,176,83,1775552568692
mouse,176,84,1775552568693
mouse,176,85,1775552568699
mouse,176,86,1775552568706
mouse,176,87,1775552568713
mouse,176,89,1775552568720
mouse,175,90,1775552568726
mouse,174,90,1775552568731
mouse,173,92,1775552568740
mouse,172,94,1775552568747
mouse,172,95,1775552568754
mouse,171,97,1775552568761
mouse,169,98,1775552568768
mouse,169,99,1775552568775
mouse,168,101,1775552568782
mouse,167,102,1775552568789
mouse,165,103,1775552568796
mouse,164,103,1775552568804
mouse,164,105,1775552568810
mouse,164,106,1775552568817
mouse,163,106,1775552568824
mouse,162,107,1775552568831
mouse,161,107,1775552568839
mouse,161,108,1775552568845
mouse,160,109,1775552568851
mouse,160,110,1775552568851
mouse,159,110,1775552568861
mouse,158,111,1775552568867
mouse,157,112,1775552568887
mouse,156,113,1775552568894
mouse,156,114,1775552568900
mouse,155,114,1775552568907
mouse,155,115,1775552568915
mouse,154,115,1775552568928
click,154,115,1775552569494
mouse,154,116,1775552569740
mouse,154,117,1775552569748
mouse,153,117,1775552569757
mouse,153,118,1775552569761
mouse,152,119,1775552569770
mouse,152,120,1775552569782
mouse,152,121,1775552569787
mouse,152,122,1775552569794
mouse,151,122,1775552569799
mouse,151,123,1775552569801
mouse,150,125,1775552569810
mouse,150,126,1775552569817
mouse,148,128,1775552569824
mouse,148,130,1775552569831
mouse,146,132,1775552569838
mouse,145,134,1775552569845
mouse,144,136,1775552569851
mouse,143,138,1775552569858
mouse,142,139,1775552569866
mouse,140,141,1775552569872
mouse,140,143,1775552569879
mouse,139,145,1775552569887
mouse,138,146,1775552569894
mouse,136,147,1775552569901
mouse,136,149,1775552569908
mouse,134,150,1775552569914
mouse,132,152,1775552569922
mouse,131,154,1775552569928
mouse,128,156,1775552569935
mouse,125,158,1775552569942
mouse,122,161,1775552569949
mouse,118,165,1775552569956
mouse,113,167,1775552569963
mouse,108,170,1775552569970
mouse,102,174,1775552569977
mouse,99,174,1775552569983
mouse,95,176,1775552569990
mouse,92,178,1775552569997
mouse,88,178,1775552570004
mouse,86,178,1775552570011
mouse,83,179,1775552570018
mouse,80,179,1775552570025
mouse,79,180,1775552570032
mouse,76,180,1775552570040
mouse,75,180,1775552570047
mouse,73,181,1775552570053
mouse,72,181,1775552570060
mouse,69,182,1775552570067
mouse,67,182,1775552570074
mouse,64,182,1775552570081
mouse,62,182,1775552570088
mouse,60,182,1775552570096
mouse,59,182,1775552570102
mouse,57,182,1775552570109
mouse,56,182,1775552570116
mouse,55,182,1775552570136
mouse,55,181,1775552570144
mouse,55,180,1775552570151
mouse,53,178,1775552570158
mouse,52,178,1775552570164
mouse,52,177,1775552570171
mouse,51,177,1775552570178
mouse,50,176,1775552570185
mouse,48,175,1775552570192
mouse,48,174,1775552570199
mouse,47,174,1775552570207
mouse,46,173,1775552570213
mouse,44,172,1775552570220
mouse,44,171,1775552570226
mouse,43,170,1775552570234
mouse,43,169,1775552570241
mouse,41,169,1775552570248
mouse,40,168,1775552570254
mouse,40,167,1775552570264
mouse,40,166,1775552570274
mouse,39,166,1775552570289
mouse,38,166,1775552570298
mouse,37,166,1775552570303
mouse,36,166,1775552570311
mouse,36,165,1775552570321
mouse,36,164,1775552570363
mouse,695,97,1775552574192
mouse,658,99,1775552574199
mouse,618,101,1775552574206
mouse,577,103,1775552574213
mouse,539,105,1775552574220
mouse,507,107,1775552574227
mouse,479,109,1775552574233
mouse,456,110,1775552574240
mouse,435,110,1775552574247
mouse,419,111,1775552574254
mouse,405,112,1775552574261
mouse,392,112,1775552574268
mouse,383,113,1775552574275
mouse,373,114,1775552574282
mouse,364,114,1775552574289
mouse,362,114,1775552574292
mouse,356,115,1775552574296
mouse,350,117,1775552574303
mouse,344,117,1775552574310
mouse,336,118,1775552574317
mouse,329,119,1775552574324
mouse,323,121,1775552574331
mouse,316,122,1775552574338
mouse,312,123,1775552574345
mouse,305,124,1775552574351
mouse,299,126,1775552574358
mouse,292,126,1775552574365
mouse,285,127,1775552574372
mouse,277,128,1775552574379
mouse,270,130,1775552574386
mouse,262,131,1775552574393
mouse,255,132,1775552574400
mouse,247,134,1775552574407
mouse,239,134,1775552574414
mouse,232,136,1775552574421
mouse,224,138,1775552574428
mouse,219,138,1775552574435
mouse,212,138,1775552574442
mouse,206,138,1775552574449
mouse,201,138,1775552574456
mouse,198,138,1775552574463
mouse,195,138,1775552574470
mouse,192,138,1775552574477
mouse,189,137,1775552574484
mouse,186,134,1775552574491
mouse,182,132,1775552574498
mouse,180,130,1775552574505
mouse,175,128,1775552574512
mouse,172,126,1775552574518
mouse,171,124,1775552574525
mouse,168,122,1775552574532
mouse,166,120,1775552574539
mouse,164,118,1775552574546
mouse,163,116,1775552574553
mouse,162,114,1775552574560
mouse,160,113,1775552574567
mouse,160,110,1775552574574
mouse,159,108,1775552574581
mouse,159,106,1775552574588
mouse,158,103,1775552574595
mouse,157,102,1775552574602
mouse,156,100,1775552574609
mouse,156,98,1775552574616
mouse,156,96,1775552574623
mouse,156,93,1775552574630
mouse,155,90,1775552574636
mouse,155,88,1775552574643
mouse,154,86,1775552574650
mouse,153,85,1775552574657
mouse,153,84,1775552574664
mouse,153,82,1775552574671
mouse,153,81,1775552574678
mouse,153,80,1775552574685
mouse,153,79,1775552574692
mouse,153,78,1775552574699
mouse,153,77,1775552574708
mouse,153,76,1775552574714
mouse,153,75,1775552574720
mouse,153,74,1775552574727
mouse,154,73,1775552574748
click,154,73,1775552574884
mouse,154,74,1775552575137
mouse,154,75,1775552575150
mouse,154,76,1775552575162
mouse,154,77,1775552575170
mouse,154,78,1775552575171
mouse,153,78,1775552575182
mouse,153,79,1775552575185
mouse,153,80,1775552575194
mouse,153,81,1775552575200
mouse,153,82,1775552575206
mouse,153,83,1775552575216
mouse,153,84,1775552575226
mouse,153,85,1775552575233
mouse,153,86,1775552575238
mouse,153,87,1775552575259
mouse,153,89,1775552575275
mouse,153,90,1775552575282
mouse,153,91,1775552575289
mouse,153,92,1775552575296
mouse,153,93,1775552575303
mouse,153,94,1775552575310
mouse,154,95,1775552575317
mouse,154,96,1775552575324
mouse,154,97,1775552575331
mouse,154,98,1775552575338
mouse,154,99,1775552575345
mouse,154,100,1775552575352
mouse,154,101,1775552575358
mouse,155,102,1775552575366
mouse,155,103,1775552575373
mouse,155,104,1775552575386
mouse,155,105,1775552575390
mouse,155,106,1775552575404
mouse,155,107,1775552575421
mouse,155,108,1775552575432
mouse,155,109,1775552575449
mouse,154,109,1775552575470
mouse,154,110,1775552575477
mouse,153,110,1775552575484
mouse,152,110,1775552575492
mouse,152,111,1775552575499
mouse,152,112,1775552575518
mouse,151,112,1775552575525
mouse,151,113,1775552575529
mouse,150,113,1775552575539
mouse,149,113,1775552575564
mouse,149,114,1775552575568
mouse,148,114,1775552575588
click,148,114,1775552575853
mouse,148,115,1775552576094
mouse,147,115,1775552576097
mouse,147,116,1775552576102
mouse,146,117,1775552576109
mouse,145,117,1775552576116
mouse,144,118,1775552576124
mouse,143,118,1775552576131
mouse,143,120,1775552576137
mouse,141,121,1775552576143
mouse,139,122,1775552576150
mouse,137,123,1775552576157
mouse,137,125,1775552576161
mouse,135,126,1775552576164
mouse,133,127,1775552576171
mouse,132,128,1775552576174
mouse,131,129,1775552576178
mouse,128,130,1775552576185
mouse,125,133,1775552576192
mouse,123,134,1775552576199
mouse,121,137,1775552576206
mouse,118,138,1775552576213
mouse,115,140,1775552576220
mouse,112,142,1775552576227
mouse,109,143,1775552576234
mouse,108,145,1775552576242
mouse,104,146,1775552576248
mouse,103,147,1775552576254
mouse,100,148,1775552576261
mouse,98,149,1775552576268
mouse,96,150,1775552576275
mouse,94,150,1775552576282
mouse,92,152,1775552576289
mouse,89,153,1775552576296
mouse,87,154,1775552576304
mouse,84,155,1775552576310
mouse,81,157,1775552576318
mouse,79,158,1775552576324
mouse,76,159,1775552576331
mouse,73,160,1775552576338
mouse,71,161,1775552576345
mouse,68,162,1775552576352
mouse,66,162,1775552576359
mouse,64,162,1775552576366
mouse,63,162,1775552576373
mouse,61,162,1775552576379
mouse,60,163,1775552576387
mouse,58,163,1775552576393
mouse,56,164,1775552576400
mouse,54,164,1775552576407
mouse,52,164,1775552576414
mouse,49,165,1775552576421
mouse,48,165,1775552576428
mouse,45,166,1775552576435
mouse,44,166,1775552576442
mouse,42,166,1775552576449
mouse,40,166,1775552576456
mouse,38,166,1775552576463
mouse,37,166,1775552576471
mouse,36,166,1775552576477
mouse,35,166,1775552576487
mouse,34,166,1775552576494
mouse,33,166,1775552576512
mouse,32,166,1775552576523
mouse,31,165,1775552576539
mouse,30,165,1775552576551
mouse,30,164,1775552576553
mouse,29,163,1775552576574
mouse,29,162,1775552576616
mouse,29,161,1775552576636
mouse,29,160,1775552576657
mouse,29,159,1775552576678
mouse,40,140,1775552582553
mouse,37,141,1775552582560
mouse,36,141,1775552582567
mouse,35,142,1775552582574
mouse,33,142,1775552582581
mouse,32,142,1775552582589
mouse,30,143,1775552582595
mouse,29,144,1775552582602
mouse,28,145,1775552582610
mouse,27,145,1775552582615
mouse,25,146,1775552582623
mouse,24,146,1775552582629
mouse,24,147,1775552582719
mouse,24,148,1775552582721
mouse,23,149,1775552582727
mouse,22,149,1775552582734
mouse,22,150,1775552582741
mouse,21,150,1775552582748
mouse,21,151,1775552582797
mouse,21,152,1775552582804
mouse,21,153,1775552582810
mouse,22,154,1775552582818
mouse,23,154,1775552582824
mouse,23,155,1775552582831
mouse,23,156,1775552582839
mouse,24,156,1775552582845
mouse,952,76,1775552585739
mouse,953,77,1775552585742
mouse,952,77,1775552585752
mouse,951,77,1775552585758
mouse,950,78,1775552585762
mouse,946,78,1775552585768
mouse,940,80,1775552585775
mouse,931,81,1775552585782
mouse,919,82,1775552585789
mouse,903,84,1775552585796
mouse,881,86,1775552585803
mouse,856,86,1775552585810
mouse,824,87,1775552585817
mouse,792,89,1775552585824
mouse,752,92,1775552585831
mouse,708,97,1775552585838
mouse,664,102,1775552585845
mouse,620,106,1775552585852
mouse,579,112,1775552585859
mouse,540,118,1775552585866
mouse,504,123,1775552585873
mouse,473,130,1775552585880
mouse,447,134,1775552585887
mouse,421,140,1775552585893
mouse,398,145,1775552585900
mouse,378,150,1775552585907
mouse,359,154,1775552585914
mouse,341,158,1775552585921
mouse,325,162,1775552585928
mouse,311,165,1775552585935
mouse,296,167,1775552585942
mouse,284,170,1775552585949
mouse,272,173,1775552585956
mouse,261,174,1775552585963
mouse,249,176,1775552585970
mouse,240,178,1775552585977
mouse,230,179,1775552585984
mouse,222,180,1775552585990
mouse,213,181,1775552585997
mouse,205,182,1775552586004
mouse,198,183,1775552586011
mouse,192,184,1775552586019
mouse,186,185,1775552586025
mouse,180,185,1775552586032
mouse,175,186,1775552586039
mouse,168,186,1775552586046
mouse,162,187,1775552586053
mouse,155,187,1775552586060
mouse,148,188,1775552586067
mouse,140,189,1775552586074
mouse,132,190,1775552586081
mouse,124,190,1775552586088
mouse,116,190,1775552586095
mouse,108,190,1775552586102
mouse,101,190,1775552586109
mouse,96,190,1775552586116
mouse,90,190,1775552586122
mouse,85,190,1775552586129
mouse,82,190,1775552586136
mouse,80,190,1775552586143
mouse,79,190,1775552586150
mouse,77,190,1775552586157
mouse,76,190,1775552586178
mouse,75,190,1775552586188
mouse,74,190,1775552586193
mouse,73,190,1775552586199
mouse,71,190,1775552586206
mouse,68,189,1775552586213
mouse,64,187,1775552586220
mouse,61,186,1775552586227
mouse,57,185,1775552586234
mouse,54,183,1775552586241
mouse,52,182,1775552586248
mouse,48,181,1775552586254
mouse,46,180,1775552586261
mouse,44,179,1775552586268
mouse,44,178,1775552586275
mouse,43,177,1775552586282
mouse,42,176,1775552586289
mouse,42,175,1775552586296
mouse,42,174,1775552586303
mouse,42,173,1775552586310
mouse,41,171,1775552586318
mouse,41,170,1775552586324
mouse,40,169,1775552586331
mouse,40,167,1775552586338
mouse,40,166,1775552586346
mouse,40,165,1775552586353
mouse,40,164,1775552586360
mouse,40,163,1775552586366
mouse,40,162,1775552586376
mouse,40,161,1775552586394
mouse,40,160,1775552586402
mouse,40,159,1775552586407
mouse,40,158,1775552586416
click,40,158,1775552589272
mouse,40,157,1775552591786
mouse,40,156,1775552591876
mouse,40,155,1775552591881
mouse,41,155,1775552591892
mouse,41,154,1775552591896
mouse,41,153,1775552591933
mouse,41,152,1775552591952
mouse,41,151,1775552591993
click,41,152,1775552593773
click,0,0,1775552594507
click,41,152,1775552593773
click,41,152,1775552601359
click,41,152,1775552605172
click,41,152,1775552610450
mouse,41,153,1775552612725
mouse,40,153,1775552612728
mouse,36,155,1775552612735
mouse,32,158,1775552612741
mouse,27,161,1775552612748
mouse,17,166,1775552612755
mouse,0,174,1775552612762
mouse,0,175,1775552612763
mouse,4,517,1775552653667
mouse,83,502,1775552653672
mouse,193,481,1775552653679
mouse,266,467,1775552653686
mouse,339,453,1775552653693
mouse,403,440,1775552653700
mouse,461,429,1775552653707
mouse,509,418,1775552653714
mouse,549,408,1775552653720
mouse,583,398,1775552653727
mouse,608,389,1775552653734
mouse,628,380,1775552653741
mouse,642,373,1775552653748
mouse,651,366,1775552653755
mouse,657,360,1775552653762
mouse,662,354,1775552653769
mouse,664,349,1775552653776
mouse,665,342,1775552653783
mouse,667,337,1775552653790
mouse,667,330,1775552653798
mouse,667,323,1775552653804
mouse,667,318,1775552653811
mouse,667,310,1775552653818
mouse,667,303,1775552653825
mouse,667,297,1775552653832
mouse,666,290,1775552653839
mouse,665,284,1775552653846
mouse,664,278,1775552653852
mouse,662,273,1775552653859
mouse,660,266,1775552653866
mouse,656,259,1775552653873
mouse,650,250,1775552653880
mouse,644,242,1775552653887
mouse,637,234,1775552653894
mouse,631,226,1775552653901
mouse,623,220,1775552653908
mouse,615,214,1775552653915
mouse,606,207,1775552653922
mouse,596,202,1775552653929
mouse,586,196,1775552653936
mouse,576,191,1775552653943
mouse,564,186,1775552653950
mouse,553,181,1775552653957
mouse,542,176,1775552653964
mouse,530,172,1775552653970
mouse,518,168,1775552653977
mouse,506,164,1775552653984
mouse,496,161,1775552653991
mouse,482,157,1775552653998
mouse,468,154,1775552654005
mouse,454,151,1775552654012
mouse,440,149,1775552654019
mouse,428,147,1775552654026
mouse,416,147,1775552654033
mouse,406,146,1775552654040
mouse,396,146,1775552654047
mouse,387,146,1775552654054
mouse,379,146,1775552654061
mouse,371,146,1775552654068
mouse,362,146,1775552654075
mouse,353,146,1775552654082
mouse,344,147,1775552654089
mouse,335,148,1775552654095
mouse,326,149,1775552654102
mouse,316,150,1775552654110
mouse,309,150,1775552654116
mouse,301,151,1775552654123
mouse,294,152,1775552654130
mouse,285,152,1775552654137
mouse,279,152,1775552654145
mouse,269,152,1775552654151
mouse,262,152,1775552654158
mouse,256,152,1775552654165
mouse,248,152,1775552654172
mouse,242,152,1775552654179
mouse,236,152,1775552654186
mouse,230,153,1775552654194
mouse,228,153,1775552654202
mouse,220,154,1775552654209
mouse,215,154,1775552654214
mouse,210,155,1775552654221
mouse,205,156,1775552654228
mouse,202,158,1775552654234
mouse,199,158,1775552654241
mouse,196,159,1775552654248
mouse,192,160,1775552654255
mouse,190,161,1775552654262
mouse,187,162,1775552654269
mouse,184,163,1775552654276
mouse,182,164,1775552654283
mouse,180,165,1775552654290
mouse,177,165,1775552654297
mouse,175,166,1775552654304
mouse,172,166,1775552654311
mouse,168,166,1775552654318
mouse,166,166,1775552654325
mouse,162,166,1775552654333
mouse,159,166,1775552654340
mouse,154,166,1775552654346
mouse,150,166,1775552654353
mouse,146,166,1775552654360
mouse,141,166,1775552654367
mouse,138,166,1775552654373
mouse,134,166,1775552654380
mouse,130,166,1775552654387
mouse,125,166,1775552654394
mouse,122,166,1775552654401
mouse,116,168,1775552654408
mouse,112,169,1775552654415
mouse,108,169,1775552654422
mouse,103,170,1775552654429
mouse,98,170,1775552654436
mouse,92,171,1775552654443
mouse,88,171,1775552654450
mouse,83,171,1775552654457
mouse,76,171,1775552654464
mouse,68,171,1775552654470
mouse,60,171,1775552654477
mouse,48,171,1775552654484
mouse,36,170,1775552654491
mouse,21,169,1775552654498
mouse,6,166,1775552654505
mouse,0,166,1775552654507
mouse,0,165,1775552654508
mouse,0,437,1775552681960
mouse,2,437,1775552681961
mouse,14,435,1775552681964
mouse,32,433,1775552681971
mouse,52,430,1775552681978
mouse,65,426,1775552681985
mouse,80,422,1775552681992
mouse,98,415,1775552682000
mouse,110,411,1775552682006
mouse,124,404,1775552682013
mouse,137,396,1775552682020
mouse,152,387,1775552682026
mouse,167,378,1775552682033
mouse,180,367,1775552682040
mouse,193,357,1775552682047
mouse,208,345,1775552682054
mouse,220,332,1775552682061
mouse,231,319,1775552682068
mouse,241,307,1775552682075
mouse,249,295,1775552682082
mouse,259,283,1775552682089
mouse,265,274,1775552682096
mouse,273,262,1775552682103
mouse,280,253,1775552682110
mouse,291,240,1775552682117
mouse,298,230,1775552682124
mouse,307,218,1775552682131
mouse,315,206,1775552682140
mouse,324,194,1775552682147
mouse,328,187,1775552682152
mouse,332,179,1775552682158
mouse,337,172,1775552682165
mouse,340,166,1775552682172
mouse,345,159,1775552682179
mouse,348,154,1775552682186
mouse,352,148,1775552682193
mouse,356,142,1775552682201
mouse,360,134,1775552682208
mouse,362,128,1775552682214
mouse,364,120,1775552682221
mouse,364,114,1775552682228
mouse,365,109,1775552682235
mouse,365,102,1775552682242
mouse,365,93,1775552682249
mouse,364,84,1775552682256
mouse,362,72,1775552682263
mouse,360,63,1775552682270
mouse,356,52,1775552682276
mouse,353,42,1775552682283
mouse,349,32,1775552682290
mouse,347,23,1775552682297
mouse,345,16,1775552682304
mouse,344,8,1775552682311
mouse,344,0,1775552682318
mouse,104,0,1775552682859
mouse,103,1,1775552682860
mouse,102,9,1775552682867
mouse,101,18,1775552682874
mouse,100,27,1775552682881
mouse,100,36,1775552682888
mouse,100,45,1775552682894
mouse,98,54,1775552682901
mouse,96,60,1775552682908
mouse,95,66,1775552682915
mouse,93,74,1775552682922
mouse,92,78,1775552682929
mouse,89,83,1775552682936
mouse,88,87,1775552682943
mouse,86,90,1775552682950
mouse,84,94,1775552682957
mouse,82,97,1775552682964
mouse,81,100,1775552682971
mouse,80,103,1775552682978
mouse,78,106,1775552682985
mouse,77,108,1775552682992
mouse,76,111,1775552682999
mouse,74,114,1775552683005
mouse,72,117,1775552683012
mouse,70,119,1775552683019
mouse,68,122,1775552683026
mouse,67,125,1775552683033
mouse,64,126,1775552683041
mouse,64,129,1775552683047
mouse,62,131,1775552683054
mouse,60,134,1775552683061
mouse,58,137,1775552683068
mouse,56,138,1775552683075
mouse,55,142,1775552683082
mouse,53,144,1775552683089
mouse,52,146,1775552683096
mouse,50,150,1775552683103
mouse,48,152,1775552683110
mouse,48,154,1775552683117
mouse,46,156,1775552683124
mouse,44,158,1775552683130
mouse,43,160,1775552683137
mouse,42,162,1775552683144
mouse,40,163,1775552683151
mouse,40,165,1775552683158
mouse,39,166,1775552683165
mouse,37,167,1775552683172
mouse,36,168,1775552683179
mouse,36,169,1775552683186
mouse,36,170,1775552683193
mouse,36,169,1775552683319
mouse,36,168,1775552683339
mouse,36,167,1775552683346
mouse,36,166,1775552683353
mouse,36,165,1775552683360
mouse,36,163,1775552683367
mouse,37,162,1775552683374
mouse,37,161,1775552683381
mouse,37,160,1775552683387
mouse,37,159,1775552683394
mouse,38,159,1775552683405
mouse,38,158,1775552683408
mouse,38,157,1775552683418
mouse,38,156,1775552683436
mouse,38,155,1775552683448
mouse,38,155,1775552683561
mouse,40,1,1775552689726
mouse,41,3,1775552689728
mouse,45,11,1775552689735
mouse,50,19,1775552689742
mouse,52,26,1775552689749
mouse,56,33,1775552689756
mouse,58,40,1775552689763
mouse,60,46,1775552689770
mouse,62,52,1775552689776
mouse,63,57,1775552689783
mouse,64,61,1775552689790
mouse,65,66,1775552689797
mouse,66,70,1775552689804
mouse,67,74,1775552689811
mouse,68,77,1775552689818
mouse,68,81,1775552689825
mouse,68,85,1775552689832
mouse,68,88,1775552689839
mouse,68,91,1775552689846
mouse,69,95,1775552689854
mouse,69,99,1775552689861
mouse,69,102,1775552689867
mouse,69,107,1775552689874
mouse,69,111,1775552689881
mouse,69,114,1775552689888
mouse,69,117,1775552689894
mouse,68,121,1775552689902
mouse,68,123,1775552689909
mouse,68,125,1775552689915
mouse,68,128,1775552689922
mouse,67,130,1775552689929
mouse,66,132,1775552689936
mouse,66,135,1775552689944
mouse,65,137,1775552689950
mouse,64,139,1775552689957
mouse,64,142,1775552689964
mouse,64,144,1775552689971
mouse,63,146,1775552689978
mouse,62,149,1775552689985
mouse,61,151,1775552689993
mouse,60,153,1775552689999
mouse,60,154,1775552690006
mouse,60,156,1775552690013
mouse,60,157,1775552690019
mouse,59,158,1775552690026
mouse,58,160,1775552690033
mouse,58,162,1775552690040
mouse,58,163,1775552690047
mouse,57,165,1775552690054
mouse,57,166,1775552690061
mouse,56,166,1775552690068
mouse,55,166,1775552690160
mouse,54,166,1775552690165
mouse,52,166,1775552690172
mouse,51,166,1775552690179
mouse,48,165,1775552690186
mouse,46,163,1775552690193
mouse,44,162,1775552690200
mouse,41,162,1775552690207
mouse,39,161,1775552690214
mouse,36,161,1775552690221
mouse,35,160,1775552690228
mouse,34,159,1775552690235
mouse,32,159,1775552690242
mouse,32,158,1775552690251
mouse,31,158,1775552690256
mouse,30,158,1775552690262
mouse,29,158,1775552690283
mouse,0,370,1775552774062
mouse,4,367,1775552774062
mouse,44,351,1775552774070
mouse,72,337,1775552774078
mouse,87,330,1775552774083
mouse,106,318,1775552774090
mouse,120,309,1775552774097
mouse,132,299,1775552774104
mouse,140,290,1775552774111
mouse,145,282,1775552774118
mouse,149,275,1775552774125
mouse,151,270,1775552774132
mouse,151,266,1775552774138
mouse,152,262,1775552774145
mouse,152,259,1775552774152
mouse,152,255,1775552774160
mouse,152,254,1775552774166
mouse,152,251,1775552774173
mouse,153,250,1775552774181
mouse,153,248,1775552774189
mouse,153,246,1775552774195
mouse,153,245,1775552774203
mouse,153,244,1775552774208
mouse,153,243,1775552774215
mouse,153,242,1775552774222
mouse,153,241,1775552774229
mouse,153,240,1775552774236
mouse,153,238,1775552774243
mouse,153,236,1775552774250
mouse,153,234,1775552774257
mouse,153,232,1775552774263
mouse,153,229,1775552774270
mouse,153,226,1775552774278
mouse,153,223,1775552774285
mouse,153,220,1775552774292
mouse,153,218,1775552774298
mouse,154,214,1775552774305
mouse,154,212,1775552774312
mouse,154,209,1775552774319
mouse,154,206,1775552774326
mouse,152,203,1775552774333
mouse,152,201,1775552774340
mouse,150,198,1775552774347
mouse,148,197,1775552774354
mouse,147,196,1775552774361
mouse,146,194,1775552774368
mouse,145,193,1775552774380
mouse,145,192,1775552774388
mouse,144,192,1775552774389
mouse,144,190,1775552774395
mouse,143,189,1775552774409
mouse,142,189,1775552774414
mouse,142,188,1775552774417
mouse,141,187,1775552774423
mouse,140,186,1775552774430
mouse,140,185,1775552774437
mouse,139,183,1775552774444
mouse,138,182,1775552774451
mouse,136,181,1775552774458
mouse,136,180,1775552774465
mouse,134,178,1775552774472
mouse,132,178,1775552774479
mouse,132,177,1775552774486
mouse,130,176,1775552774493
mouse,129,175,1775552774500
mouse,128,175,1775552774506
mouse,128,174,1775552774513
mouse,127,174,1775552774520
mouse,126,173,1775552774527
mouse,125,172,1775552774535
mouse,124,171,1775552774541
mouse,122,170,1775552774549
mouse,121,170,1775552774556
mouse,120,169,1775552774562
mouse,116,167,1775552774569
mouse,114,167,1775552774576
mouse,112,166,1775552774583
mouse,109,166,1775552774590
mouse,106,166,1775552774597
mouse,104,166,1775552774604
mouse,100,166,1775552774611
mouse,98,166,1775552774619
mouse,96,166,1775552774625
mouse,92,166,1775552774631
mouse,90,167,1775552774638
mouse,88,168,1775552774645
mouse,84,168,1775552774652
mouse,82,168,1775552774659
mouse,80,169,1775552774666
mouse,76,169,1775552774673
mouse,74,169,1775552774680
mouse,72,169,1775552774687
mouse,71,169,1775552774695
mouse,70,169,1775552774701
mouse,68,169,1775552774708
mouse,67,169,1775552774721
mouse,66,169,1775552774729
mouse,65,169,1775552774733
mouse,64,169,1775552774737
mouse,62,168,1775552774756
mouse,60,167,1775552774763
mouse,60,166,1775552774772
mouse,59,166,1775552774777
mouse,58,166,1775552774785
mouse,57,165,1775552774791
mouse,56,164,1775552774798
mouse,56,163,1775552774805
mouse,55,162,1775552774813
mouse,55,161,1775552774833
mouse,54,161,1775552774840
mouse,54,160,1775552774848
mouse,54,159,1775552774856
mouse,53,159,1775552774862
mouse,52,158,1775552774869
mouse,52,157,1775552774882
mouse,51,157,1775552774903
mouse,50,157,1775552775040
mouse,49,157,1775552775056
mouse,48,157,1775552775063
mouse,47,157,1775552775159
mouse,46,157,1775552775181
mouse,45,157,1775552775193
mouse,45,157,1775552775625
mouse,45,158,1775552778607
mouse,46,158,1775552778612
mouse,46,159,1775552778631
mouse,47,160,1775552778638
mouse,47,161,1775552778646
mouse,47,162,1775552778652
mouse,47,163,1775552778659
mouse,47,164,1775552778666
mouse,47,166,1775552778673
mouse,47,167,1775552778680
mouse,47,168,1775552778687
mouse,47,169,1775552778695
mouse,47,170,1775552778703
mouse,47,169,1775552778926
mouse,47,167,1775552778944
mouse,47,166,1775552778951
mouse,47,165,1775552778958
mouse,47,164,1775552778965
mouse,47,163,1775552778972
mouse,47,162,1775552778979
mouse,46,161,1775552778986
mouse,45,161,1775552778993
mouse,45,160,1775552778999
mouse,44,159,1775552779006
mouse,44,158,1775552779013
mouse,43,158,1775552779020
mouse,43,157,1775552779027
mouse,42,157,1775552779034
mouse,41,155,1775552779041
mouse,40,155,1775552779048
mouse,40,154,1775552779058
mouse,39,154,1775552779076
mouse,39,153,1775552779088
click,39,153,1775552786457
mouse,40,153,1775552787659
mouse,40,154,1775552787671
mouse,41,154,1775552787677
mouse,42,154,1775552787683
mouse,43,154,1775552787701
mouse,44,154,1775552787708
mouse,45,154,1775552787718
mouse,46,154,1775552787722
mouse,48,154,1775552787729
mouse,49,154,1775552787736
mouse,52,154,1775552787743
mouse,55,153,1775552787750
mouse,59,151,1775552787757
mouse,63,150,1775552787764
mouse,67,147,1775552787770
mouse,71,145,1775552787778
mouse,76,142,1775552787784
mouse,81,139,1775552787791
mouse,85,137,1775552787798
mouse,91,134,1775552787805
mouse,94,131,1775552787812
mouse,99,130,1775552787819
mouse,103,127,1775552787826
mouse,108,124,1775552787833
mouse,111,122,1775552787840
mouse,114,119,1775552787847
mouse,117,118,1775552787854
mouse,119,115,1775552787861
mouse,121,114,1775552787868
mouse,123,112,1775552787875
mouse,124,111,1775552787882
mouse,125,110,1775552787889
mouse,127,109,1775552787896
mouse,127,107,1775552787902
mouse,127,106,1775552787914
mouse,128,106,1775552787917
mouse,129,104,1775552787937
mouse,129,103,1775552787944
mouse,129,102,1775552787951
mouse,130,101,1775552787958
mouse,131,99,1775552787965
mouse,132,98,1775552787973
mouse,133,96,1775552787979
mouse,134,95,1775552787986
mouse,135,94,1775552787993
mouse,135,92,1775552787999
mouse,136,91,1775552788006
mouse,137,90,1775552788014
mouse,138,88,1775552788021
mouse,139,87,1775552788029
mouse,139,86,1775552788035
mouse,139,85,1775552788074
mouse,140,85,1775552788090
mouse,140,84,1775552788097
mouse,140,84,1775552788189
click,140,84,1775552788291
mouse,139,85,1775552788782
mouse,138,86,1775552789094
mouse,138,87,1775552789111
mouse,138,89,1775552789125
mouse,138,90,1775552789132
mouse,138,91,1775552789139
mouse,138,93,1775552789146
mouse,138,95,1775552789153
mouse,137,96,1775552789160
mouse,137,97,1775552789166
mouse,137,98,1775552789173
mouse,137,99,1775552789180
mouse,137,100,1775552789188
mouse,137,101,1775552789195
mouse,136,101,1775552789203
mouse,136,102,1775552789211
mouse,136,103,1775552789234
mouse,136,105,1775552789239
mouse,136,106,1775552789258
mouse,137,106,1775552789264
mouse,137,107,1775552789284
mouse,137,108,1775552789293
mouse,137,109,1775552789312
mouse,137,110,1775552789345
click,137,110,1775552789595
mouse,137,111,1775552789846
mouse,137,112,1775552789852
mouse,136,113,1775552789855
mouse,136,114,1775552789864
mouse,135,114,1775552789869
mouse,134,114,1775552789879
mouse,134,115,1775552789882
mouse,134,116,1775552789889
mouse,134,117,1775552789896
mouse,133,117,1775552789905
mouse,133,118,1775552789913
mouse,132,118,1775552789917
mouse,132,119,1775552789937
mouse,132,120,1775552789946
mouse,131,120,1775552789952
mouse,131,121,1775552789958
mouse,130,121,1775552789979
mouse,130,122,1775552789986
mouse,129,122,1775552790008
mouse,128,122,1775552790044
mouse,128,123,1775552790068
mouse,127,123,1775552790072
mouse,127,124,1775552790076
mouse,126,124,1775552790083
mouse,126,125,1775552790104
mouse,126,126,1775552790174
mouse,125,126,1775552790185
mouse,261,239,1775552794218
mouse,260,236,1775552794222
mouse,257,231,1775552794229
mouse,256,226,1775552794236
mouse,255,223,1775552794243
mouse,252,218,1775552794250
mouse,250,214,1775552794257
mouse,248,210,1775552794264
mouse,247,207,1775552794272
mouse,245,204,1775552794278
mouse,244,202,1775552794285
mouse,244,199,1775552794291
mouse,243,198,1775552794298
mouse,242,195,1775552794306
mouse,241,193,1775552794312
mouse,240,190,1775552794319
mouse,240,187,1775552794326
mouse,238,184,1775552794333
mouse,237,180,1775552794340
mouse,236,175,1775552794348
mouse,235,174,1775552794354
mouse,233,170,1775552794361
mouse,232,168,1775552794368
mouse,231,165,1775552794375
mouse,230,162,1775552794382
mouse,229,160,1775552794389
mouse,228,158,1775552794395
mouse,228,155,1775552794402
mouse,226,154,1775552794409
mouse,225,150,1775552794417
mouse,224,148,1775552794424
mouse,223,146,1775552794430
mouse,221,143,1775552794437
mouse,219,140,1775552794444
mouse,216,137,1775552794451
mouse,214,134,1775552794458
mouse,212,131,1775552794465
mouse,209,128,1775552794472
mouse,208,126,1775552794479
mouse,206,125,1775552794486
mouse,204,123,1775552794493
mouse,202,122,1775552794500
mouse,200,121,1775552794508
mouse,198,120,1775552794514
mouse,196,119,1775552794521
mouse,195,118,1775552794529
mouse,194,118,1775552794534
mouse,192,117,1775552794541
mouse,192,116,1775552794549
mouse,190,116,1775552794555
mouse,189,116,1775552794625
mouse,188,116,1775552795542
mouse,187,116,1775552795609
mouse,186,116,1775552795612
mouse,185,117,1775552795619
mouse,184,117,1775552795625
mouse,184,118,1775552795634
mouse,183,118,1775552795639
mouse,182,119,1775552795646
mouse,180,119,1775552795653
mouse,180,121,1775552795659
mouse,179,122,1775552795666
mouse,177,123,1775552795673
mouse,176,125,1775552795680
mouse,175,126,1775552795687
mouse,175,127,1775552795694
mouse,172,129,1775552795701
mouse,172,131,1775552795708
mouse,171,132,1775552795715
mouse,171,133,1775552795722
mouse,169,134,1775552795729
mouse,168,134,1775552795736
mouse,168,135,1775552795743
mouse,167,135,1775552795750
mouse,167,136,1775552795758
mouse,166,137,1775552795764
mouse,165,137,1775552795771
mouse,164,137,1775552795778
mouse,164,138,1775552795787
mouse,163,138,1775552795798
mouse,161,138,1775552795812
mouse,160,138,1775552795826
mouse,160,136,1775552795930
mouse,160,134,1775552795939
mouse,160,131,1775552795947
mouse,160,130,1775552795951
mouse,160,128,1775552795958
mouse,160,126,1775552795965
mouse,160,125,1775552795972
mouse,160,124,1775552795979
mouse,160,123,1775552795986
mouse,160,122,1775552795993
mouse,160,121,1775552796046
mouse,159,121,1775552796082
mouse,159,120,1775552796097
click,159,120,1775552796202
mouse,158,120,1775552796290
mouse,157,121,1775552796291
mouse,156,121,1775552796298
mouse,153,122,1775552796305
mouse,150,123,1775552796312
mouse,146,124,1775552796319
mouse,140,126,1775552796326
mouse,135,127,1775552796333
mouse,128,130,1775552796340
mouse,121,134,1775552796347
mouse,115,137,1775552796354
mouse,104,142,1775552796364
mouse,99,144,1775552796368
mouse,91,147,1775552796375
mouse,84,150,1775552796382
mouse,78,151,1775552796389
mouse,72,153,1775552796395
mouse,68,154,1775552796402
mouse,64,155,1775552796409
mouse,60,157,1775552796416
mouse,57,158,1775552796423
mouse,55,158,1775552796431
mouse,52,158,1775552796437
mouse,51,159,1775552796444
mouse,48,159,1775552796451
mouse,47,160,1775552796458
mouse,44,161,1775552796465
mouse,43,161,1775552796472
mouse,41,161,1775552796480
mouse,40,162,1775552796486
mouse,39,162,1775552796493
mouse,38,162,1775552796503
mouse,37,162,1775552796521
mouse,36,162,1775552796542
mouse,196,73,1775552800463
mouse,196,74,1775552800466
mouse,195,74,1775552800472
mouse,194,74,1775552800480
mouse,193,75,1775552800487
mouse,192,76,1775552800494
mouse,192,77,1775552800500
mouse,192,78,1775552800507
mouse,191,78,1775552800515
mouse,191,79,1775552800522
mouse,191,80,1775552800529
mouse,190,81,1775552800535
mouse,189,82,1775552800541
mouse,189,83,1775552800554
mouse,188,83,1775552800559
mouse,188,84,1775552800565
mouse,188,85,1775552800572
mouse,187,85,1775552800576
mouse,186,85,1775552800750
mouse,185,85,1775552800758
mouse,184,85,1775552800770
mouse,183,85,1775552800785
mouse,182,85,1775552800806
mouse,182,84,1775552800815
mouse,181,84,1775552800820
mouse,180,83,1775552800860
mouse,180,82,1775552800876
click,180,82,1775552801008
mouse,181,82,1775552801592
mouse,182,82,1775552801603
mouse,183,82,1775552801634
mouse,184,82,1775552801648
mouse,184,83,1775552801667
mouse,185,83,1775552801674
mouse,186,83,1775552801684
mouse,187,83,1775552801703
mouse,188,83,1775552801722
mouse,189,83,1775552801755
mouse,190,83,1775552801773
mouse,190,84,1775552801782
mouse,191,84,1775552801799
mouse,192,84,1775552801807
mouse,193,84,1775552801834
mouse,193,85,1775552801840
mouse,194,85,1775552801847
mouse,195,85,1775552801880
mouse,196,85,1775552801903
mouse,197,85,1775552801929
mouse,198,86,1775552801947
mouse,199,86,1775552802202
mouse,200,86,1775552802222
mouse,200,87,1775552802254
mouse,201,87,1775552802281
mouse,201,88,1775552802286
mouse,202,89,1775552802291
mouse,203,89,1775552802300
mouse,204,90,1775552802305
mouse,204,91,1775552802313
mouse,204,92,1775552802319
mouse,205,93,1775552802323
mouse,206,94,1775552802333
mouse,207,94,1775552802341
mouse,207,95,1775552802347
mouse,208,96,1775552802354
mouse,208,98,1775552802361
mouse,208,99,1775552802368
mouse,210,101,1775552802376
mouse,211,102,1775552802382
mouse,212,105,1775552802390
mouse,212,106,1775552802396
mouse,212,108,1775552802402
mouse,212,109,1775552802409
mouse,212,110,1775552802416
mouse,212,112,1775552802423
mouse,212,113,1775552802430
mouse,212,114,1775552802437
mouse,212,115,1775552802445
mouse,212,116,1775552802451
mouse,212,117,1775552802460
mouse,212,118,1775552802484
mouse,211,118,1775552802488
mouse,210,118,1775552802521
mouse,209,118,1775552802528
mouse,208,119,1775552802536
mouse,208,120,1775552802544
mouse,208,121,1775552802555
mouse,207,121,1775552802556
mouse,206,121,1775552802576
mouse,205,121,1775552802584
mouse,204,121,1775552802591
mouse,204,122,1775552802597
mouse,204,122,1775552802681
click,204,122,1775552802757
mouse,204,123,1775552803383
mouse,206,124,1775552803390
mouse,208,125,1775552803397
mouse,209,126,1775552803404
mouse,210,126,1775552803410
mouse,212,127,1775552803418
mouse,212,128,1775552803425
mouse,213,128,1775552803430
mouse,214,129,1775552803437
mouse,216,129,1775552803444
mouse,217,130,1775552803451
mouse,218,130,1775552803459
mouse,219,130,1775552803465
mouse,220,130,1775552803472
mouse,220,131,1775552803477
mouse,221,132,1775552803486
mouse,223,132,1775552803493
mouse,224,133,1775552803500
mouse,226,134,1775552803507
mouse,228,134,1775552803514
mouse,230,134,1775552803521
mouse,231,134,1775552803528
mouse,232,134,1775552803535
mouse,233,135,1775552803542
mouse,236,136,1775552803548
mouse,237,136,1775552803555
mouse,240,136,1775552803562
mouse,241,136,1775552803570
mouse,243,137,1775552803576
mouse,244,138,1775552803583
mouse,247,138,1775552803592
mouse,249,138,1775552803598
mouse,252,139,1775552803604
mouse,255,140,1775552803611
mouse,259,140,1775552803618
mouse,263,142,1775552803625
mouse,266,142,1775552803632
mouse,270,142,1775552803639
mouse,274,142,1775552803646
mouse,276,143,1775552803653
mouse,280,143,1775552803659
mouse,283,144,1775552803666
mouse,286,145,1775552803673
mouse,287,145,1775552803675
mouse,290,145,1775552803680
mouse,294,146,1775552803687
mouse,298,146,1775552803694
mouse,303,147,1775552803701
mouse,305,149,1775552803705
mouse,307,149,1775552803708
mouse,312,150,1775552803715
mouse,317,152,1775552803722
mouse,322,154,1775552803729
mouse,327,156,1775552803736
mouse,332,158,1775552803743
mouse,333,158,1775552803744
mouse,337,159,1775552803750
mouse,343,161,1775552803757
mouse,347,162,1775552803764
mouse,348,163,1775552803768
mouse,351,163,1775552803771
mouse,355,165,1775552803778
mouse,359,166,1775552803784
mouse,363,166,1775552803791
mouse,367,168,1775552803798
mouse,372,169,1775552803805
mouse,376,170,1775552803812
mouse,380,171,1775552803819
mouse,385,173,1775552803826
mouse,388,174,1775552803833
mouse,392,174,1775552803840
mouse,397,176,1775552803847
mouse,400,178,1775552803854
mouse,404,178,1775552803861
mouse,407,181,1775552803868
mouse,408,181,1775552803870
mouse,409,182,1775552803875
mouse,412,182,1775552803882
mouse,413,184,1775552803888
mouse,416,185,1775552803896
mouse,417,186,1775552803903
mouse,418,186,1775552803910
mouse,419,186,1775552803916
mouse,420,186,1775552803938
mouse,421,186,1775552803945
mouse,422,187,1775552803951
mouse,424,189,1775552803958
mouse,427,190,1775552803965
mouse,429,191,1775552803972
mouse,430,192,1775552803973
mouse,432,193,1775552803977
mouse,433,194,1775552803979
mouse,438,196,1775552803986
mouse,442,198,1775552803993
mouse,447,201,1775552804000
mouse,452,203,1775552804007
mouse,456,205,1775552804014
mouse,460,207,1775552804021
mouse,465,209,1775552804028
mouse,468,210,1775552804034
mouse,473,212,1775552804041
mouse,477,214,1775552804048
mouse,480,214,1775552804055
mouse,484,216,1775552804062
mouse,488,217,1775552804069
mouse,490,218,1775552804076
mouse,492,218,1775552804082
mouse,493,218,1775552804087
mouse,495,218,1775552804090
mouse,496,219,1775552804097
mouse,497,220,1775552804104
mouse,498,220,1775552804111
mouse,499,220,1775552804118
mouse,500,221,1775552804132
mouse,501,221,1775552804144
mouse,502,222,1775552804150
mouse,503,222,1775552804155
mouse,504,222,1775552804160
mouse,506,222,1775552804167
mouse,508,222,1775552804174
mouse,510,222,1775552804180
mouse,512,223,1775552804183
mouse,512,224,1775552804187
mouse,516,224,1775552804194
mouse,518,225,1775552804201
mouse,521,226,1775552804208
mouse,524,226,1775552804215
mouse,527,228,1775552804222
mouse,530,228,1775552804229
mouse,532,230,1775552804236
mouse,535,230,1775552804243
mouse,538,230,1775552804250
mouse,540,231,1775552804257
mouse,542,232,1775552804264
mouse,544,233,1775552804271
mouse,546,234,1775552804278
mouse,548,234,1775552804285
mouse,550,234,1775552804292
mouse,552,236,1775552804298
mouse,554,236,1775552804306
mouse,554,237,1775552804306
mouse,556,238,1775552804313
mouse,558,238,1775552804319
mouse,561,238,1775552804326
mouse,564,239,1775552804333
mouse,566,241,1775552804340
mouse,570,242,1775552804347
mouse,572,242,1775552804354
mouse,576,243,1775552804361
mouse,582,244,1775552804368
mouse,588,246,1775552804375
mouse,595,248,1775552804382
mouse,602,250,1775552804389
mouse,610,251,1775552804396
mouse,615,253,1775552804398
mouse,622,255,1775552804403
mouse,633,258,1775552804409
mouse,646,261,1775552804416
mouse,658,264,1775552804423
mouse,661,266,1775552804426
mouse,671,267,1775552804430
mouse,684,270,1775552804437
mouse,697,273,1775552804444
mouse,709,274,1775552804451
mouse,720,274,1775552804458
mouse,732,275,1775552804465
mouse,741,276,1775552804472
mouse,751,276,1775552804479
mouse,757,276,1775552804485
mouse,759,276,1775552804486
mouse,765,276,1775552804493
mouse,771,276,1775552804500
mouse,776,276,1775552804507
mouse,780,276,1775552804514
mouse,781,276,1775552804515
mouse,784,276,1775552804521
mouse,786,276,1775552804528
mouse,788,276,1775552804536
mouse,789,276,1775552804542
mouse,790,275,1775552804548
mouse,791,274,1775552804555
mouse,792,274,1775552804566
mouse,794,274,1775552804583
mouse,796,273,1775552804590
mouse,796,272,1775552804597
mouse,797,272,1775552804604
mouse,799,272,1775552804611
mouse,800,271,1775552804618
mouse,800,270,1775552804625
mouse,802,270,1775552804632
mouse,803,270,1775552804639
mouse,804,270,1775552804652
mouse,804,269,1775552804688
mouse,807,268,1775552804694
mouse,808,268,1775552804701
mouse,809,267,1775552804708
mouse,811,266,1775552804715
mouse,812,266,1775552804722
mouse,813,264,1775552804729
mouse,815,263,1775552804736
mouse,815,262,1775552804743
mouse,816,262,1775552804750
mouse,816,261,1775552804759
mouse,816,260,1775552804765
mouse,816,259,1775552804788
mouse,816,258,1775552804806
mouse,816,257,1775552804836
mouse,816,256,1775552804840
mouse,816,254,1775552804847
mouse,813,252,1775552804854
mouse,813,250,1775552804861
mouse,812,248,1775552804868
mouse,810,246,1775552804875
mouse,808,244,1775552804882
mouse,805,242,1775552804889
mouse,804,239,1775552804896
mouse,800,238,1775552804903
mouse,799,235,1775552804910
mouse,797,234,1775552804916
mouse,796,233,1775552804923
mouse,794,232,1775552804930
mouse,793,231,1775552804937
mouse,792,231,1775552804944
mouse,792,230,1775552804951
click,792,230,1775552805128
mouse,791,230,1775552805228
mouse,790,230,1775552805231
mouse,789,230,1775552805236
mouse,788,230,1775552805243
mouse,785,230,1775552805250
mouse,781,230,1775552805257
mouse,777,230,1775552805264
mouse,773,230,1775552805271
mouse,769,231,1775552805278
mouse,764,231,1775552805285
mouse,758,232,1775552805291
mouse,748,234,1775552805304
mouse,747,234,1775552805305
mouse,741,235,1775552805312
mouse,735,236,1775552805319
mouse,731,237,1775552805326
mouse,724,238,1775552805333
mouse,720,238,1775552805340
mouse,713,240,1775552805347
mouse,708,241,1775552805354
mouse,701,243,1775552805361
mouse,696,244,1775552805368
mouse,689,246,1775552805375
mouse,681,250,1775552805382
mouse,674,252,1775552805389
mouse,667,255,1775552805396
mouse,656,260,1775552805403
mouse,653,261,1775552805411
mouse,638,268,1775552805418
mouse,633,270,1775552805424
mouse,628,274,1775552805433
mouse,619,278,1775552805439
mouse,616,279,1775552805444
mouse,612,282,1775552805451
mouse,609,282,1775552805458
mouse,607,284,1775552805465
mouse,604,286,1775552805472
mouse,603,288,1775552805479
mouse,601,290,1775552805486
mouse,599,291,1775552805493
mouse,597,294,1775552805500
mouse,595,298,1775552805507
mouse,591,302,1775552805514
mouse,587,307,1775552805521
mouse,580,314,1775552805528
mouse,574,322,1775552805535
mouse,570,328,1775552805542
mouse,568,334,1775552805549
mouse,566,339,1775552805555
mouse,566,344,1775552805562
mouse,566,346,1775552805569
mouse,566,348,1775552805576
mouse,566,351,1775552805583
mouse,567,354,1775552805590
mouse,568,355,1775552805598
mouse,569,356,1775552805604
mouse,570,356,1775552805611
mouse,571,357,1775552805618
mouse,572,357,1775552805627
mouse,572,358,1775552805632
mouse,573,358,1775552805639
mouse,574,358,1775552805649
mouse,575,358,1775552805655
mouse,578,360,1775552805938
mouse,579,360,1775552805944
mouse,581,360,1775552805951
mouse,584,361,1775552805958
mouse,587,362,1775552805965
mouse,590,362,1775552805972
mouse,595,363,1775552805979
mouse,599,364,1775552805986
mouse,604,364,1775552805993
mouse,609,366,1775552806000
mouse,615,366,1775552806007
mouse,620,366,1775552806014
mouse,626,368,1775552806021
mouse,632,370,1775552806029
mouse,637,370,1775552806034
mouse,642,372,1775552806041
mouse,648,374,1775552806048
mouse,652,375,1775552806055
mouse,656,377,1775552806062
mouse,660,378,1775552806069
mouse,664,380,1775552806076
mouse,670,382,1775552806083
mouse,676,384,1775552806090
mouse,685,387,1775552806097
mouse,694,390,1775552806104
mouse,705,394,1775552806111
mouse,716,396,1775552806118
mouse,728,399,1775552806125
mouse,739,402,1775552806132
mouse,751,405,1775552806139
mouse,763,407,1775552806146
mouse,774,410,1775552806153
mouse,786,412,1775552806159
mouse,796,414,1775552806166
mouse,806,415,1775552806173
mouse,813,416,1775552806180
mouse,820,417,1775552806187
mouse,825,418,1775552806194
mouse,832,418,1775552806201
mouse,836,419,1775552806208
mouse,840,420,1775552806215
mouse,843,421,1775552806222
mouse,847,421,1775552806229
mouse,850,421,1775552806236
mouse,854,422,1775552806243
mouse,858,422,1775552806250
mouse,862,423,1775552806257
mouse,866,423,1775552806264
mouse,870,424,1775552806272
mouse,872,424,1775552806278
mouse,876,424,1775552806284
mouse,878,424,1775552806291
mouse,880,424,1775552806298
mouse,882,424,1775552806327
mouse,883,424,1775552806347
mouse,884,424,1775552806410
mouse,884,423,1775552806425
mouse,883,422,1775552806716
mouse,881,422,1775552806722
mouse,880,422,1775552806729
mouse,879,421,1775552806736
mouse,877,421,1775552806743
mouse,877,420,1775552806750
mouse,876,419,1775552806758
mouse,875,419,1775552806771
mouse,874,419,1775552806778
mouse,873,418,1775552806792
mouse,872,418,1775552806798
mouse,870,418,1775552806805
mouse,869,418,1775552806812
mouse,867,416,1775552806819
mouse,865,416,1775552806826
mouse,864,415,1775552806833
mouse,862,414,1775552806840
mouse,860,414,1775552806847
mouse,858,414,1775552806854
mouse,857,414,1775552806861
mouse,856,414,1775552806868
mouse,855,414,1775552806875
mouse,855,413,1775552806882
mouse,854,413,1775552806896
mouse,853,413,1775552806904
mouse,851,412,1775552806917
mouse,849,412,1775552806923
mouse,848,412,1775552806930
mouse,847,411,1775552806937
mouse,845,410,1775552806944
mouse,843,410,1775552806951
mouse,841,410,1775552806958
mouse,840,410,1775552806965
mouse,838,409,1775552806972
mouse,836,408,1775552806979
mouse,834,408,1775552806986
mouse,833,408,1775552806989
mouse,832,407,1775552807000
mouse,829,406,1775552807007
mouse,828,406,1775552807014
mouse,825,406,1775552807028
mouse,824,405,1775552807035
mouse,821,404,1775552807042
mouse,818,404,1775552807055
mouse,817,403,1775552807062
mouse,816,402,1775552807069
mouse,813,402,1775552807077
mouse,812,402,1775552807083
mouse,810,401,1775552807090
mouse,809,400,1775552807097
mouse,808,400,1775552807104
mouse,806,400,1775552807111
mouse,804,398,1775552807118
mouse,802,398,1775552807125
mouse,800,397,1775552807133
mouse,798,396,1775552807139
mouse,796,395,1775552807146
mouse,794,394,1775552807153
mouse,792,394,1775552807160
mouse,790,392,1775552807167
mouse,788,392,1775552807173
mouse,784,390,1775552807180
mouse,782,389,1775552807187
mouse,780,388,1775552807194
mouse,777,388,1775552807201
mouse,776,387,1775552807208
mouse,774,386,1775552807215
mouse,772,386,1775552807222
mouse,770,385,1775552807236
mouse,769,384,1775552807243
mouse,768,384,1775552807250
mouse,766,383,1775552807257
mouse,764,382,1775552807264
mouse,763,382,1775552807271
mouse,760,382,1775552807279
mouse,759,381,1775552807284
mouse,756,379,1775552807291
mouse,753,378,1775552807298
mouse,752,378,1775552807305
mouse,750,378,1775552807308
mouse,748,376,1775552807319
mouse,746,374,1775552807326
mouse,744,374,1775552807333
mouse,743,374,1775552807340
mouse,741,373,1775552807347
mouse,737,370,1775552807361
mouse,736,370,1775552807367
mouse,732,369,1775552807375
mouse,729,368,1775552807382
mouse,726,366,1775552807390
mouse,724,365,1775552807397
mouse,722,365,1775552807397
mouse,716,362,1775552807410
mouse,712,361,1775552807416
mouse,709,358,1775552807423
mouse,705,357,1775552807430
mouse,700,354,1775552807437
mouse,696,351,1775552807444
mouse,692,350,1775552807451
mouse,688,347,1775552807458
mouse,685,346,1775552807465
mouse,680,343,1775552807472
mouse,676,341,1775552807479
mouse,672,339,1775552807486
mouse,668,336,1775552807493
mouse,664,334,1775552807500
mouse,659,332,1775552807507
mouse,654,328,1775552807514
mouse,648,325,1775552807521
mouse,643,322,1775552807528
mouse,636,318,1775552807535
mouse,631,314,1775552807541
mouse,627,310,1775552807548
mouse,622,308,1775552807555
mouse,620,306,1775552807562
mouse,617,303,1775552807570
mouse,616,302,1775552807576
mouse,614,300,1775552807583
mouse,613,298,1775552807590
mouse,612,297,1775552807597
mouse,612,295,1775552807604
mouse,612,294,1775552807611
mouse,611,293,1775552807618
mouse,610,291,1775552807625
mouse,610,290,1775552807632
mouse,610,289,1775552807639
mouse,609,288,1775552807646
mouse,608,286,1775552807653
mouse,608,284,1775552807667
mouse,608,282,1775552807675
mouse,607,280,1775552807688
mouse,607,278,1775552807694
mouse,606,277,1775552807702
mouse,606,276,1775552807709
mouse,606,274,1775552807715
mouse,606,271,1775552807722
mouse,606,268,1775552807729
mouse,605,266,1775552807736
mouse,604,265,1775552807739
mouse,604,262,1775552807750
mouse,604,259,1775552807757
mouse,603,258,1775552807764
mouse,602,256,1775552807771
mouse,601,254,1775552807778
mouse,600,251,1775552807785
mouse,600,249,1775552807791
mouse,600,246,1775552807798
mouse,598,245,1775552807805
mouse,598,242,1775552807812
mouse,597,241,1775552807826
mouse,596,239,1775552807833
mouse,596,237,1775552807841
mouse,594,235,1775552807847
mouse,592,234,1775552807854
mouse,592,233,1775552807861
mouse,590,231,1775552807868
mouse,589,229,1775552807875
mouse,587,227,1775552807882
mouse,585,225,1775552807889
mouse,583,222,1775552807896
mouse,580,219,1775552807902
mouse,576,217,1775552807909
mouse,572,213,1775552807916
mouse,568,209,1775552807923
mouse,560,204,1775552807930
mouse,553,199,1775552807937
mouse,542,192,1775552807944
mouse,532,186,1775552807951
mouse,523,181,1775552807958
mouse,513,176,1775552807965
mouse,505,171,1775552807972
mouse,498,167,1775552807979
mouse,492,164,1775552807986
mouse,486,162,1775552807993
mouse,480,159,1775552808000
mouse,476,157,1775552808007
mouse,471,154,1775552808014
mouse,467,151,1775552808021
mouse,463,150,1775552808027
mouse,458,148,1775552808034
mouse,454,146,1775552808041
mouse,450,145,1775552808048
mouse,445,143,1775552808056
mouse,442,142,1775552808062
mouse,438,141,1775552808070
mouse,436,141,1775552808076
mouse,433,141,1775552808083
mouse,432,140,1775552808090
mouse,430,140,1775552808097
mouse,428,139,1775552808104
mouse,427,139,1775552808133
click,427,139,1775552808306
mouse,426,139,1775552808334
mouse,426,140,1775552808363
mouse,425,140,1775552808368
mouse,424,140,1775552808375
mouse,424,141,1775552808382
mouse,422,142,1775552808390
mouse,421,142,1775552808396
mouse,420,143,1775552808403
mouse,418,144,1775552808410
mouse,416,145,1775552808417
mouse,414,146,1775552808423
mouse,412,146,1775552808430
mouse,408,149,1775552808438
mouse,407,150,1775552808444
mouse,404,152,1775552808451
mouse,400,154,1775552808459
mouse,396,156,1775552808465
mouse,392,158,1775552808472
mouse,388,162,1775552808479
mouse,382,164,1775552808486
mouse,376,167,1775552808493
mouse,371,170,1775552808500
mouse,365,174,1775552808507
mouse,360,177,1775552808514
mouse,354,179,1775552808521
mouse,348,183,1775552808529
mouse,343,186,1775552808534
mouse,339,188,1775552808541
mouse,335,191,1775552808548
mouse,330,194,1775552808556
mouse,328,196,1775552808562
mouse,324,199,1775552808570
mouse,320,202,1775552808576
mouse,317,204,1775552808583
mouse,312,206,1775552808590
mouse,311,208,1775552808597
mouse,308,210,1775552808604
mouse,305,212,1775552808611
mouse,303,214,1775552808619
mouse,300,215,1775552808625
mouse,299,217,1775552808632
mouse,298,218,1775552808639
mouse,296,220,1775552808646
mouse,295,221,1775552808653
mouse,294,222,1775552808660
mouse,293,222,1775552808667
mouse,292,224,1775552808674
mouse,291,226,1775552808680
mouse,289,226,1775552808687
mouse,289,227,1775552808694
mouse,287,229,1775552808702
mouse,287,230,1775552808708
mouse,285,231,1775552808715
mouse,284,232,1775552808722
mouse,283,234,1775552808729
mouse,282,236,1775552808736
mouse,281,238,1775552808743
mouse,280,241,1775552808750
mouse,279,243,1775552808757
mouse,277,246,1775552808764
mouse,276,248,1775552808771
mouse,275,250,1775552808778
mouse,274,254,1775552808785
mouse,273,257,1775552808791
mouse,272,260,1775552808798
mouse,272,264,1775552808805
mouse,272,269,1775552808812
mouse,272,274,1775552808819
mouse,272,280,1775552808826
mouse,274,286,1775552808833
mouse,276,294,1775552808840
mouse,278,302,1775552808847
mouse,283,312,1775552808854
mouse,287,322,1775552808861
mouse,291,331,1775552808868
mouse,296,340,1775552808875
mouse,300,346,1775552808882
mouse,303,352,1775552808889
mouse,305,357,1775552808896
mouse,308,360,1775552808903
mouse,309,362,1775552808909
mouse,310,364,1775552808916
mouse,310,366,1775552808923
mouse,311,366,1775552808930
mouse,311,367,1775552808937
mouse,311,368,1775552808944
mouse,311,369,1775552808951
mouse,311,370,1775552808984
mouse,310,370,1775552809069
mouse,310,371,1775552809077
mouse,309,374,1775552809084
mouse,308,375,1775552809104
mouse,308,376,1775552809230
mouse,308,377,1775552809236
mouse,308,379,1775552809243
mouse,305,381,1775552809250
mouse,304,383,1775552809257
mouse,300,386,1775552809271
mouse,299,388,1775552809278
mouse,296,389,1775552809285
mouse,294,391,1775552809299
mouse,292,393,1775552809306
mouse,290,395,1775552809319
mouse,288,397,1775552809327
mouse,288,398,1775552809333
mouse,286,400,1775552809340
mouse,285,402,1775552809347
mouse,284,403,1775552809354
mouse,282,406,1775552809361
mouse,280,407,1775552809368
mouse,278,410,1775552809376
mouse,276,412,1775552809382
mouse,274,414,1775552809389
mouse,272,417,1775552809396
mouse,272,418,1775552809403
mouse,270,419,1775552809410
mouse,269,419,1775552809417
mouse,268,421,1775552809424
mouse,267,422,1775552809430
mouse,266,423,1775552809438
mouse,264,424,1775552809444
mouse,263,426,1775552809452
mouse,262,426,1775552809458
mouse,260,429,1775552809465
mouse,259,430,1775552809472
mouse,258,432,1775552809479
mouse,256,434,1775552809486
mouse,255,436,1775552809493
mouse,254,437,1775552809500
mouse,252,438,1775552809507
mouse,251,441,1775552809514
mouse,249,442,1775552809521
mouse,248,442,1775552809528
mouse,248,444,1775552809536
mouse,247,445,1775552809541
mouse,244,446,1775552809557
mouse,243,446,1775552809562
mouse,242,446,1775552809569
mouse,240,446,1775552809576
mouse,239,446,1775552809591
mouse,237,446,1775552809618
mouse,236,446,1775552809625
mouse,234,445,1775552809653
mouse,233,444,1775552809660
mouse,232,443,1775552809667
mouse,231,442,1775552809674
mouse,230,441,1775552809687
mouse,230,440,1775552809694
mouse,228,439,1775552809701
mouse,227,439,1775552809736
click,227,439,1775552809874
mouse,227,438,1775552809922
mouse,227,436,1775552809931
mouse,228,435,1775552809932
mouse,228,432,1775552809938
mouse,229,429,1775552809944
mouse,231,422,1775552809951
mouse,232,418,1775552809958
mouse,232,411,1775552809965
mouse,232,405,1775552809972
mouse,233,399,1775552809979
mouse,233,393,1775552809986
mouse,233,386,1775552809993
mouse,233,381,1775552810000
mouse,233,374,1775552810007
mouse,233,367,1775552810014
mouse,232,360,1775552810021
mouse,231,351,1775552810028
mouse,229,344,1775552810035
mouse,227,335,1775552810042
mouse,225,329,1775552810048
mouse,224,322,1775552810055
mouse,220,316,1775552810062
mouse,218,310,1775552810069
mouse,215,305,1775552810076
mouse,212,301,1775552810083
mouse,210,297,1775552810090
mouse,208,293,1775552810097
mouse,206,290,1775552810104
mouse,204,287,1775552810111
mouse,202,284,1775552810118
mouse,200,281,1775552810127
mouse,199,278,1775552810132
mouse,197,275,1775552810139
mouse,196,273,1775552810146
mouse,195,269,1775552810153
mouse,192,265,1775552810160
mouse,188,260,1775552810167
mouse,187,256,1775552810173
mouse,184,252,1775552810180
mouse,180,248,1775552810187
mouse,178,245,1775552810194
mouse,175,241,1775552810201
mouse,172,238,1775552810208
mouse,170,234,1775552810215
mouse,167,232,1775552810222
mouse,164,228,1775552810229
mouse,160,225,1775552810236
mouse,156,222,1775552810243
mouse,152,218,1775552810250
mouse,147,214,1775552810257
mouse,143,210,1775552810264
mouse,137,206,1775552810271
mouse,132,203,1775552810278
mouse,127,200,1775552810285
mouse,121,197,1775552810292
mouse,115,193,1775552810298
mouse,109,190,1775552810305
mouse,104,188,1775552810312
mouse,100,186,1775552810319
mouse,96,184,1775552810326
mouse,93,183,1775552810333
mouse,90,182,1775552810340
mouse,88,181,1775552810347
mouse,86,181,1775552810354
mouse,84,179,1775552810361
mouse,83,179,1775552810368
mouse,81,179,1775552810376
mouse,80,179,1775552810382
mouse,79,178,1775552810389
mouse,78,178,1775552810399
mouse,77,178,1775552810418
mouse,75,178,1775552810425
mouse,75,177,1775552810431
mouse,74,177,1775552810438
mouse,73,177,1775552810445
mouse,72,177,1775552810452
mouse,71,177,1775552810460
mouse,70,176,1775552810465
mouse,69,176,1775552810472
mouse,68,175,1775552810479
mouse,66,175,1775552810486
mouse,65,175,1775552810493
mouse,64,175,1775552810500
mouse,63,175,1775552810521
mouse,62,174,1775552810532
mouse,61,174,1775552810552
mouse,60,174,1775552810558
mouse,59,173,1775552810576
mouse,57,173,1775552810583
mouse,56,172,1775552810590
mouse,56,171,1775552810597
mouse,55,171,1775552810604
mouse,53,170,1775552810611
mouse,52,170,1775552810618
mouse,51,169,1775552810625
mouse,49,167,1775552810633
mouse,48,167,1775552810640
mouse,48,166,1775552810646
mouse,46,166,1775552810653
mouse,45,164,1775552810660
mouse,44,163,1775552810666
mouse,43,163,1775552810688
mouse,42,162,1775552810694
mouse,41,162,1775552810727
mouse,40,162,1775552810744
mouse,40,161,1775552810758
